Initialized native services in: C:\Users\dctm1\.gradle\native
Initialized jansi services in: C:\Users\dctm1\.gradle\native
The client will now receive all logging from the daemon (pid: 35556). The daemon log file: C:\Users\dctm1\.gradle\daemon\8.14.3\daemon-35556.out.log
Starting 7th build in daemon [uptime: 43 mins 18.347 secs, performance: 100%, GC rate: 0.00/s, heap usage: 1% of 2 GiB, non-heap usage: 55% of 512 MiB]
Using 12 worker leases.
Now considering [C:\Users\dctm1\YongStudyApp\android, C:\Users\dctm1\YongStudyApp\node_modules\expo-modules-core\expo-module-gradle-plugin, C:\Users\dctm1\YongStudyApp\node_modules\expo-modules-autolinking\android\expo-gradle-plugin, C:\Users\dctm1\YongStudyApp\node_modules\@react-native\gradle-plugin] as hierarchies to watch
Watching the file system is configured to be enabled if available
File system watching is active
Starting Build
Starting process 'command 'node''. Working directory: C:\Users\dctm1\YongStudyApp\android Command: node --print require.resolve('@react-native/gradle-plugin/package.json', { paths: [require.resolve('react-native/package.json')] })
Successfully started process 'command 'node''
Starting process 'command 'node''. Working directory: C:\Users\dctm1\YongStudyApp\android Command: node --print require.resolve('expo-modules-autolinking/package.json', { paths: [require.resolve('expo/package.json')] })
Successfully started process 'command 'node''
Now considering [C:\Users\dctm1\YongStudyApp\node_modules\@react-native\gradle-plugin, C:\Users\dctm1\YongStudyApp\android, C:\Users\dctm1\YongStudyApp\node_modules\expo-modules-core\expo-module-gradle-plugin, C:\Users\dctm1\YongStudyApp\node_modules\expo-modules-autolinking\android\expo-gradle-plugin] as hierarchies to watch
Resolved plugin [id: 'org.gradle.toolchains.foojay-resolver-convention', version: '0.5.0']
Now considering [C:\Users\dctm1\YongStudyApp\node_modules\expo-modules-autolinking\android\expo-gradle-plugin, C:\Users\dctm1\YongStudyApp\node_modules\@react-native\gradle-plugin, C:\Users\dctm1\YongStudyApp\android, C:\Users\dctm1\YongStudyApp\node_modules\expo-modules-core\expo-module-gradle-plugin] as hierarchies to watch

> Configure project :gradle-plugin
Evaluating project ':gradle-plugin' using build file 'C:\Users\dctm1\YongStudyApp\node_modules\@react-native\gradle-plugin\build.gradle.kts'.
Resolved plugin [id: 'org.jetbrains.kotlin.jvm', version: '2.1.20', apply: false]

> Configure project :gradle-plugin:react-native-gradle-plugin
Evaluating project ':gradle-plugin:react-native-gradle-plugin' using build file 'C:\Users\dctm1\YongStudyApp\node_modules\@react-native\gradle-plugin\react-native-gradle-plugin\build.gradle.kts'.
Resolved plugin [id: 'org.jetbrains.kotlin.jvm', version: '2.1.20']
Resolved plugin [id: 'java-gradle-plugin']
Build b86d6ede-ad44-4da6-946c-0524ac5b9454 is started
Using Kotlin Gradle Plugin gradle85 variant
kotlin scripting plugin: created the scripting discovery configuration: kotlinScriptDef
kotlin scripting plugin: created the scripting discovery configuration: testKotlinScriptDef

> Configure project :gradle-plugin:settings-plugin
Evaluating project ':gradle-plugin:settings-plugin' using build file 'C:\Users\dctm1\YongStudyApp\node_modules\@react-native\gradle-plugin\settings-plugin\build.gradle.kts'.
Resolved plugin [id: 'org.jetbrains.kotlin.jvm', version: '2.1.20']
Resolved plugin [id: 'java-gradle-plugin']
Using Kotlin Gradle Plugin gradle85 variant
kotlin scripting plugin: created the scripting discovery configuration: kotlinScriptDef
kotlin scripting plugin: created the scripting discovery configuration: testKotlinScriptDef

> Configure project :gradle-plugin:shared
Evaluating project ':gradle-plugin:shared' using build file 'C:\Users\dctm1\YongStudyApp\node_modules\@react-native\gradle-plugin\shared\build.gradle.kts'.
Resolved plugin [id: 'org.jetbrains.kotlin.jvm', version: '2.1.20']
Using Kotlin Gradle Plugin gradle85 variant
kotlin scripting plugin: created the scripting discovery configuration: kotlinScriptDef
kotlin scripting plugin: created the scripting discovery configuration: testKotlinScriptDef

> Configure project :gradle-plugin:shared-testutil
Evaluating project ':gradle-plugin:shared-testutil' using build file 'C:\Users\dctm1\YongStudyApp\node_modules\@react-native\gradle-plugin\shared-testutil\build.gradle.kts'.
Resolved plugin [id: 'org.jetbrains.kotlin.jvm', version: '2.1.20']
Using Kotlin Gradle Plugin gradle85 variant
kotlin scripting plugin: created the scripting discovery configuration: kotlinScriptDef
kotlin scripting plugin: created the scripting discovery configuration: testKotlinScriptDef
Resolved plugin [id: 'com.facebook.react.settings']

> Configure project :expo-gradle-plugin
Evaluating project ':expo-gradle-plugin' using build file 'C:\Users\dctm1\YongStudyApp\node_modules\expo-modules-autolinking\android\expo-gradle-plugin\build.gradle.kts'.
Resolved plugin [id: 'org.jetbrains.kotlin.jvm', version: '2.1.20', apply: false]
Resolved plugin [id: 'java-gradle-plugin']

> Configure project :expo-gradle-plugin:expo-autolinking-plugin
Evaluating project ':expo-gradle-plugin:expo-autolinking-plugin' using build file 'C:\Users\dctm1\YongStudyApp\node_modules\expo-modules-autolinking\android\expo-gradle-plugin\expo-autolinking-plugin\build.gradle.kts'.
Resolved plugin [id: 'org.jetbrains.kotlin.jvm']
Resolved plugin [id: 'java-gradle-plugin']
Build 2dfbbf74-5e14-4641-960f-70e4ec605e21 is started
Using Kotlin Gradle Plugin gradle85 variant
kotlin scripting plugin: created the scripting discovery configuration: kotlinScriptDef
kotlin scripting plugin: created the scripting discovery configuration: testKotlinScriptDef

> Configure project :expo-gradle-plugin:expo-autolinking-plugin-shared
Evaluating project ':expo-gradle-plugin:expo-autolinking-plugin-shared' using build file 'C:\Users\dctm1\YongStudyApp\node_modules\expo-modules-autolinking\android\expo-gradle-plugin\expo-autolinking-plugin-shared\build.gradle.kts'.
Resolved plugin [id: 'org.jetbrains.kotlin.jvm']
Resolved plugin [id: 'org.jetbrains.kotlin.plugin.serialization', version: '1.9.24']
Using Kotlin Gradle Plugin gradle85 variant
kotlin scripting plugin: created the scripting discovery configuration: kotlinScriptDef
kotlin scripting plugin: created the scripting discovery configuration: testKotlinScriptDef

> Configure project :expo-gradle-plugin:expo-autolinking-settings-plugin
Evaluating project ':expo-gradle-plugin:expo-autolinking-settings-plugin' using build file 'C:\Users\dctm1\YongStudyApp\node_modules\expo-modules-autolinking\android\expo-gradle-plugin\expo-autolinking-settings-plugin\build.gradle.kts'.
Resolved plugin [id: 'org.jetbrains.kotlin.jvm']
Resolved plugin [id: 'java-gradle-plugin']
Using Kotlin Gradle Plugin gradle85 variant
kotlin scripting plugin: created the scripting discovery configuration: kotlinScriptDef
kotlin scripting plugin: created the scripting discovery configuration: testKotlinScriptDef
Resolved plugin [id: 'expo-autolinking-settings']
Resolve mutations for :gradle-plugin:settings-plugin:checkKotlinGradlePluginConfigurationErrors (Thread[included builds Thread 2,5,main]) started.
Resolve mutations for :expo-gradle-plugin:expo-autolinking-settings-plugin:checkKotlinGradlePluginConfigurationErrors (Thread[Execution worker Thread 3,5,main]) started.
Resolve mutations for :expo-gradle-plugin:expo-autolinking-plugin-shared:checkKotlinGradlePluginConfigurationErrors (Thread[Execution worker Thread 2,5,main]) started.
Resolve mutations for :gradle-plugin:shared:checkKotlinGradlePluginConfigurationErrors (Thread[Execution worker,5,main]) started.
:gradle-plugin:settings-plugin:checkKotlinGradlePluginConfigurationErrors (Thread[included builds Thread 2,5,main]) started.
:gradle-plugin:shared:checkKotlinGradlePluginConfigurationErrors (Thread[Execution worker,5,main]) started.
:expo-gradle-plugin:expo-autolinking-plugin-shared:checkKotlinGradlePluginConfigurationErrors (Thread[Execution worker Thread 2,5,main]) started.
:expo-gradle-plugin:expo-autolinking-settings-plugin:checkKotlinGradlePluginConfigurationErrors (Thread[Execution worker Thread 3,5,main]) started.

> Task :gradle-plugin:shared:checkKotlinGradlePluginConfigurationErrors SKIPPED
Skipping task ':gradle-plugin:shared:checkKotlinGradlePluginConfigurationErrors' as task onlyIf 'errorDiagnostics are present' is false.

> Task :expo-gradle-plugin:expo-autolinking-plugin-shared:checkKotlinGradlePluginConfigurationErrors SKIPPED
Skipping task ':expo-gradle-plugin:expo-autolinking-plugin-shared:checkKotlinGradlePluginConfigurationErrors' as task onlyIf 'errorDiagnostics are present' is false.
Resolve mutations for :gradle-plugin:shared:compileKotlin (Thread[Execution worker,5,main]) started.

> Task :expo-gradle-plugin:expo-autolinking-settings-plugin:checkKotlinGradlePluginConfigurationErrors SKIPPED
Skipping task ':expo-gradle-plugin:expo-autolinking-settings-plugin:checkKotlinGradlePluginConfigurationErrors' as task onlyIf 'errorDiagnostics are present' is false.

> Task :gradle-plugin:settings-plugin:checkKotlinGradlePluginConfigurationErrors SKIPPED
Skipping task ':gradle-plugin:settings-plugin:checkKotlinGradlePluginConfigurationErrors' as task onlyIf 'errorDiagnostics are present' is false.
Resolve mutations for :expo-gradle-plugin:expo-autolinking-plugin-shared:compileKotlin (Thread[Execution worker Thread 2,5,main]) started.
Resolve mutations for :gradle-plugin:settings-plugin:pluginDescriptors (Thread[included builds Thread 2,5,main]) started.
Resolve mutations for :expo-gradle-plugin:expo-autolinking-settings-plugin:pluginDescriptors (Thread[Execution worker Thread 3,5,main]) started.
:gradle-plugin:settings-plugin:pluginDescriptors (Thread[included builds Thread 2,5,main]) started.
:gradle-plugin:shared:compileKotlin (Thread[Execution worker Thread 2,5,main]) started.
:expo-gradle-plugin:expo-autolinking-plugin-shared:compileKotlin (Thread[Execution worker Thread 6,5,main]) started.
:expo-gradle-plugin:expo-autolinking-settings-plugin:pluginDescriptors (Thread[Execution worker Thread 3,5,main]) started.

> Task :expo-gradle-plugin:expo-autolinking-settings-plugin:pluginDescriptors UP-TO-DATE
Caching disabled for task ':expo-gradle-plugin:expo-autolinking-settings-plugin:pluginDescriptors' because:
  Build cache is disabled
  Not worth caching
Skipping task ':expo-gradle-plugin:expo-autolinking-settings-plugin:pluginDescriptors' as it is up-to-date.

> Task :gradle-plugin:settings-plugin:pluginDescriptors UP-TO-DATE
Caching disabled for task ':gradle-plugin:settings-plugin:pluginDescriptors' because:
  Build cache is disabled
  Not worth caching
Skipping task ':gradle-plugin:settings-plugin:pluginDescriptors' as it is up-to-date.
Resolve mutations for :expo-gradle-plugin:expo-autolinking-settings-plugin:processResources (Thread[Execution worker Thread 3,5,main]) started.
Resolve mutations for :gradle-plugin:settings-plugin:processResources (Thread[included builds Thread 2,5,main]) started.
:gradle-plugin:settings-plugin:processResources (Thread[included builds Thread 2,5,main]) started.
:expo-gradle-plugin:expo-autolinking-settings-plugin:processResources (Thread[Execution worker Thread 3,5,main]) started.

> Task :gradle-plugin:settings-plugin:processResources UP-TO-DATE
Caching disabled for task ':gradle-plugin:settings-plugin:processResources' because:
  Build cache is disabled
  Not worth caching
Skipping task ':gradle-plugin:settings-plugin:processResources' as it is up-to-date.

> Task :expo-gradle-plugin:expo-autolinking-settings-plugin:processResources UP-TO-DATE
Caching disabled for task ':expo-gradle-plugin:expo-autolinking-settings-plugin:processResources' because:
  Build cache is disabled
  Not worth caching
Skipping task ':expo-gradle-plugin:expo-autolinking-settings-plugin:processResources' as it is up-to-date.

> Task :gradle-plugin:shared:compileKotlin UP-TO-DATE
Caching disabled for task ':gradle-plugin:shared:compileKotlin' because:
  Build cache is disabled
Skipping task ':gradle-plugin:shared:compileKotlin' as it is up-to-date.
Resolve mutations for :gradle-plugin:shared:compileJava (Thread[Execution worker Thread 2,5,main]) started.
:gradle-plugin:shared:compileJava (Thread[Execution worker Thread 2,5,main]) started.

> Task :expo-gradle-plugin:expo-autolinking-plugin-shared:compileKotlin UP-TO-DATE
Caching disabled for task ':expo-gradle-plugin:expo-autolinking-plugin-shared:compileKotlin' because:
  Build cache is disabled
Skipping task ':expo-gradle-plugin:expo-autolinking-plugin-shared:compileKotlin' as it is up-to-date.
Resolve mutations for :expo-gradle-plugin:expo-autolinking-plugin-shared:compileJava (Thread[Execution worker Thread 6,5,main]) started.
:expo-gradle-plugin:expo-autolinking-plugin-shared:compileJava (Thread[Execution worker Thread 6,5,main]) started.

> Task :gradle-plugin:shared:compileJava NO-SOURCE
Skipping task ':gradle-plugin:shared:compileJava' as it has no source files and no previous output files.
Resolve mutations for :gradle-plugin:shared:processResources (Thread[Execution worker Thread 2,5,main]) started.
:gradle-plugin:shared:processResources (Thread[Execution worker Thread 2,5,main]) started.

> Task :expo-gradle-plugin:expo-autolinking-plugin-shared:compileJava NO-SOURCE
Skipping task ':expo-gradle-plugin:expo-autolinking-plugin-shared:compileJava' as it has no source files and no previous output files.
Resolve mutations for :expo-gradle-plugin:expo-autolinking-plugin-shared:processResources (Thread[Execution worker Thread 6,5,main]) started.

> Task :gradle-plugin:shared:processResources NO-SOURCE
Skipping task ':gradle-plugin:shared:processResources' as it has no source files and no previous output files.
Resolve mutations for :gradle-plugin:shared:classes (Thread[Execution worker Thread 2,5,main]) started.
:expo-gradle-plugin:expo-autolinking-plugin-shared:processResources (Thread[Execution worker Thread 6,5,main]) started.
:gradle-plugin:shared:classes (Thread[Execution worker Thread 2,5,main]) started.

> Task :gradle-plugin:shared:classes UP-TO-DATE
Skipping task ':gradle-plugin:shared:classes' as it has no actions.
Resolve mutations for :gradle-plugin:shared:jar (Thread[Execution worker Thread 2,5,main]) started.
:gradle-plugin:shared:jar (Thread[Execution worker Thread 2,5,main]) started.

> Task :expo-gradle-plugin:expo-autolinking-plugin-shared:processResources NO-SOURCE
Skipping task ':expo-gradle-plugin:expo-autolinking-plugin-shared:processResources' as it has no source files and no previous output files.
Resolve mutations for :expo-gradle-plugin:expo-autolinking-plugin-shared:classes (Thread[Execution worker Thread 6,5,main]) started.
:expo-gradle-plugin:expo-autolinking-plugin-shared:classes (Thread[Execution worker Thread 6,5,main]) started.

> Task :expo-gradle-plugin:expo-autolinking-plugin-shared:classes UP-TO-DATE
Skipping task ':expo-gradle-plugin:expo-autolinking-plugin-shared:classes' as it has no actions.
Resolve mutations for :expo-gradle-plugin:expo-autolinking-plugin-shared:jar (Thread[Execution worker Thread 6,5,main]) started.
:expo-gradle-plugin:expo-autolinking-plugin-shared:jar (Thread[Execution worker Thread 6,5,main]) started.

> Task :gradle-plugin:shared:jar UP-TO-DATE
Caching disabled for task ':gradle-plugin:shared:jar' because:
  Build cache is disabled
  Not worth caching
Skipping task ':gradle-plugin:shared:jar' as it is up-to-date.
work action resolve shared.jar (project :gradle-plugin:shared) (Thread[Execution worker Thread 2,5,main]) started.
Resolve mutations for :gradle-plugin:settings-plugin:compileKotlin (Thread[Execution worker Thread 2,5,main]) started.
:gradle-plugin:settings-plugin:compileKotlin (Thread[Execution worker Thread 2,5,main]) started.

> Task :expo-gradle-plugin:expo-autolinking-plugin-shared:jar UP-TO-DATE
Caching disabled for task ':expo-gradle-plugin:expo-autolinking-plugin-shared:jar' because:
  Build cache is disabled
  Not worth caching
Skipping task ':expo-gradle-plugin:expo-autolinking-plugin-shared:jar' as it is up-to-date.
work action resolve expo-autolinking-plugin-shared-1.0.jar (project :expo-gradle-plugin:expo-autolinking-plugin-shared) (Thread[Execution worker Thread 6,5,main]) started.
Resolve mutations for :expo-gradle-plugin:expo-autolinking-settings-plugin:compileKotlin (Thread[Execution worker Thread 6,5,main]) started.
:expo-gradle-plugin:expo-autolinking-settings-plugin:compileKotlin (Thread[Execution worker Thread 6,5,main]) started.

> Task :gradle-plugin:settings-plugin:compileKotlin UP-TO-DATE
Caching disabled for task ':gradle-plugin:settings-plugin:compileKotlin' because:
  Build cache is disabled
Skipping task ':gradle-plugin:settings-plugin:compileKotlin' as it is up-to-date.
Resolve mutations for :gradle-plugin:settings-plugin:compileJava (Thread[Execution worker Thread 2,5,main]) started.
:gradle-plugin:settings-plugin:compileJava (Thread[Execution worker Thread 2,5,main]) started.

> Task :gradle-plugin:settings-plugin:compileJava NO-SOURCE
Skipping task ':gradle-plugin:settings-plugin:compileJava' as it has no source files and no previous output files.
Resolve mutations for :gradle-plugin:settings-plugin:classes (Thread[Execution worker Thread 2,5,main]) started.
:gradle-plugin:settings-plugin:classes (Thread[Execution worker Thread 2,5,main]) started.

> Task :gradle-plugin:settings-plugin:classes UP-TO-DATE
Skipping task ':gradle-plugin:settings-plugin:classes' as it has no actions.
Resolve mutations for :gradle-plugin:settings-plugin:jar (Thread[Execution worker Thread 2,5,main]) started.
:gradle-plugin:settings-plugin:jar (Thread[Execution worker Thread 2,5,main]) started.

> Task :gradle-plugin:settings-plugin:jar UP-TO-DATE
Caching disabled for task ':gradle-plugin:settings-plugin:jar' because:
  Build cache is disabled
  Not worth caching
Skipping task ':gradle-plugin:settings-plugin:jar' as it is up-to-date.

> Task :expo-gradle-plugin:expo-autolinking-settings-plugin:compileKotlin UP-TO-DATE
Caching disabled for task ':expo-gradle-plugin:expo-autolinking-settings-plugin:compileKotlin' because:
  Build cache is disabled
Skipping task ':expo-gradle-plugin:expo-autolinking-settings-plugin:compileKotlin' as it is up-to-date.
Resolve mutations for :expo-gradle-plugin:expo-autolinking-settings-plugin:compileJava (Thread[Execution worker Thread 6,5,main]) started.
:expo-gradle-plugin:expo-autolinking-settings-plugin:compileJava (Thread[Execution worker Thread 6,5,main]) started.

> Task :expo-gradle-plugin:expo-autolinking-settings-plugin:compileJava NO-SOURCE
Skipping task ':expo-gradle-plugin:expo-autolinking-settings-plugin:compileJava' as it has no source files and no previous output files.
Resolve mutations for :expo-gradle-plugin:expo-autolinking-settings-plugin:classes (Thread[Execution worker Thread 6,5,main]) started.
:expo-gradle-plugin:expo-autolinking-settings-plugin:classes (Thread[Execution worker Thread 6,5,main]) started.

> Task :expo-gradle-plugin:expo-autolinking-settings-plugin:classes UP-TO-DATE
Skipping task ':expo-gradle-plugin:expo-autolinking-settings-plugin:classes' as it has no actions.
Resolve mutations for :expo-gradle-plugin:expo-autolinking-settings-plugin:jar (Thread[Execution worker Thread 6,5,main]) started.
:expo-gradle-plugin:expo-autolinking-settings-plugin:jar (Thread[Execution worker Thread 6,5,main]) started.

> Task :expo-gradle-plugin:expo-autolinking-settings-plugin:jar UP-TO-DATE
Caching disabled for task ':expo-gradle-plugin:expo-autolinking-settings-plugin:jar' because:
  Build cache is disabled
  Not worth caching
Skipping task ':expo-gradle-plugin:expo-autolinking-settings-plugin:jar' as it is up-to-date.
Starting process 'command 'node''. Working directory: C:\Users\dctm1\YongStudyApp\android Command: node --print require.resolve('expo-modules-autolinking/package.json', { paths: [require.resolve('expo/package.json')] })
Successfully started process 'command 'node''
Starting process 'command 'cmd''. Working directory: C:\Users\dctm1\YongStudyApp\android Command: cmd /c node --no-warnings --eval require('expo/bin/autolinking') expo-modules-autolinking resolve --platform android --json
Successfully started process 'command 'cmd''
Starting process 'command 'node''. Working directory: C:\Users\dctm1\YongStudyApp\android Command: node --print require.resolve('react-native/package.json')
Successfully started process 'command 'node''
Starting process 'command 'node''. Working directory: C:\Users\dctm1\YongStudyApp\android Command: node --print require.resolve('@react-native/gradle-plugin/package.json', { paths: [require.resolve('react-native/package.json')] })
Successfully started process 'command 'node''
Settings evaluated using settings file 'C:\Users\dctm1\YongStudyApp\android\settings.gradle'.
Now considering [C:\Users\dctm1\YongStudyApp\node_modules\expo-modules-core\expo-module-gradle-plugin, C:\Users\dctm1\YongStudyApp\node_modules\expo-modules-autolinking\android\expo-gradle-plugin, C:\Users\dctm1\YongStudyApp\node_modules\@react-native\gradle-plugin, C:\Users\dctm1\YongStudyApp\android] as hierarchies to watch
Projects loaded. Root project using build file 'C:\Users\dctm1\YongStudyApp\android\build.gradle'.
Included projects: [root project 'Yong Study', project ':app', project ':expo', project ':expo-constants', project ':expo-modules-core', project ':react-native-async-storage_async-storage', project ':react-native-gesture-handler', project ':react-native-pager-view', project ':react-native-safe-area-context', project ':react-native-screens', project ':react-native-webview']
Registering project ':expo-gradle-plugin' in composite build. Will substitute for module ':expo-gradle-plugin'.
Registering project ':expo-gradle-plugin:expo-autolinking-plugin' in composite build. Will substitute for module 'expo.modules:expo-autolinking-plugin'.
Registering project ':expo-gradle-plugin:expo-autolinking-plugin-shared' in composite build. Will substitute for module 'expo.modules:expo-autolinking-plugin-shared'.
Registering project ':expo-gradle-plugin:expo-autolinking-settings-plugin' in composite build. Will substitute for module 'expo.modules:expo-autolinking-settings-plugin'.

> Configure project :expo-module-gradle-plugin
Evaluating project ':expo-module-gradle-plugin' using build file 'C:\Users\dctm1\YongStudyApp\node_modules\expo-modules-core\expo-module-gradle-plugin\build.gradle.kts'.
Resolved plugin [id: 'org.jetbrains.kotlin.jvm', version: '2.1.20']
Resolved plugin [id: 'java-gradle-plugin']
Build 57d1b6fe-6225-42d4-af29-a81ced6b5c8a is started
Using Kotlin Gradle Plugin gradle85 variant
kotlin scripting plugin: created the scripting discovery configuration: kotlinScriptDef
kotlin scripting plugin: created the scripting discovery configuration: testKotlinScriptDef
Registering project ':expo-module-gradle-plugin' in composite build. Will substitute for module 'expo.modules:expo-module-gradle-plugin'.
Registering project ':gradle-plugin' in composite build. Will substitute for module ':gradle-plugin-root'.
Registering project ':gradle-plugin:react-native-gradle-plugin' in composite build. Will substitute for module 'com.facebook.react:react-native-gradle-plugin'.
Registering project ':gradle-plugin:settings-plugin' in composite build. Will substitute for module 'com.facebook.react:settings-plugin'.
Registering project ':gradle-plugin:shared' in composite build. Will substitute for module 'com.facebook.react:shared'.
Registering project ':gradle-plugin:shared-testutil' in composite build. Will substitute for module 'com.facebook.react:shared-testutil'.
work action resolve expo-autolinking-plugin-shared-1.0.jar (project :expo-gradle-plugin:expo-autolinking-plugin-shared) (Thread[Execution worker Thread 10,5,main]) started.
Resolve mutations for :gradle-plugin:react-native-gradle-plugin:checkKotlinGradlePluginConfigurationErrors (Thread[Execution worker Thread 4,5,main]) started.
:gradle-plugin:react-native-gradle-plugin:checkKotlinGradlePluginConfigurationErrors (Thread[Execution worker Thread 4,5,main]) started.

> Task :expo-gradle-plugin:expo-autolinking-plugin:checkKotlinGradlePluginConfigurationErrors SKIPPED
Skipping task ':expo-gradle-plugin:expo-autolinking-plugin:checkKotlinGradlePluginConfigurationErrors' as task onlyIf 'errorDiagnostics are present' is false.

> Task :gradle-plugin:react-native-gradle-plugin:checkKotlinGradlePluginConfigurationErrors SKIPPED
Skipping task ':gradle-plugin:react-native-gradle-plugin:checkKotlinGradlePluginConfigurationErrors' as task onlyIf 'errorDiagnostics are present' is false.
Resolve mutations for :gradle-plugin:react-native-gradle-plugin:compileKotlin (Thread[Execution worker Thread 4,5,main]) started.
:gradle-plugin:react-native-gradle-plugin:compileKotlin (Thread[Execution worker Thread 4,5,main]) started.

> Task :expo-module-gradle-plugin:checkKotlinGradlePluginConfigurationErrors SKIPPED
Skipping task ':expo-module-gradle-plugin:checkKotlinGradlePluginConfigurationErrors' as task onlyIf 'errorDiagnostics are present' is false.

> Task :expo-module-gradle-plugin:pluginDescriptors UP-TO-DATE
Caching disabled for task ':expo-module-gradle-plugin:pluginDescriptors' because:
  Build cache is disabled
  Not worth caching
Skipping task ':expo-module-gradle-plugin:pluginDescriptors' as it is up-to-date.

> Task :expo-module-gradle-plugin:processResources UP-TO-DATE
Caching disabled for task ':expo-module-gradle-plugin:processResources' because:
  Build cache is disabled
  Not worth caching
Skipping task ':expo-module-gradle-plugin:processResources' as it is up-to-date.

> Task :expo-gradle-plugin:expo-autolinking-plugin:compileKotlin UP-TO-DATE
Caching disabled for task ':expo-gradle-plugin:expo-autolinking-plugin:compileKotlin' because:
  Build cache is disabled
Skipping task ':expo-gradle-plugin:expo-autolinking-plugin:compileKotlin' as it is up-to-date.

> Task :expo-gradle-plugin:expo-autolinking-plugin:compileJava NO-SOURCE
Skipping task ':expo-gradle-plugin:expo-autolinking-plugin:compileJava' as it has no source files and no previous output files.

> Task :expo-gradle-plugin:expo-autolinking-plugin:pluginDescriptors UP-TO-DATE
Caching disabled for task ':expo-gradle-plugin:expo-autolinking-plugin:pluginDescriptors' because:
  Build cache is disabled
  Not worth caching
Skipping task ':expo-gradle-plugin:expo-autolinking-plugin:pluginDescriptors' as it is up-to-date.

> Task :gradle-plugin:react-native-gradle-plugin:compileKotlin UP-TO-DATE
Caching disabled for task ':gradle-plugin:react-native-gradle-plugin:compileKotlin' because:
  Build cache is disabled
Skipping task ':gradle-plugin:react-native-gradle-plugin:compileKotlin' as it is up-to-date.
Resolve mutations for :gradle-plugin:react-native-gradle-plugin:compileJava (Thread[Execution worker Thread 4,5,main]) started.
other build task :gradle-plugin:react-native-gradle-plugin:compileKotlin (Thread[Execution worker Thread 5,5,main]) started.
:gradle-plugin:react-native-gradle-plugin:compileJava (Thread[Execution worker Thread 4,5,main]) started.

> Task :gradle-plugin:react-native-gradle-plugin:compileJava NO-SOURCE
Skipping task ':gradle-plugin:react-native-gradle-plugin:compileJava' as it has no source files and no previous output files.
Resolve mutations for :gradle-plugin:react-native-gradle-plugin:pluginDescriptors (Thread[Execution worker Thread 4,5,main]) started.
other build task :gradle-plugin:react-native-gradle-plugin:compileJava (Thread[Execution worker Thread 5,5,main]) started.
:gradle-plugin:react-native-gradle-plugin:pluginDescriptors (Thread[Execution worker Thread 4,5,main]) started.

> Task :expo-gradle-plugin:expo-autolinking-plugin:processResources UP-TO-DATE
Caching disabled for task ':expo-gradle-plugin:expo-autolinking-plugin:processResources' because:
  Build cache is disabled
  Not worth caching
Skipping task ':expo-gradle-plugin:expo-autolinking-plugin:processResources' as it is up-to-date.

> Task :expo-gradle-plugin:expo-autolinking-plugin:classes UP-TO-DATE
Skipping task ':expo-gradle-plugin:expo-autolinking-plugin:classes' as it has no actions.

> Task :gradle-plugin:react-native-gradle-plugin:pluginDescriptors UP-TO-DATE
Caching disabled for task ':gradle-plugin:react-native-gradle-plugin:pluginDescriptors' because:
  Build cache is disabled
  Not worth caching
Skipping task ':gradle-plugin:react-native-gradle-plugin:pluginDescriptors' as it is up-to-date.
Resolve mutations for :gradle-plugin:react-native-gradle-plugin:processResources (Thread[Execution worker Thread 4,5,main]) started.
:gradle-plugin:react-native-gradle-plugin:processResources (Thread[Execution worker Thread 4,5,main]) started.

> Task :gradle-plugin:react-native-gradle-plugin:processResources UP-TO-DATE
Caching disabled for task ':gradle-plugin:react-native-gradle-plugin:processResources' because:
  Build cache is disabled
  Not worth caching
Skipping task ':gradle-plugin:react-native-gradle-plugin:processResources' as it is up-to-date.
Resolve mutations for :gradle-plugin:react-native-gradle-plugin:classes (Thread[Execution worker Thread 4,5,main]) started.
:gradle-plugin:react-native-gradle-plugin:classes (Thread[Execution worker Thread 4,5,main]) started.

> Task :gradle-plugin:react-native-gradle-plugin:classes UP-TO-DATE
Skipping task ':gradle-plugin:react-native-gradle-plugin:classes' as it has no actions.
Resolve mutations for :gradle-plugin:react-native-gradle-plugin:jar (Thread[Execution worker Thread 4,5,main]) started.
:gradle-plugin:react-native-gradle-plugin:jar (Thread[Execution worker Thread 4,5,main]) started.

> Task :expo-gradle-plugin:expo-autolinking-plugin:jar UP-TO-DATE
Caching disabled for task ':expo-gradle-plugin:expo-autolinking-plugin:jar' because:
  Build cache is disabled
  Not worth caching
Skipping task ':expo-gradle-plugin:expo-autolinking-plugin:jar' as it is up-to-date.

> Task :gradle-plugin:react-native-gradle-plugin:jar UP-TO-DATE
Caching disabled for task ':gradle-plugin:react-native-gradle-plugin:jar' because:
  Build cache is disabled
  Not worth caching
Skipping task ':gradle-plugin:react-native-gradle-plugin:jar' as it is up-to-date.
work action resolve main (project :gradle-plugin:react-native-gradle-plugin) (Thread[Execution worker Thread 4,5,main]) started.
work action resolve main (project :gradle-plugin:react-native-gradle-plugin) (Thread[Execution worker Thread 4,5,main]) started.
Resolve mutations for :expo-module-gradle-plugin:compileKotlin (Thread[Execution worker Thread 4,5,main]) started.
:expo-module-gradle-plugin:compileKotlin (Thread[Execution worker Thread 4,5,main]) started.

> Task :expo-module-gradle-plugin:compileKotlin UP-TO-DATE
Caching disabled for task ':expo-module-gradle-plugin:compileKotlin' because:
  Build cache is disabled
Skipping task ':expo-module-gradle-plugin:compileKotlin' as it is up-to-date.
Resolve mutations for :expo-module-gradle-plugin:compileJava (Thread[Execution worker Thread 4,5,main]) started.
:expo-module-gradle-plugin:compileJava (Thread[Execution worker Thread 4,5,main]) started.

> Task :expo-module-gradle-plugin:compileJava NO-SOURCE
Skipping task ':expo-module-gradle-plugin:compileJava' as it has no source files and no previous output files.
Resolve mutations for :expo-module-gradle-plugin:classes (Thread[Execution worker Thread 4,5,main]) started.
:expo-module-gradle-plugin:classes (Thread[Execution worker Thread 4,5,main]) started.

> Task :expo-module-gradle-plugin:classes UP-TO-DATE
Skipping task ':expo-module-gradle-plugin:classes' as it has no actions.
Resolve mutations for :expo-module-gradle-plugin:jar (Thread[Execution worker Thread 4,5,main]) started.
:expo-module-gradle-plugin:jar (Thread[Execution worker Thread 4,5,main]) started.

> Task :expo-module-gradle-plugin:jar UP-TO-DATE
Caching disabled for task ':expo-module-gradle-plugin:jar' because:
  Build cache is disabled
  Not worth caching
Skipping task ':expo-module-gradle-plugin:jar' as it is up-to-date.

> Configure project :app
Evaluating project ':app' using build file 'C:\Users\dctm1\YongStudyApp\android\app\build.gradle'.
Using default execution profile
Build 2df67345-0b49-4460-b296-73aa7e0239dc is started
Using Kotlin Gradle Plugin gradle85 variant
C/C++: android.ndkVersion from module build.gradle is [27.1.12297006]
C/C++: android.ndkPath from module build.gradle is not set
C/C++: ndk.dir in local.properties is not set
C/C++: Not considering ANDROID_NDK_HOME because support was removed after deprecation period.
C/C++: sdkFolder is C:\Users\dctm1\AppData\Local\Android\Sdk
C/C++: android.ndkVersion from module build.gradle is [27.1.12297006]
C/C++: android.ndkPath from module build.gradle is not set
C/C++: ndk.dir in local.properties is not set
C/C++: Not considering ANDROID_NDK_HOME because support was removed after deprecation period.
C/C++: sdkFolder is C:\Users\dctm1\AppData\Local\Android\Sdk
C/C++: android.ndkVersion from module build.gradle is [27.1.12297006]
C/C++: android.ndkPath from module build.gradle is not set
C/C++: ndk.dir in local.properties is not set
C/C++: Not considering ANDROID_NDK_HOME because support was removed after deprecation period.
C/C++: sdkFolder is C:\Users\dctm1\AppData\Local\Android\Sdk
C/C++: android.ndkVersion from module build.gradle is [27.1.12297006]
C/C++: android.ndkPath from module build.gradle is not set
C/C++: ndk.dir in local.properties is not set
C/C++: Not considering ANDROID_NDK_HOME because support was removed after deprecation period.
C/C++: sdkFolder is C:\Users\dctm1\AppData\Local\Android\Sdk
C/C++: android.ndkVersion from module build.gradle is [27.1.12297006]
C/C++: android.ndkPath from module build.gradle is not set
C/C++: ndk.dir in local.properties is not set
C/C++: Not considering ANDROID_NDK_HOME because support was removed after deprecation period.
C/C++: sdkFolder is C:\Users\dctm1\AppData\Local\Android\Sdk
C/C++: android.ndkVersion from module build.gradle is [27.1.12297006]
C/C++: android.ndkPath from module build.gradle is not set
C/C++: ndk.dir in local.properties is not set
C/C++: Not considering ANDROID_NDK_HOME because support was removed after deprecation period.
C/C++: sdkFolder is C:\Users\dctm1\AppData\Local\Android\Sdk
C/C++: android.ndkVersion from module build.gradle is [27.1.12297006]
C/C++: android.ndkPath from module build.gradle is not set
C/C++: ndk.dir in local.properties is not set
C/C++: Not considering ANDROID_NDK_HOME because support was removed after deprecation period.
C/C++: sdkFolder is C:\Users\dctm1\AppData\Local\Android\Sdk
C/C++: android.ndkVersion from module build.gradle is [27.1.12297006]
C/C++: android.ndkPath from module build.gradle is not set
C/C++: ndk.dir in local.properties is not set
C/C++: Not considering ANDROID_NDK_HOME because support was removed after deprecation period.
C/C++: sdkFolder is C:\Users\dctm1\AppData\Local\Android\Sdk
C/C++: android.ndkVersion from module build.gradle is [27.1.12297006]
C/C++: android.ndkPath from module build.gradle is not set
C/C++: ndk.dir in local.properties is not set
C/C++: Not considering ANDROID_NDK_HOME because support was removed after deprecation period.
C/C++: sdkFolder is C:\Users\dctm1\AppData\Local\Android\Sdk
C/C++: android.ndkVersion from module build.gradle is [27.1.12297006]
C/C++: android.ndkPath from module build.gradle is not set
C/C++: ndk.dir in local.properties is not set
C/C++: Not considering ANDROID_NDK_HOME because support was removed after deprecation period.
C/C++: sdkFolder is C:\Users\dctm1\AppData\Local\Android\Sdk
C/C++: android.ndkVersion from module build.gradle is [27.1.12297006]
C/C++: android.ndkPath from module build.gradle is not set
C/C++: ndk.dir in local.properties is not set
C/C++: Not considering ANDROID_NDK_HOME because support was removed after deprecation period.
C/C++: sdkFolder is C:\Users\dctm1\AppData\Local\Android\Sdk
C/C++: android.ndkVersion from module build.gradle is [27.1.12297006]
C/C++: android.ndkPath from module build.gradle is not set
C/C++: ndk.dir in local.properties is not set
C/C++: Not considering ANDROID_NDK_HOME because support was removed after deprecation period.
C/C++: sdkFolder is C:\Users\dctm1\AppData\Local\Android\Sdk
C/C++: android.ndkVersion from module build.gradle is [27.1.12297006]
C/C++: android.ndkPath from module build.gradle is not set
C/C++: ndk.dir in local.properties is not set
C/C++: Not considering ANDROID_NDK_HOME because support was removed after deprecation period.
C/C++: sdkFolder is C:\Users\dctm1\AppData\Local\Android\Sdk
C/C++: android.ndkVersion from module build.gradle is [27.1.12297006]
C/C++: android.ndkPath from module build.gradle is not set
C/C++: ndk.dir in local.properties is not set
C/C++: Not considering ANDROID_NDK_HOME because support was removed after deprecation period.
C/C++: sdkFolder is C:\Users\dctm1\AppData\Local\Android\Sdk
C/C++: android.ndkVersion from module build.gradle is [27.1.12297006]
C/C++: android.ndkPath from module build.gradle is not set
C/C++: ndk.dir in local.properties is not set
C/C++: Not considering ANDROID_NDK_HOME because support was removed after deprecation period.
C/C++: sdkFolder is C:\Users\dctm1\AppData\Local\Android\Sdk
C/C++: android.ndkVersion from module build.gradle is [27.1.12297006]
C/C++: android.ndkPath from module build.gradle is not set
C/C++: ndk.dir in local.properties is not set
C/C++: Not considering ANDROID_NDK_HOME because support was removed after deprecation period.
C/C++: sdkFolder is C:\Users\dctm1\AppData\Local\Android\Sdk
C/C++: android.ndkVersion from module build.gradle is [27.1.12297006]
C/C++: android.ndkPath from module build.gradle is not set
C/C++: ndk.dir in local.properties is not set
C/C++: Not considering ANDROID_NDK_HOME because support was removed after deprecation period.
C/C++: sdkFolder is C:\Users\dctm1\AppData\Local\Android\Sdk
C/C++: android.ndkVersion from module build.gradle is [27.1.12297006]
C/C++: android.ndkPath from module build.gradle is not set
C/C++: ndk.dir in local.properties is not set
C/C++: Not considering ANDROID_NDK_HOME because support was removed after deprecation period.
C/C++: sdkFolder is C:\Users\dctm1\AppData\Local\Android\Sdk
C/C++: android.ndkVersion from module build.gradle is [27.1.12297006]
C/C++: android.ndkPath from module build.gradle is not set
C/C++: ndk.dir in local.properties is not set
C/C++: Not considering ANDROID_NDK_HOME because support was removed after deprecation period.
C/C++: sdkFolder is C:\Users\dctm1\AppData\Local\Android\Sdk

> Configure project :
Evaluating root project 'Yong Study' using build file 'C:\Users\dctm1\YongStudyApp\android\build.gradle'.
Found project 'project :expo-gradle-plugin:expo-autolinking-plugin' as substitute for module 'expo.modules:expo-autolinking-plugin'.
Found project 'project :expo-module-gradle-plugin' as substitute for module 'expo.modules:expo-module-gradle-plugin'.
Found project 'project :gradle-plugin:react-native-gradle-plugin' as substitute for module 'com.facebook.react:react-native-gradle-plugin'.
Found project 'project :expo-gradle-plugin:expo-autolinking-plugin-shared' as substitute for module 'expo.modules:expo-autolinking-plugin-shared'.
Found project 'project :gradle-plugin:react-native-gradle-plugin' as substitute for module 'com.facebook.react:react-native-gradle-plugin'.
Found project 'project :expo-gradle-plugin:expo-autolinking-plugin-shared' as substitute for module 'expo.modules:expo-autolinking-plugin-shared'.
Ignoring listeners of task graph ready event, as this build (:expo-gradle-plugin) has already executed work.
Ignoring listeners of task graph ready event, as this build (:gradle-plugin) has already executed work.
Resolve mutations for :expo-module-gradle-plugin:checkKotlinGradlePluginConfigurationErrors (Thread[included builds Thread 2,5,main]) started.
Resolve mutations for :expo-gradle-plugin:expo-autolinking-plugin:checkKotlinGradlePluginConfigurationErrors (Thread[included builds,5,main]) started.
:expo-module-gradle-plugin:checkKotlinGradlePluginConfigurationErrors (Thread[included builds Thread 2,5,main]) started.
:expo-gradle-plugin:expo-autolinking-plugin:checkKotlinGradlePluginConfigurationErrors (Thread[included builds,5,main]) started.
Resolve mutations for :expo-gradle-plugin:expo-autolinking-plugin:compileKotlin (Thread[included builds,5,main]) started.
:expo-gradle-plugin:expo-autolinking-plugin:compileKotlin (Thread[included builds,5,main]) started.
Resolve mutations for :expo-module-gradle-plugin:pluginDescriptors (Thread[included builds Thread 2,5,main]) started.
:expo-module-gradle-plugin:pluginDescriptors (Thread[included builds Thread 2,5,main]) started.
Resolve mutations for :expo-module-gradle-plugin:processResources (Thread[included builds Thread 2,5,main]) started.
:expo-module-gradle-plugin:processResources (Thread[included builds Thread 2,5,main]) started.
Resolve mutations for :expo-gradle-plugin:expo-autolinking-plugin:compileJava (Thread[included builds,5,main]) started.
:expo-gradle-plugin:expo-autolinking-plugin:compileJava (Thread[included builds,5,main]) started.
Resolve mutations for :expo-gradle-plugin:expo-autolinking-plugin:pluginDescriptors (Thread[included builds,5,main]) started.
:expo-gradle-plugin:expo-autolinking-plugin:pluginDescriptors (Thread[included builds,5,main]) started.
Resolve mutations for :expo-gradle-plugin:expo-autolinking-plugin:processResources (Thread[included builds,5,main]) started.
:expo-gradle-plugin:expo-autolinking-plugin:processResources (Thread[included builds,5,main]) started.
Resolve mutations for :expo-gradle-plugin:expo-autolinking-plugin:classes (Thread[included builds,5,main]) started.
:expo-gradle-plugin:expo-autolinking-plugin:classes (Thread[included builds,5,main]) started.
Resolve mutations for :expo-gradle-plugin:expo-autolinking-plugin:jar (Thread[included builds,5,main]) started.
:expo-gradle-plugin:expo-autolinking-plugin:jar (Thread[included builds,5,main]) started.
[32m[ExpoRootProject][0m Using the following versions:
  - buildTools:  [32m36.0.0[0m
  - minSdk:      [32m24[0m
  - compileSdk:  [32m36[0m
  - targetSdk:   [32m36[0m
  - ndk:         [32m27.1.12297006[0m
  - kotlin:      [32m2.1.20[0m
  - ksp:         [32m2.1.20-2.0.1[0m

> Configure project :expo-constants
Evaluating project ':expo-constants' using build file 'C:\Users\dctm1\YongStudyApp\node_modules\expo-constants\android\build.gradle'.
Resolved plugin [id: 'com.android.library']
Resolved plugin [id: 'expo-module-gradle-plugin']
Using default execution profile
Using Kotlin Gradle Plugin gradle85 variant
Starting process 'command 'node''. Working directory: C:\Users\dctm1\YongStudyApp\node_modules\expo-constants\android Command: node -e console.log(require('path').dirname(require.resolve('expo-constants/package.json')));
Successfully started process 'command 'node''

> Configure project :expo-modules-core
Evaluating project ':expo-modules-core' using build file 'C:\Users\dctm1\YongStudyApp\node_modules\expo-modules-core\android\build.gradle'.
Using default execution profile
Using Kotlin Gradle Plugin gradle85 variant
Starting process 'command 'node''. Working directory: C:\Users\dctm1\YongStudyApp\android Command: node --print require.resolve('react-native/package.json')
Successfully started process 'command 'node''
C/C++: android.ndkVersion from module build.gradle is [27.1.12297006]
C/C++: android.ndkPath from module build.gradle is not set
C/C++: ndk.dir in local.properties is not set
C/C++: Not considering ANDROID_NDK_HOME because support was removed after deprecation period.
C/C++: sdkFolder is C:\Users\dctm1\AppData\Local\Android\Sdk
C/C++: android.ndkVersion from module build.gradle is [27.1.12297006]
C/C++: android.ndkPath from module build.gradle is not set
C/C++: ndk.dir in local.properties is not set
C/C++: Not considering ANDROID_NDK_HOME because support was removed after deprecation period.
C/C++: sdkFolder is C:\Users\dctm1\AppData\Local\Android\Sdk
C/C++: android.ndkVersion from module build.gradle is [27.1.12297006]
C/C++: android.ndkPath from module build.gradle is not set
C/C++: ndk.dir in local.properties is not set
C/C++: Not considering ANDROID_NDK_HOME because support was removed after deprecation period.
C/C++: sdkFolder is C:\Users\dctm1\AppData\Local\Android\Sdk
C/C++: android.ndkVersion from module build.gradle is [27.1.12297006]
C/C++: android.ndkPath from module build.gradle is not set
C/C++: ndk.dir in local.properties is not set
C/C++: Not considering ANDROID_NDK_HOME because support was removed after deprecation period.
C/C++: sdkFolder is C:\Users\dctm1\AppData\Local\Android\Sdk
C/C++: android.ndkVersion from module build.gradle is [27.1.12297006]
C/C++: android.ndkPath from module build.gradle is not set
C/C++: ndk.dir in local.properties is not set
C/C++: Not considering ANDROID_NDK_HOME because support was removed after deprecation period.
C/C++: sdkFolder is C:\Users\dctm1\AppData\Local\Android\Sdk
C/C++: android.ndkVersion from module build.gradle is [27.1.12297006]
C/C++: android.ndkPath from module build.gradle is not set
C/C++: ndk.dir in local.properties is not set
C/C++: Not considering ANDROID_NDK_HOME because support was removed after deprecation period.
C/C++: sdkFolder is C:\Users\dctm1\AppData\Local\Android\Sdk
C/C++: android.ndkVersion from module build.gradle is [27.1.12297006]
C/C++: android.ndkPath from module build.gradle is not set
C/C++: ndk.dir in local.properties is not set
C/C++: Not considering ANDROID_NDK_HOME because support was removed after deprecation period.
C/C++: sdkFolder is C:\Users\dctm1\AppData\Local\Android\Sdk
C/C++: android.ndkVersion from module build.gradle is [27.1.12297006]
C/C++: android.ndkPath from module build.gradle is not set
C/C++: ndk.dir in local.properties is not set
C/C++: Not considering ANDROID_NDK_HOME because support was removed after deprecation period.
C/C++: sdkFolder is C:\Users\dctm1\AppData\Local\Android\Sdk
C/C++: android.ndkVersion from module build.gradle is [27.1.12297006]
C/C++: android.ndkPath from module build.gradle is not set
C/C++: ndk.dir in local.properties is not set
C/C++: Not considering ANDROID_NDK_HOME because support was removed after deprecation period.
C/C++: sdkFolder is C:\Users\dctm1\AppData\Local\Android\Sdk
C/C++: android.ndkVersion from module build.gradle is [27.1.12297006]
C/C++: android.ndkPath from module build.gradle is not set
C/C++: ndk.dir in local.properties is not set
C/C++: Not considering ANDROID_NDK_HOME because support was removed after deprecation period.
C/C++: sdkFolder is C:\Users\dctm1\AppData\Local\Android\Sdk
C/C++: android.ndkVersion from module build.gradle is [27.1.12297006]
C/C++: android.ndkPath from module build.gradle is not set
C/C++: ndk.dir in local.properties is not set
C/C++: Not considering ANDROID_NDK_HOME because support was removed after deprecation period.
C/C++: sdkFolder is C:\Users\dctm1\AppData\Local\Android\Sdk
C/C++: android.ndkVersion from module build.gradle is [27.1.12297006]
C/C++: android.ndkPath from module build.gradle is not set
C/C++: ndk.dir in local.properties is not set
C/C++: Not considering ANDROID_NDK_HOME because support was removed after deprecation period.
C/C++: sdkFolder is C:\Users\dctm1\AppData\Local\Android\Sdk
C/C++: android.ndkVersion from module build.gradle is [27.1.12297006]
C/C++: android.ndkPath from module build.gradle is not set
C/C++: ndk.dir in local.properties is not set
C/C++: Not considering ANDROID_NDK_HOME because support was removed after deprecation period.
C/C++: sdkFolder is C:\Users\dctm1\AppData\Local\Android\Sdk

> Configure project :expo
Evaluating project ':expo' using build file 'C:\Users\dctm1\YongStudyApp\node_modules\expo\android\build.gradle'.
Using default execution profile
Using Kotlin Gradle Plugin gradle85 variant

Using expo modules
  - [32mexpo-constants[0m (18.0.13)
  - [32mexpo-modules-core[0m (3.0.30)
  - [33m[?][0m [32mexpo-application[0m (7.0.8)
  - [33m[?][0m [32mexpo-asset[0m (12.0.13)
  - [33m[?][0m [32mexpo-background-fetch[0m (14.0.9)
  - [33m[?][0m [32mexpo-file-system[0m (19.0.23)
  - [33m[?][0m [32mexpo-font[0m (14.0.12)
  - [33m[?][0m [32mexpo-keep-awake[0m (15.0.8)
  - [33m[?][0m [32mexpo-notifications[0m (0.32.17)
  - [33m[?][0m [32mexpo-speech[0m (14.0.8)
  - [33m[?][0m [32mexpo-task-manager[0m (14.0.9)
  - [33m[?][0m [32munimodules-app-loader[0m (6.0.8)


> Configure project :react-native-async-storage_async-storage
Evaluating project ':react-native-async-storage_async-storage' using build file 'C:\Users\dctm1\YongStudyApp\node_modules\@react-native-async-storage\async-storage\android\build.gradle'.
[AsyncStorage] Using kotlin version: 2.1.20
[AsyncStorage] Overriden ksp version: 2.1.20-2.0.1
[AsyncStorage] Using kotlin version: 2.1.20
[AsyncStorage] Overriden ksp version: 2.1.20-2.0.1
Using default execution profile
Using Kotlin Gradle Plugin gradle85 variant

> Configure project :react-native-gesture-handler
Evaluating project ':react-native-gesture-handler' using build file 'C:\Users\dctm1\YongStudyApp\node_modules\react-native-gesture-handler\android\build.gradle'.
Using default execution profile
Using Kotlin Gradle Plugin gradle85 variant
Starting process 'command 'node''. Working directory: C:\Users\dctm1\YongStudyApp\android Command: node --print require.resolve('react-native/package.json')
Successfully started process 'command 'node''
C/C++: android.ndkVersion from module build.gradle is [27.1.12297006]
C/C++: android.ndkPath from module build.gradle is not set
C/C++: ndk.dir in local.properties is not set
C/C++: Not considering ANDROID_NDK_HOME because support was removed after deprecation period.
C/C++: sdkFolder is C:\Users\dctm1\AppData\Local\Android\Sdk
C/C++: android.ndkVersion from module build.gradle is [27.1.12297006]
C/C++: android.ndkPath from module build.gradle is not set
C/C++: ndk.dir in local.properties is not set
C/C++: Not considering ANDROID_NDK_HOME because support was removed after deprecation period.
C/C++: sdkFolder is C:\Users\dctm1\AppData\Local\Android\Sdk
C/C++: android.ndkVersion from module build.gradle is [27.1.12297006]
C/C++: android.ndkPath from module build.gradle is not set
C/C++: ndk.dir in local.properties is not set
C/C++: Not considering ANDROID_NDK_HOME because support was removed after deprecation period.
C/C++: sdkFolder is C:\Users\dctm1\AppData\Local\Android\Sdk
C/C++: android.ndkVersion from module build.gradle is [27.1.12297006]
C/C++: android.ndkPath from module build.gradle is not set
C/C++: ndk.dir in local.properties is not set
C/C++: Not considering ANDROID_NDK_HOME because support was removed after deprecation period.
C/C++: sdkFolder is C:\Users\dctm1\AppData\Local\Android\Sdk
C/C++: android.ndkVersion from module build.gradle is [27.1.12297006]
C/C++: android.ndkPath from module build.gradle is not set
C/C++: ndk.dir in local.properties is not set
C/C++: Not considering ANDROID_NDK_HOME because support was removed after deprecation period.
C/C++: sdkFolder is C:\Users\dctm1\AppData\Local\Android\Sdk
C/C++: android.ndkVersion from module build.gradle is [27.1.12297006]
C/C++: android.ndkPath from module build.gradle is not set
C/C++: ndk.dir in local.properties is not set
C/C++: Not considering ANDROID_NDK_HOME because support was removed after deprecation period.
C/C++: sdkFolder is C:\Users\dctm1\AppData\Local\Android\Sdk
C/C++: android.ndkVersion from module build.gradle is [27.1.12297006]
C/C++: android.ndkPath from module build.gradle is not set
C/C++: ndk.dir in local.properties is not set
C/C++: Not considering ANDROID_NDK_HOME because support was removed after deprecation period.
C/C++: sdkFolder is C:\Users\dctm1\AppData\Local\Android\Sdk
C/C++: android.ndkVersion from module build.gradle is [27.1.12297006]
C/C++: android.ndkPath from module build.gradle is not set
C/C++: ndk.dir in local.properties is not set
C/C++: Not considering ANDROID_NDK_HOME because support was removed after deprecation period.
C/C++: sdkFolder is C:\Users\dctm1\AppData\Local\Android\Sdk
C/C++: android.ndkVersion from module build.gradle is [27.1.12297006]
C/C++: android.ndkPath from module build.gradle is not set
C/C++: ndk.dir in local.properties is not set
C/C++: Not considering ANDROID_NDK_HOME because support was removed after deprecation period.
C/C++: sdkFolder is C:\Users\dctm1\AppData\Local\Android\Sdk
C/C++: android.ndkVersion from module build.gradle is [27.1.12297006]
C/C++: android.ndkPath from module build.gradle is not set
C/C++: ndk.dir in local.properties is not set
C/C++: Not considering ANDROID_NDK_HOME because support was removed after deprecation period.
C/C++: sdkFolder is C:\Users\dctm1\AppData\Local\Android\Sdk
C/C++: android.ndkVersion from module build.gradle is [27.1.12297006]
C/C++: android.ndkPath from module build.gradle is not set
C/C++: ndk.dir in local.properties is not set
C/C++: Not considering ANDROID_NDK_HOME because support was removed after deprecation period.
C/C++: sdkFolder is C:\Users\dctm1\AppData\Local\Android\Sdk
C/C++: android.ndkVersion from module build.gradle is [27.1.12297006]
C/C++: android.ndkPath from module build.gradle is not set
C/C++: ndk.dir in local.properties is not set
C/C++: Not considering ANDROID_NDK_HOME because support was removed after deprecation period.
C/C++: sdkFolder is C:\Users\dctm1\AppData\Local\Android\Sdk
C/C++: android.ndkVersion from module build.gradle is [27.1.12297006]
C/C++: android.ndkPath from module build.gradle is not set
C/C++: ndk.dir in local.properties is not set
C/C++: Not considering ANDROID_NDK_HOME because support was removed after deprecation period.
C/C++: sdkFolder is C:\Users\dctm1\AppData\Local\Android\Sdk

> Configure project :react-native-pager-view
Evaluating project ':react-native-pager-view' using build file 'C:\Users\dctm1\YongStudyApp\node_modules\react-native-pager-view\android\build.gradle'.
Using default execution profile
Using Kotlin Gradle Plugin gradle85 variant
:react-native-pager-view:reactNativeAndroidRoot C:\Users\dctm1\YongStudyApp\node_modules\react-native

> Configure project :react-native-safe-area-context
Evaluating project ':react-native-safe-area-context' using build file 'C:\Users\dctm1\YongStudyApp\node_modules\react-native-safe-area-context\android\build.gradle'.
Using default execution profile
Using Kotlin Gradle Plugin gradle85 variant

> Configure project :react-native-screens
Evaluating project ':react-native-screens' using build file 'C:\Users\dctm1\YongStudyApp\node_modules\react-native-screens\android\build.gradle'.
Using default execution profile
Using Kotlin Gradle Plugin gradle85 variant
C/C++: android.ndkVersion from module build.gradle is [27.1.12297006]
C/C++: android.ndkPath from module build.gradle is not set
C/C++: ndk.dir in local.properties is not set
C/C++: Not considering ANDROID_NDK_HOME because support was removed after deprecation period.
C/C++: sdkFolder is C:\Users\dctm1\AppData\Local\Android\Sdk
C/C++: android.ndkVersion from module build.gradle is [27.1.12297006]
C/C++: android.ndkPath from module build.gradle is not set
C/C++: ndk.dir in local.properties is not set
C/C++: Not considering ANDROID_NDK_HOME because support was removed after deprecation period.
C/C++: sdkFolder is C:\Users\dctm1\AppData\Local\Android\Sdk
C/C++: android.ndkVersion from module build.gradle is [27.1.12297006]
C/C++: android.ndkPath from module build.gradle is not set
C/C++: ndk.dir in local.properties is not set
C/C++: Not considering ANDROID_NDK_HOME because support was removed after deprecation period.
C/C++: sdkFolder is C:\Users\dctm1\AppData\Local\Android\Sdk
C/C++: android.ndkVersion from module build.gradle is [27.1.12297006]
C/C++: android.ndkPath from module build.gradle is not set
C/C++: ndk.dir in local.properties is not set
C/C++: Not considering ANDROID_NDK_HOME because support was removed after deprecation period.
C/C++: sdkFolder is C:\Users\dctm1\AppData\Local\Android\Sdk
C/C++: android.ndkVersion from module build.gradle is [27.1.12297006]
C/C++: android.ndkPath from module build.gradle is not set
C/C++: ndk.dir in local.properties is not set
C/C++: Not considering ANDROID_NDK_HOME because support was removed after deprecation period.
C/C++: sdkFolder is C:\Users\dctm1\AppData\Local\Android\Sdk
C/C++: android.ndkVersion from module build.gradle is [27.1.12297006]
C/C++: android.ndkPath from module build.gradle is not set
C/C++: ndk.dir in local.properties is not set
C/C++: Not considering ANDROID_NDK_HOME because support was removed after deprecation period.
C/C++: sdkFolder is C:\Users\dctm1\AppData\Local\Android\Sdk
C/C++: android.ndkVersion from module build.gradle is [27.1.12297006]
C/C++: android.ndkPath from module build.gradle is not set
C/C++: ndk.dir in local.properties is not set
C/C++: Not considering ANDROID_NDK_HOME because support was removed after deprecation period.
C/C++: sdkFolder is C:\Users\dctm1\AppData\Local\Android\Sdk
C/C++: android.ndkVersion from module build.gradle is [27.1.12297006]
C/C++: android.ndkPath from module build.gradle is not set
C/C++: ndk.dir in local.properties is not set
C/C++: Not considering ANDROID_NDK_HOME because support was removed after deprecation period.
C/C++: sdkFolder is C:\Users\dctm1\AppData\Local\Android\Sdk
C/C++: android.ndkVersion from module build.gradle is [27.1.12297006]
C/C++: android.ndkPath from module build.gradle is not set
C/C++: ndk.dir in local.properties is not set
C/C++: Not considering ANDROID_NDK_HOME because support was removed after deprecation period.
C/C++: sdkFolder is C:\Users\dctm1\AppData\Local\Android\Sdk
C/C++: android.ndkVersion from module build.gradle is [27.1.12297006]
C/C++: android.ndkPath from module build.gradle is not set
C/C++: ndk.dir in local.properties is not set
C/C++: Not considering ANDROID_NDK_HOME because support was removed after deprecation period.
C/C++: sdkFolder is C:\Users\dctm1\AppData\Local\Android\Sdk
C/C++: android.ndkVersion from module build.gradle is [27.1.12297006]
C/C++: android.ndkPath from module build.gradle is not set
C/C++: ndk.dir in local.properties is not set
C/C++: Not considering ANDROID_NDK_HOME because support was removed after deprecation period.
C/C++: sdkFolder is C:\Users\dctm1\AppData\Local\Android\Sdk
C/C++: android.ndkVersion from module build.gradle is [27.1.12297006]
C/C++: android.ndkPath from module build.gradle is not set
C/C++: ndk.dir in local.properties is not set
C/C++: Not considering ANDROID_NDK_HOME because support was removed after deprecation period.
C/C++: sdkFolder is C:\Users\dctm1\AppData\Local\Android\Sdk
C/C++: android.ndkVersion from module build.gradle is [27.1.12297006]
C/C++: android.ndkPath from module build.gradle is not set
C/C++: ndk.dir in local.properties is not set
C/C++: Not considering ANDROID_NDK_HOME because support was removed after deprecation period.
C/C++: sdkFolder is C:\Users\dctm1\AppData\Local\Android\Sdk

> Configure project :react-native-webview
Evaluating project ':react-native-webview' using build file 'C:\Users\dctm1\YongStudyApp\node_modules\react-native-webview\android\build.gradle'.
Using default execution profile
Using Kotlin Gradle Plugin gradle85 variant
All projects evaluated.
Task name matched 'assembleRelease'
Selected primary task 'assembleRelease' from project :
Adding -Xuse-inline-scopes-numbers Kotlin compiler flag for task :app:compileReleaseKotlin
Tasks to be executed: [task ':app:generateAutolinkingNewArchitectureFiles', task ':app:generateAutolinkingPackageList', task ':app:generateCodegenSchemaFromJavaScript', task ':app:generateCodegenArtifactsFromSchema', task ':app:generateReactNativeEntryPoint', task ':expo:generatePackagesList', task ':expo:preBuild', task ':expo-constants:createExpoConfig', task ':expo-constants:preBuild', task ':expo-modules-core:preBuild', task ':react-native-async-storage_async-storage:generateCodegenSchemaFromJavaScript', task ':react-native-async-storage_async-storage:generateCodegenArtifactsFromSchema', task ':react-native-async-storage_async-storage:preBuild', task ':react-native-gesture-handler:generateCodegenSchemaFromJavaScript', task ':react-native-gesture-handler:generateCodegenArtifactsFromSchema', task ':react-native-gesture-handler:preBuild', task ':react-native-pager-view:generateCodegenSchemaFromJavaScript', task ':react-native-pager-view:generateCodegenArtifactsFromSchema', task ':react-native-pager-view:preBuild', task ':react-native-safe-area-context:generateCodegenSchemaFromJavaScript', task ':react-native-safe-area-context:generateCodegenArtifactsFromSchema', task ':react-native-safe-area-context:preBuild', task ':react-native-screens:generateCodegenSchemaFromJavaScript', task ':react-native-screens:generateCodegenArtifactsFromSchema', task ':react-native-screens:preBuild', task ':react-native-webview:generateCodegenSchemaFromJavaScript', task ':react-native-webview:generateCodegenArtifactsFromSchema', task ':react-native-webview:preBuild', task ':app:preBuild', task ':app:preReleaseBuild', task ':app:mergeReleaseNativeDebugMetadata', task ':app:checkKotlinGradlePluginConfigurationErrors', task ':app:generateReleaseBuildConfig', task ':expo:preReleaseBuild', task ':expo:writeReleaseAarMetadata', task ':expo-constants:preReleaseBuild', task ':expo-constants:writeReleaseAarMetadata', task ':expo-modules-core:preReleaseBuild', task ':expo-modules-core:writeReleaseAarMetadata', task ':react-native-async-storage_async-storage:preReleaseBuild', task ':react-native-async-storage_async-storage:writeReleaseAarMetadata', task ':react-native-gesture-handler:preReleaseBuild', task ':react-native-gesture-handler:writeReleaseAarMetadata', task ':react-native-pager-view:preReleaseBuild', task ':react-native-pager-view:writeReleaseAarMetadata', task ':react-native-safe-area-context:preReleaseBuild', task ':react-native-safe-area-context:writeReleaseAarMetadata', task ':react-native-screens:preReleaseBuild', task ':react-native-screens:writeReleaseAarMetadata', task ':react-native-webview:preReleaseBuild', task ':react-native-webview:writeReleaseAarMetadata', task ':app:checkReleaseAarMetadata', task ':app:createBundleReleaseJsAndAssets', task ':app:generateReleaseResValues', task ':expo:generateReleaseResValues', task ':expo:generateReleaseResources', task ':expo:packageReleaseResources', task ':expo-constants:generateReleaseResValues', task ':expo-constants:generateReleaseResources', task ':expo-constants:packageReleaseResources', task ':expo-modules-core:generateReleaseResValues', task ':expo-modules-core:generateReleaseResources', task ':expo-modules-core:packageReleaseResources', task ':react-native-async-storage_async-storage:generateReleaseResValues', task ':react-native-async-storage_async-storage:generateReleaseResources', task ':react-native-async-storage_async-storage:packageReleaseResources', task ':react-native-gesture-handler:generateReleaseResValues', task ':react-native-gesture-handler:generateReleaseResources', task ':react-native-gesture-handler:packageReleaseResources', task ':react-native-pager-view:generateReleaseResValues', task ':react-native-pager-view:generateReleaseResources', task ':react-native-pager-view:packageReleaseResources', task ':react-native-safe-area-context:generateReleaseResValues', task ':react-native-safe-area-context:generateReleaseResources', task ':react-native-safe-area-context:packageReleaseResources', task ':react-native-screens:generateReleaseResValues', task ':react-native-screens:generateReleaseResources', task ':react-native-screens:packageReleaseResources', task ':react-native-webview:generateReleaseResValues', task ':react-native-webview:generateReleaseResources', task ':react-native-webview:packageReleaseResources', task ':app:mapReleaseSourceSetPaths', task ':app:generateReleaseResources', task ':app:mergeReleaseResources', task ':app:packageReleaseResources', task ':app:parseReleaseLocalResources', task ':app:createReleaseCompatibleScreenManifests', task ':app:extractDeepLinksRelease', task ':expo:extractDeepLinksRelease', task ':expo:processReleaseManifest', task ':expo-constants:extractDeepLinksRelease', task ':expo-constants:processReleaseManifest', task ':expo-modules-core:extractDeepLinksRelease', task ':expo-modules-core:processReleaseManifest', task ':react-native-async-storage_async-storage:extractDeepLinksRelease', task ':react-native-async-storage_async-storage:processReleaseManifest', task ':react-native-gesture-handler:extractDeepLinksRelease', task ':react-native-gesture-handler:processReleaseManifest', task ':react-native-pager-view:extractDeepLinksRelease', task ':react-native-pager-view:processReleaseManifest', task ':react-native-safe-area-context:extractDeepLinksRelease', task ':react-native-safe-area-context:processReleaseManifest', task ':react-native-screens:extractDeepLinksRelease', task ':react-native-screens:processReleaseManifest', task ':react-native-webview:extractDeepLinksRelease', task ':react-native-webview:processReleaseManifest', task ':app:processReleaseMainManifest', task ':app:processReleaseManifest', task ':app:processReleaseManifestForPackage', task ':expo:compileReleaseLibraryResources', task ':expo:parseReleaseLocalResources', task ':expo:generateReleaseRFile', task ':expo-constants:compileReleaseLibraryResources', task ':expo-constants:parseReleaseLocalResources', task ':expo-constants:generateReleaseRFile', task ':expo-modules-core:compileReleaseLibraryResources', task ':expo-modules-core:parseReleaseLocalResources', task ':expo-modules-core:generateReleaseRFile', task ':react-native-async-storage_async-storage:compileReleaseLibraryResources', task ':react-native-async-storage_async-storage:parseReleaseLocalResources', task ':react-native-async-storage_async-storage:generateReleaseRFile', task ':react-native-gesture-handler:compileReleaseLibraryResources', task ':react-native-gesture-handler:parseReleaseLocalResources', task ':react-native-gesture-handler:generateReleaseRFile', task ':react-native-pager-view:compileReleaseLibraryResources', task ':react-native-pager-view:parseReleaseLocalResources', task ':react-native-pager-view:generateReleaseRFile', task ':react-native-safe-area-context:compileReleaseLibraryResources', task ':react-native-safe-area-context:parseReleaseLocalResources', task ':react-native-safe-area-context:generateReleaseRFile', task ':react-native-screens:compileReleaseLibraryResources', task ':react-native-screens:parseReleaseLocalResources', task ':react-native-screens:generateReleaseRFile', task ':react-native-webview:compileReleaseLibraryResources', task ':react-native-webview:parseReleaseLocalResources', task ':react-native-webview:generateReleaseRFile', task ':app:processReleaseResources', task ':expo:checkKotlinGradlePluginConfigurationErrors', task ':expo:generateReleaseBuildConfig', task ':expo-constants:checkKotlinGradlePluginConfigurationErrors', task ':expo-constants:generateReleaseBuildConfig', task ':expo-modules-core:checkKotlinGradlePluginConfigurationErrors', task ':expo-modules-core:generateReleaseBuildConfig', task ':expo-modules-core:compileReleaseKotlin', task ':expo-modules-core:javaPreCompileRelease', task ':expo-modules-core:compileReleaseJavaWithJavac', task ':expo-modules-core:bundleLibCompileToJarRelease', task ':expo-constants:compileReleaseKotlin', task ':expo-constants:javaPreCompileRelease', task ':expo-constants:compileReleaseJavaWithJavac', task ':expo-constants:bundleLibCompileToJarRelease', task ':expo:compileReleaseKotlin', task ':expo:javaPreCompileRelease', task ':expo:compileReleaseJavaWithJavac', task ':expo:bundleLibCompileToJarRelease', task ':react-native-async-storage_async-storage:checkKotlinGradlePluginConfigurationErrors', task ':react-native-async-storage_async-storage:generateReleaseBuildConfig', task ':react-native-async-storage_async-storage:kspReleaseKotlin', task ':react-native-async-storage_async-storage:compileReleaseKotlin', task ':react-native-async-storage_async-storage:javaPreCompileRelease', task ':react-native-async-storage_async-storage:compileReleaseJavaWithJavac', task ':react-native-async-storage_async-storage:bundleLibCompileToJarRelease', task ':react-native-gesture-handler:checkKotlinGradlePluginConfigurationErrors', task ':react-native-gesture-handler:generateReleaseBuildConfig', task ':react-native-gesture-handler:compileReleaseKotlin', task ':react-native-gesture-handler:javaPreCompileRelease', task ':react-native-gesture-handler:compileReleaseJavaWithJavac', task ':react-native-gesture-handler:bundleLibCompileToJarRelease', task ':react-native-pager-view:checkKotlinGradlePluginConfigurationErrors', task ':react-native-pager-view:generateReleaseBuildConfig', task ':react-native-pager-view:compileReleaseKotlin', task ':react-native-pager-view:javaPreCompileRelease', task ':react-native-pager-view:compileReleaseJavaWithJavac', task ':react-native-pager-view:bundleLibCompileToJarRelease', task ':react-native-safe-area-context:checkKotlinGradlePluginConfigurationErrors', task ':react-native-safe-area-context:generateReleaseBuildConfig', task ':react-native-safe-area-context:compileReleaseKotlin', task ':react-native-safe-area-context:javaPreCompileRelease', task ':react-native-safe-area-context:compileReleaseJavaWithJavac', task ':react-native-safe-area-context:bundleLibCompileToJarRelease', task ':react-native-screens:checkKotlinGradlePluginConfigurationErrors', task ':react-native-screens:generateReleaseBuildConfig', task ':react-native-screens:compileReleaseKotlin', task ':react-native-screens:javaPreCompileRelease', task ':react-native-screens:compileReleaseJavaWithJavac', task ':react-native-screens:bundleLibCompileToJarRelease', task ':react-native-webview:checkKotlinGradlePluginConfigurationErrors', task ':react-native-webview:generateReleaseBuildConfig', task ':react-native-webview:compileReleaseKotlin', task ':react-native-webview:javaPreCompileRelease', task ':react-native-webview:compileReleaseJavaWithJavac', task ':react-native-webview:bundleLibCompileToJarRelease', task ':app:compileReleaseKotlin', task ':app:javaPreCompileRelease', task ':app:compileReleaseJavaWithJavac', task ':app:mergeReleaseShaders', task ':app:compileReleaseShaders', task ':app:generateReleaseAssets', task ':expo:mergeReleaseShaders', task ':expo:compileReleaseShaders', task ':expo:generateReleaseAssets', task ':expo:mergeReleaseAssets', task ':expo-constants:mergeReleaseShaders', task ':expo-constants:compileReleaseShaders', task ':expo-constants:generateReleaseAssets', task ':expo-constants:mergeReleaseAssets', task ':expo-modules-core:mergeReleaseShaders', task ':expo-modules-core:compileReleaseShaders', task ':expo-modules-core:generateReleaseAssets', task ':expo-modules-core:mergeReleaseAssets', task ':react-native-async-storage_async-storage:mergeReleaseShaders', task ':react-native-async-storage_async-storage:compileReleaseShaders', task ':react-native-async-storage_async-storage:generateReleaseAssets', task ':react-native-async-storage_async-storage:mergeReleaseAssets', task ':react-native-gesture-handler:mergeReleaseShaders', task ':react-native-gesture-handler:compileReleaseShaders', task ':react-native-gesture-handler:generateReleaseAssets', task ':react-native-gesture-handler:mergeReleaseAssets', task ':react-native-pager-view:mergeReleaseShaders', task ':react-native-pager-view:compileReleaseShaders', task ':react-native-pager-view:generateReleaseAssets', task ':react-native-pager-view:mergeReleaseAssets', task ':react-native-safe-area-context:mergeReleaseShaders', task ':react-native-safe-area-context:compileReleaseShaders', task ':react-native-safe-area-context:generateReleaseAssets', task ':react-native-safe-area-context:mergeReleaseAssets', task ':react-native-screens:mergeReleaseShaders', task ':react-native-screens:compileReleaseShaders', task ':react-native-screens:generateReleaseAssets', task ':react-native-screens:mergeReleaseAssets', task ':react-native-webview:mergeReleaseShaders', task ':react-native-webview:compileReleaseShaders', task ':react-native-webview:generateReleaseAssets', task ':react-native-webview:mergeReleaseAssets', task ':app:mergeReleaseAssets', task ':app:compressReleaseAssets', task ':app:checkReleaseDuplicateClasses', task ':app:desugarReleaseFileDependencies', task ':app:mergeExtDexRelease', task ':react-native-async-storage_async-storage:bundleLibRuntimeToDirRelease', task ':react-native-gesture-handler:bundleLibRuntimeToDirRelease', task ':react-native-pager-view:bundleLibRuntimeToDirRelease', task ':react-native-safe-area-context:bundleLibRuntimeToDirRelease', task ':react-native-screens:bundleLibRuntimeToDirRelease', task ':react-native-webview:bundleLibRuntimeToDirRelease', task ':expo:bundleLibRuntimeToDirRelease', task ':expo-modules-core:bundleLibRuntimeToDirRelease', task ':expo-constants:bundleLibRuntimeToDirRelease', task ':app:mergeLibDexRelease', task ':app:dexBuilderRelease', task ':app:mergeProjectDexRelease', task ':react-native-async-storage_async-storage:bundleLibRuntimeToJarRelease', task ':react-native-gesture-handler:bundleLibRuntimeToJarRelease', task ':react-native-pager-view:bundleLibRuntimeToJarRelease', task ':react-native-safe-area-context:bundleLibRuntimeToJarRelease', task ':react-native-screens:bundleLibRuntimeToJarRelease', task ':react-native-webview:bundleLibRuntimeToJarRelease', task ':expo:bundleLibRuntimeToJarRelease', task ':expo-modules-core:bundleLibRuntimeToJarRelease', task ':expo-constants:bundleLibRuntimeToJarRelease', task ':app:mergeReleaseGlobalSynthetics', task ':app:processReleaseJavaRes', task ':expo:processReleaseJavaRes', task ':expo-constants:processReleaseJavaRes', task ':expo-modules-core:processReleaseJavaRes', task ':react-native-async-storage_async-storage:processReleaseJavaRes', task ':react-native-gesture-handler:processReleaseJavaRes', task ':react-native-pager-view:processReleaseJavaRes', task ':react-native-safe-area-context:processReleaseJavaRes', task ':react-native-screens:processReleaseJavaRes', task ':react-native-webview:processReleaseJavaRes', task ':app:mergeReleaseJavaResource', task ':app:configureCMakeRelWithDebInfo[arm64-v8a]', task ':app:buildCMakeRelWithDebInfo[arm64-v8a]', task ':app:configureCMakeRelWithDebInfo[armeabi-v7a]', task ':app:buildCMakeRelWithDebInfo[armeabi-v7a]', task ':app:configureCMakeRelWithDebInfo[x86]', task ':app:buildCMakeRelWithDebInfo[x86]', task ':app:configureCMakeRelWithDebInfo[x86_64]', task ':app:buildCMakeRelWithDebInfo[x86_64]', task ':app:mergeReleaseJniLibFolders', task ':expo:mergeReleaseJniLibFolders', task ':expo:mergeReleaseNativeLibs', task ':expo:copyReleaseJniLibsProjectOnly', task ':expo-constants:mergeReleaseJniLibFolders', task ':expo-constants:mergeReleaseNativeLibs', task ':expo-constants:copyReleaseJniLibsProjectOnly', task ':expo-modules-core:configureCMakeRelWithDebInfo[arm64-v8a]', task ':expo-modules-core:buildCMakeRelWithDebInfo[arm64-v8a]', task ':expo-modules-core:configureCMakeRelWithDebInfo[armeabi-v7a]', task ':expo-modules-core:buildCMakeRelWithDebInfo[armeabi-v7a]', task ':expo-modules-core:configureCMakeRelWithDebInfo[x86]', task ':expo-modules-core:buildCMakeRelWithDebInfo[x86]', task ':expo-modules-core:configureCMakeRelWithDebInfo[x86_64]', task ':expo-modules-core:buildCMakeRelWithDebInfo[x86_64]', task ':expo-modules-core:mergeReleaseJniLibFolders', task ':expo-modules-core:mergeReleaseNativeLibs', task ':expo-modules-core:copyReleaseJniLibsProjectOnly', task ':react-native-async-storage_async-storage:mergeReleaseJniLibFolders', task ':react-native-async-storage_async-storage:mergeReleaseNativeLibs', task ':react-native-async-storage_async-storage:copyReleaseJniLibsProjectOnly', task ':react-native-gesture-handler:configureCMakeRelWithDebInfo[arm64-v8a]', task ':react-native-gesture-handler:buildCMakeRelWithDebInfo[arm64-v8a]', task ':react-native-gesture-handler:configureCMakeRelWithDebInfo[armeabi-v7a]', task ':react-native-gesture-handler:buildCMakeRelWithDebInfo[armeabi-v7a]', task ':react-native-gesture-handler:configureCMakeRelWithDebInfo[x86]', task ':react-native-gesture-handler:buildCMakeRelWithDebInfo[x86]', task ':react-native-gesture-handler:configureCMakeRelWithDebInfo[x86_64]', task ':react-native-gesture-handler:buildCMakeRelWithDebInfo[x86_64]', task ':react-native-gesture-handler:mergeReleaseJniLibFolders', task ':react-native-gesture-handler:mergeReleaseNativeLibs', task ':react-native-gesture-handler:copyReleaseJniLibsProjectOnly', task ':react-native-pager-view:mergeReleaseJniLibFolders', task ':react-native-pager-view:mergeReleaseNativeLibs', task ':react-native-pager-view:copyReleaseJniLibsProjectOnly', task ':react-native-safe-area-context:mergeReleaseJniLibFolders', task ':react-native-safe-area-context:mergeReleaseNativeLibs', task ':react-native-safe-area-context:copyReleaseJniLibsProjectOnly', task ':react-native-screens:configureCMakeRelWithDebInfo[arm64-v8a]', task ':react-native-screens:buildCMakeRelWithDebInfo[arm64-v8a]', task ':react-native-screens:configureCMakeRelWithDebInfo[armeabi-v7a]', task ':react-native-screens:buildCMakeRelWithDebInfo[armeabi-v7a]', task ':react-native-screens:configureCMakeRelWithDebInfo[x86]', task ':react-native-screens:buildCMakeRelWithDebInfo[x86]', task ':react-native-screens:configureCMakeRelWithDebInfo[x86_64]', task ':react-native-screens:buildCMakeRelWithDebInfo[x86_64]', task ':react-native-screens:mergeReleaseJniLibFolders', task ':react-native-screens:mergeReleaseNativeLibs', task ':react-native-screens:copyReleaseJniLibsProjectOnly', task ':react-native-webview:mergeReleaseJniLibFolders', task ':react-native-webview:mergeReleaseNativeLibs', task ':react-native-webview:copyReleaseJniLibsProjectOnly', task ':app:mergeReleaseNativeLibs', task ':app:stripReleaseDebugSymbols', task ':app:validateSigningRelease', task ':app:writeReleaseAppMetadata', task ':app:writeReleaseSigningConfigVersions', task ':app:packageRelease', task ':app:createReleaseApkListingFileRedirect', task ':app:assembleRelease', task ':expo:stripReleaseDebugSymbols', task ':expo:copyReleaseJniLibsProjectAndLocalJars', task ':expo:extractDeepLinksForAarRelease', task ':expo:extractReleaseAnnotations', task ':expo:mergeReleaseGeneratedProguardFiles', task ':expo:mergeReleaseConsumerProguardFiles', task ':expo:prepareLintJarForPublish', task ':expo:prepareReleaseArtProfile', task ':expo:mergeReleaseJavaResource', task ':expo:syncReleaseLibJars', task ':expo:bundleReleaseAar', task ':expo:mapReleaseSourceSetPaths', task ':expo:mergeReleaseResources', task ':expo:verifyReleaseResources', task ':expo:assembleRelease', task ':expo-constants:stripReleaseDebugSymbols', task ':expo-constants:copyReleaseJniLibsProjectAndLocalJars', task ':expo-constants:extractDeepLinksForAarRelease', task ':expo-constants:extractReleaseAnnotations', task ':expo-constants:mergeReleaseGeneratedProguardFiles', task ':expo-constants:mergeReleaseConsumerProguardFiles', task ':expo-constants:prepareLintJarForPublish', task ':expo-constants:prepareReleaseArtProfile', task ':expo-constants:mergeReleaseJavaResource', task ':expo-constants:syncReleaseLibJars', task ':expo-constants:bundleReleaseAar', task ':expo-constants:mapReleaseSourceSetPaths', task ':expo-constants:mergeReleaseResources', task ':expo-constants:verifyReleaseResources', task ':expo-constants:assembleRelease', task ':expo-modules-core:stripReleaseDebugSymbols', task ':expo-modules-core:copyReleaseJniLibsProjectAndLocalJars', task ':expo-modules-core:extractDeepLinksForAarRelease', task ':expo-modules-core:extractReleaseAnnotations', task ':expo-modules-core:mergeReleaseGeneratedProguardFiles', task ':expo-modules-core:mergeReleaseConsumerProguardFiles', task ':expo-modules-core:prepareLintJarForPublish', task ':expo-modules-core:prepareReleaseArtProfile', task ':expo-modules-core:mergeReleaseJavaResource', task ':expo-modules-core:syncReleaseLibJars', task ':expo-modules-core:bundleReleaseAar', task ':expo-modules-core:mapReleaseSourceSetPaths', task ':expo-modules-core:mergeReleaseResources', task ':expo-modules-core:verifyReleaseResources', task ':expo-modules-core:assembleRelease', task ':react-native-async-storage_async-storage:stripReleaseDebugSymbols', task ':react-native-async-storage_async-storage:copyReleaseJniLibsProjectAndLocalJars', task ':react-native-async-storage_async-storage:extractDeepLinksForAarRelease', task ':react-native-async-storage_async-storage:extractReleaseAnnotations', task ':react-native-async-storage_async-storage:mergeReleaseGeneratedProguardFiles', task ':react-native-async-storage_async-storage:mergeReleaseConsumerProguardFiles', task ':react-native-async-storage_async-storage:prepareLintJarForPublish', task ':react-native-async-storage_async-storage:prepareReleaseArtProfile', task ':react-native-async-storage_async-storage:mergeReleaseJavaResource', task ':react-native-async-storage_async-storage:syncReleaseLibJars', task ':react-native-async-storage_async-storage:bundleReleaseAar', task ':react-native-async-storage_async-storage:mapReleaseSourceSetPaths', task ':react-native-async-storage_async-storage:mergeReleaseResources', task ':react-native-async-storage_async-storage:verifyReleaseResources', task ':react-native-async-storage_async-storage:assembleRelease', task ':react-native-gesture-handler:stripReleaseDebugSymbols', task ':react-native-gesture-handler:copyReleaseJniLibsProjectAndLocalJars', task ':react-native-gesture-handler:extractDeepLinksForAarRelease', task ':react-native-gesture-handler:extractReleaseAnnotations', task ':react-native-gesture-handler:mergeReleaseGeneratedProguardFiles', task ':react-native-gesture-handler:mergeReleaseConsumerProguardFiles', task ':react-native-gesture-handler:prepareLintJarForPublish', task ':react-native-gesture-handler:prepareReleaseArtProfile', task ':react-native-gesture-handler:mergeReleaseJavaResource', task ':react-native-gesture-handler:syncReleaseLibJars', task ':react-native-gesture-handler:bundleReleaseAar', task ':react-native-gesture-handler:mapReleaseSourceSetPaths', task ':react-native-gesture-handler:mergeReleaseResources', task ':react-native-gesture-handler:verifyReleaseResources', task ':react-native-gesture-handler:assembleRelease', task ':react-native-pager-view:stripReleaseDebugSymbols', task ':react-native-pager-view:copyReleaseJniLibsProjectAndLocalJars', task ':react-native-pager-view:extractDeepLinksForAarRelease', task ':react-native-pager-view:extractReleaseAnnotations', task ':react-native-pager-view:mergeReleaseGeneratedProguardFiles', task ':react-native-pager-view:mergeReleaseConsumerProguardFiles', task ':react-native-pager-view:prepareLintJarForPublish', task ':react-native-pager-view:prepareReleaseArtProfile', task ':react-native-pager-view:mergeReleaseJavaResource', task ':react-native-pager-view:syncReleaseLibJars', task ':react-native-pager-view:bundleReleaseAar', task ':react-native-pager-view:mapReleaseSourceSetPaths', task ':react-native-pager-view:mergeReleaseResources', task ':react-native-pager-view:verifyReleaseResources', task ':react-native-pager-view:assembleRelease', task ':react-native-safe-area-context:stripReleaseDebugSymbols', task ':react-native-safe-area-context:copyReleaseJniLibsProjectAndLocalJars', task ':react-native-safe-area-context:extractDeepLinksForAarRelease', task ':react-native-safe-area-context:extractReleaseAnnotations', task ':react-native-safe-area-context:mergeReleaseGeneratedProguardFiles', task ':react-native-safe-area-context:mergeReleaseConsumerProguardFiles', task ':react-native-safe-area-context:prepareLintJarForPublish', task ':react-native-safe-area-context:prepareReleaseArtProfile', task ':react-native-safe-area-context:mergeReleaseJavaResource', task ':react-native-safe-area-context:syncReleaseLibJars', task ':react-native-safe-area-context:bundleReleaseAar', task ':react-native-safe-area-context:mapReleaseSourceSetPaths', task ':react-native-safe-area-context:mergeReleaseResources', task ':react-native-safe-area-context:verifyReleaseResources', task ':react-native-safe-area-context:assembleRelease', task ':react-native-screens:stripReleaseDebugSymbols', task ':react-native-screens:copyReleaseJniLibsProjectAndLocalJars', task ':react-native-screens:extractDeepLinksForAarRelease', task ':react-native-screens:extractReleaseAnnotations', task ':react-native-screens:mergeReleaseGeneratedProguardFiles', task ':react-native-screens:mergeReleaseConsumerProguardFiles', task ':react-native-screens:prepareLintJarForPublish', task ':react-native-screens:prepareReleaseArtProfile', task ':react-native-screens:mergeReleaseJavaResource', task ':react-native-screens:syncReleaseLibJars', task ':react-native-screens:bundleReleaseAar', task ':react-native-screens:mapReleaseSourceSetPaths', task ':react-native-screens:mergeReleaseResources', task ':react-native-screens:verifyReleaseResources', task ':react-native-screens:assembleRelease', task ':react-native-webview:stripReleaseDebugSymbols', task ':react-native-webview:copyReleaseJniLibsProjectAndLocalJars', task ':react-native-webview:extractDeepLinksForAarRelease', task ':react-native-webview:extractReleaseAnnotations', task ':react-native-webview:mergeReleaseGeneratedProguardFiles', task ':react-native-webview:mergeReleaseConsumerProguardFiles', task ':react-native-webview:prepareLintJarForPublish', task ':react-native-webview:prepareReleaseArtProfile', task ':react-native-webview:mergeReleaseJavaResource', task ':react-native-webview:syncReleaseLibJars', task ':react-native-webview:bundleReleaseAar', task ':react-native-webview:mapReleaseSourceSetPaths', task ':react-native-webview:mergeReleaseResources', task ':react-native-webview:verifyReleaseResources', task ':react-native-webview:assembleRelease']
Tasks that were excluded: []
Resolve mutations for :expo:generatePackagesList (Thread[included builds Thread 2,5,main]) started.
Resolve mutations for :react-native-gesture-handler:generateCodegenSchemaFromJavaScript (Thread[Execution worker Thread 6,5,main]) started.
Resolve mutations for :react-native-safe-area-context:generateCodegenSchemaFromJavaScript (Thread[Execution worker Thread 7,5,main]) started.
Resolve mutations for :react-native-async-storage_async-storage:generateCodegenSchemaFromJavaScript (Thread[Execution worker Thread 3,5,main]) started.
Resolve mutations for :expo-modules-core:preBuild (Thread[Execution worker Thread 5,5,main]) started.
Resolve mutations for :expo-constants:createExpoConfig (Thread[Execution worker Thread 9,5,main]) started.
work action Parameters of ClassesDirToClassesTransform (Thread[Execution worker Thread 8,5,main]) started.
:expo-modules-core:preBuild (Thread[Execution worker Thread 5,5,main]) started.
:expo:generatePackagesList (Thread[included builds Thread 2,5,main]) started.
Resolve mutations for :react-native-webview:generateCodegenSchemaFromJavaScript (Thread[Execution worker Thread 4,5,main]) started.
Resolve mutations for :react-native-screens:generateCodegenSchemaFromJavaScript (Thread[Execution worker Thread 11,5,main]) started.
Resolve mutations for :react-native-pager-view:generateCodegenSchemaFromJavaScript (Thread[Execution worker Thread 10,5,main]) started.
:react-native-gesture-handler:generateCodegenSchemaFromJavaScript (Thread[Execution worker Thread 6,5,main]) started.
:react-native-safe-area-context:generateCodegenSchemaFromJavaScript (Thread[Execution worker Thread 7,5,main]) started.
:react-native-webview:generateCodegenSchemaFromJavaScript (Thread[Execution worker Thread 4,5,main]) started.
:expo-constants:createExpoConfig (Thread[Execution worker Thread 9,5,main]) started.
:react-native-pager-view:generateCodegenSchemaFromJavaScript (Thread[Execution worker Thread 11,5,main]) started.
work action Parameters of DexingNoClasspathTransform (Thread[Execution worker Thread 8,5,main]) started.
:react-native-async-storage_async-storage:generateCodegenSchemaFromJavaScript (Thread[Execution worker Thread 3,5,main]) started.
:react-native-screens:generateCodegenSchemaFromJavaScript (Thread[Execution worker,5,main]) started.
work action Parameters of DexingOutputSplitTransform (Thread[Execution worker Thread 8,5,main]) started.
work action Parameters of IdentityTransform (Thread[Execution worker Thread 8,5,main]) started.
work action Parameters of DexingOutputSplitTransform (Thread[Execution worker Thread 8,5,main]) started.
Resolve mutations for :app:generateAutolinkingNewArchitectureFiles (Thread[Execution worker Thread 8,5,main]) started.
:app:generateAutolinkingNewArchitectureFiles (Thread[Execution worker Thread 8,5,main]) started.

> Task :expo-modules-core:preBuild UP-TO-DATE
Skipping task ':expo-modules-core:preBuild' as it has no actions.
Resolve mutations for :expo-modules-core:preReleaseBuild (Thread[Execution worker Thread 5,5,main]) started.
:expo-modules-core:preReleaseBuild (Thread[Execution worker Thread 5,5,main]) started.

> Task :expo-modules-core:preReleaseBuild UP-TO-DATE
Skipping task ':expo-modules-core:preReleaseBuild' as it has no actions.
Resolve mutations for :expo-modules-core:writeReleaseAarMetadata (Thread[Execution worker Thread 5,5,main]) started.
:expo-modules-core:writeReleaseAarMetadata (Thread[Execution worker Thread 5,5,main]) started.

> Task :app:generateAutolinkingNewArchitectureFiles UP-TO-DATE
Caching disabled for task ':app:generateAutolinkingNewArchitectureFiles' because:
  Build cache is disabled
  Caching has not been enabled for the task
Skipping task ':app:generateAutolinkingNewArchitectureFiles' as it is up-to-date.
Resolve mutations for :app:generateAutolinkingPackageList (Thread[Execution worker Thread 8,5,main]) started.

> Task :react-native-pager-view:generateCodegenSchemaFromJavaScript UP-TO-DATE
Caching disabled for task ':react-native-pager-view:generateCodegenSchemaFromJavaScript' because:
  Build cache is disabled
  Caching has not been enabled for the task
Skipping task ':react-native-pager-view:generateCodegenSchemaFromJavaScript' as it is up-to-date.

> Task :react-native-safe-area-context:generateCodegenSchemaFromJavaScript UP-TO-DATE
Caching disabled for task ':react-native-safe-area-context:generateCodegenSchemaFromJavaScript' because:
  Build cache is disabled
  Caching has not been enabled for the task
Skipping task ':react-native-safe-area-context:generateCodegenSchemaFromJavaScript' as it is up-to-date.
Resolve mutations for :react-native-pager-view:generateCodegenArtifactsFromSchema (Thread[Execution worker Thread 11,5,main]) started.

> Task :react-native-webview:generateCodegenSchemaFromJavaScript UP-TO-DATE
Caching disabled for task ':react-native-webview:generateCodegenSchemaFromJavaScript' because:
  Build cache is disabled
  Caching has not been enabled for the task
Skipping task ':react-native-webview:generateCodegenSchemaFromJavaScript' as it is up-to-date.

> Task :react-native-screens:generateCodegenSchemaFromJavaScript UP-TO-DATE
Caching disabled for task ':react-native-screens:generateCodegenSchemaFromJavaScript' because:
  Build cache is disabled
  Caching has not been enabled for the task
Skipping task ':react-native-screens:generateCodegenSchemaFromJavaScript' as it is up-to-date.
:app:generateAutolinkingPackageList (Thread[Execution worker Thread 8,5,main]) started.

> Task :expo:generatePackagesList UP-TO-DATE
Caching disabled for task ':expo:generatePackagesList' because:
  Build cache is disabled
  Caching has not been enabled for the task
Skipping task ':expo:generatePackagesList' as it is up-to-date.
Resolve mutations for :react-native-screens:generateCodegenArtifactsFromSchema (Thread[Execution worker,5,main]) started.
Resolve mutations for :expo:preBuild (Thread[included builds Thread 2,5,main]) started.
:react-native-pager-view:generateCodegenArtifactsFromSchema (Thread[Execution worker Thread 2,5,main]) started.
:expo:preBuild (Thread[included builds Thread 2,5,main]) started.

> Task :react-native-async-storage_async-storage:generateCodegenSchemaFromJavaScript UP-TO-DATE
Caching disabled for task ':react-native-async-storage_async-storage:generateCodegenSchemaFromJavaScript' because:
  Build cache is disabled
  Caching has not been enabled for the task
Skipping task ':react-native-async-storage_async-storage:generateCodegenSchemaFromJavaScript' as it is up-to-date.
Resolve mutations for :react-native-webview:generateCodegenArtifactsFromSchema (Thread[Execution worker Thread 4,5,main]) started.
Resolve mutations for :react-native-async-storage_async-storage:generateCodegenArtifactsFromSchema (Thread[Execution worker Thread 3,5,main]) started.

> Task :react-native-gesture-handler:generateCodegenSchemaFromJavaScript UP-TO-DATE
Caching disabled for task ':react-native-gesture-handler:generateCodegenSchemaFromJavaScript' because:
  Build cache is disabled
  Caching has not been enabled for the task
Skipping task ':react-native-gesture-handler:generateCodegenSchemaFromJavaScript' as it is up-to-date.
Resolve mutations for :react-native-safe-area-context:generateCodegenArtifactsFromSchema (Thread[Execution worker Thread 7,5,main]) started.

> Task :expo-modules-core:writeReleaseAarMetadata UP-TO-DATE
Caching disabled for task ':expo-modules-core:writeReleaseAarMetadata' because:
  Build cache is disabled
  Caching has been disabled for the task
Skipping task ':expo-modules-core:writeReleaseAarMetadata' as it is up-to-date.

> Task :expo:preBuild UP-TO-DATE
Skipping task ':expo:preBuild' as it has no actions.
work action resolve aar-metadata.properties (project :expo-modules-core) (Thread[Execution worker Thread 5,5,main]) started.
Resolve mutations for :react-native-gesture-handler:generateCodegenArtifactsFromSchema (Thread[Execution worker Thread 6,5,main]) started.
:react-native-screens:generateCodegenArtifactsFromSchema (Thread[Execution worker,5,main]) started.
Resolve mutations for :expo-modules-core:generateReleaseResValues (Thread[Execution worker Thread 5,5,main]) started.
Resolve mutations for :expo:preReleaseBuild (Thread[included builds Thread 2,5,main]) started.
:react-native-safe-area-context:generateCodegenArtifactsFromSchema (Thread[Execution worker Thread 7,5,main]) started.
:react-native-async-storage_async-storage:generateCodegenArtifactsFromSchema (Thread[Execution worker Thread 3,5,main]) started.
:react-native-gesture-handler:generateCodegenArtifactsFromSchema (Thread[Execution worker Thread 6,5,main]) started.
:react-native-webview:generateCodegenArtifactsFromSchema (Thread[Execution worker Thread 4,5,main]) started.
:expo:preReleaseBuild (Thread[included builds Thread 2,5,main]) started.
:expo-modules-core:generateReleaseResValues (Thread[Execution worker Thread 5,5,main]) started.

> Task :expo:preReleaseBuild UP-TO-DATE
Skipping task ':expo:preReleaseBuild' as it has no actions.
Resolve mutations for :expo:writeReleaseAarMetadata (Thread[included builds Thread 2,5,main]) started.
:expo:writeReleaseAarMetadata (Thread[included builds Thread 2,5,main]) started.

> Task :app:generateAutolinkingPackageList UP-TO-DATE
Caching disabled for task ':app:generateAutolinkingPackageList' because:
  Build cache is disabled
  Caching has not been enabled for the task
Skipping task ':app:generateAutolinkingPackageList' as it is up-to-date.
Resolve mutations for :app:generateCodegenSchemaFromJavaScript (Thread[Execution worker Thread 8,5,main]) started.
:app:generateCodegenSchemaFromJavaScript (Thread[Execution worker Thread 8,5,main]) started.

> Task :app:generateCodegenSchemaFromJavaScript SKIPPED
Skipping task ':app:generateCodegenSchemaFromJavaScript' as task onlyIf 'Task satisfies onlyIf spec' is false.
Resolve mutations for :app:generateCodegenArtifactsFromSchema (Thread[Execution worker Thread 8,5,main]) started.

> Task :expo-modules-core:generateReleaseResValues UP-TO-DATE
Caching disabled for task ':expo-modules-core:generateReleaseResValues' because:
  Build cache is disabled
Skipping task ':expo-modules-core:generateReleaseResValues' as it is up-to-date.
Resolve mutations for :expo-modules-core:generateReleaseResources (Thread[Execution worker Thread 5,5,main]) started.

> Task :expo:writeReleaseAarMetadata UP-TO-DATE
Caching disabled for task ':expo:writeReleaseAarMetadata' because:
  Build cache is disabled
  Caching has been disabled for the task
Skipping task ':expo:writeReleaseAarMetadata' as it is up-to-date.
work action resolve aar-metadata.properties (project :expo) (Thread[included builds Thread 2,5,main]) started.
:app:generateCodegenArtifactsFromSchema (Thread[Execution worker Thread 8,5,main]) started.
:expo-modules-core:generateReleaseResources (Thread[Execution worker Thread 5,5,main]) started.
Resolve mutations for :expo:generateReleaseResValues (Thread[included builds Thread 2,5,main]) started.

> Task :app:generateCodegenArtifactsFromSchema SKIPPED
Skipping task ':app:generateCodegenArtifactsFromSchema' as task onlyIf 'Task satisfies onlyIf spec' is false.
:expo:generateReleaseResValues (Thread[included builds Thread 2,5,main]) started.
Resolve mutations for :app:generateReactNativeEntryPoint (Thread[Execution worker Thread 8,5,main]) started.
:app:generateReactNativeEntryPoint (Thread[Execution worker Thread 8,5,main]) started.

> Task :react-native-pager-view:generateCodegenArtifactsFromSchema UP-TO-DATE
Caching disabled for task ':react-native-pager-view:generateCodegenArtifactsFromSchema' because:
  Build cache is disabled
  Caching has not been enabled for the task
Skipping task ':react-native-pager-view:generateCodegenArtifactsFromSchema' as it is up-to-date.

> Task :expo-modules-core:generateReleaseResources UP-TO-DATE
Caching disabled for task ':expo-modules-core:generateReleaseResources' because:
  Build cache is disabled
Skipping task ':expo-modules-core:generateReleaseResources' as it is up-to-date.

> Task :react-native-screens:generateCodegenArtifactsFromSchema UP-TO-DATE
Caching disabled for task ':react-native-screens:generateCodegenArtifactsFromSchema' because:
  Build cache is disabled
  Caching has not been enabled for the task
Skipping task ':react-native-screens:generateCodegenArtifactsFromSchema' as it is up-to-date.

> Task :react-native-webview:generateCodegenArtifactsFromSchema UP-TO-DATE
Caching disabled for task ':react-native-webview:generateCodegenArtifactsFromSchema' because:
  Build cache is disabled
  Caching has not been enabled for the task
Skipping task ':react-native-webview:generateCodegenArtifactsFromSchema' as it is up-to-date.
Resolve mutations for :react-native-screens:preBuild (Thread[Execution worker,5,main]) started.

> Task :react-native-async-storage_async-storage:generateCodegenArtifactsFromSchema UP-TO-DATE
Caching disabled for task ':react-native-async-storage_async-storage:generateCodegenArtifactsFromSchema' because:
  Build cache is disabled
  Caching has not been enabled for the task
Skipping task ':react-native-async-storage_async-storage:generateCodegenArtifactsFromSchema' as it is up-to-date.

> Task :react-native-safe-area-context:generateCodegenArtifactsFromSchema UP-TO-DATE
Caching disabled for task ':react-native-safe-area-context:generateCodegenArtifactsFromSchema' because:
  Build cache is disabled
  Caching has not been enabled for the task
Skipping task ':react-native-safe-area-context:generateCodegenArtifactsFromSchema' as it is up-to-date.
Resolve mutations for :expo-modules-core:packageReleaseResources (Thread[Execution worker Thread 5,5,main]) started.

> Task :react-native-gesture-handler:generateCodegenArtifactsFromSchema UP-TO-DATE
Caching disabled for task ':react-native-gesture-handler:generateCodegenArtifactsFromSchema' because:
  Build cache is disabled
  Caching has not been enabled for the task
Skipping task ':react-native-gesture-handler:generateCodegenArtifactsFromSchema' as it is up-to-date.
Resolve mutations for :react-native-webview:preBuild (Thread[Execution worker Thread 4,5,main]) started.

> Task :app:generateReactNativeEntryPoint UP-TO-DATE
Caching disabled for task ':app:generateReactNativeEntryPoint' because:
  Build cache is disabled
  Caching has not been enabled for the task
Skipping task ':app:generateReactNativeEntryPoint' as it is up-to-date.
Resolve mutations for :react-native-pager-view:preBuild (Thread[Execution worker Thread 2,5,main]) started.

> Task :expo:generateReleaseResValues UP-TO-DATE
Caching disabled for task ':expo:generateReleaseResValues' because:
  Build cache is disabled
Skipping task ':expo:generateReleaseResValues' as it is up-to-date.
Resolve mutations for :app:checkKotlinGradlePluginConfigurationErrors (Thread[Execution worker Thread 8,5,main]) started.
Resolve mutations for :react-native-gesture-handler:preBuild (Thread[Execution worker Thread 6,5,main]) started.
Resolve mutations for :react-native-safe-area-context:preBuild (Thread[Execution worker Thread 7,5,main]) started.
:react-native-screens:preBuild (Thread[Execution worker,5,main]) started.
Resolve mutations for :react-native-async-storage_async-storage:preBuild (Thread[Execution worker Thread 3,5,main]) started.
:react-native-safe-area-context:preBuild (Thread[Execution worker Thread 7,5,main]) started.
:react-native-async-storage_async-storage:preBuild (Thread[Execution worker Thread 3,5,main]) started.
:react-native-gesture-handler:preBuild (Thread[Execution worker Thread 6,5,main]) started.
:expo-modules-core:packageReleaseResources (Thread[Execution worker Thread 5,5,main]) started.
:app:checkKotlinGradlePluginConfigurationErrors (Thread[Execution worker Thread 8,5,main]) started.
:react-native-pager-view:preBuild (Thread[Execution worker Thread 2,5,main]) started.
Resolve mutations for :expo:generateReleaseResources (Thread[included builds Thread 2,5,main]) started.
:react-native-webview:preBuild (Thread[Execution worker Thread 4,5,main]) started.

> Task :app:checkKotlinGradlePluginConfigurationErrors SKIPPED
Skipping task ':app:checkKotlinGradlePluginConfigurationErrors' as task onlyIf 'errorDiagnostics are present' is false.

> Task :react-native-async-storage_async-storage:preBuild UP-TO-DATE
Skipping task ':react-native-async-storage_async-storage:preBuild' as it has no actions.

> Task :react-native-gesture-handler:preBuild UP-TO-DATE
Skipping task ':react-native-gesture-handler:preBuild' as it has no actions.
Resolve mutations for :react-native-async-storage_async-storage:preReleaseBuild (Thread[Execution worker Thread 3,5,main]) started.
Resolve mutations for :react-native-gesture-handler:preReleaseBuild (Thread[Execution worker Thread 6,5,main]) started.
:react-native-gesture-handler:preReleaseBuild (Thread[Execution worker Thread 6,5,main]) started.
Resolve mutations for :app:createBundleReleaseJsAndAssets (Thread[Execution worker Thread 8,5,main]) started.
:expo:generateReleaseResources (Thread[included builds Thread 2,5,main]) started.

> Task :react-native-pager-view:preBuild UP-TO-DATE
Skipping task ':react-native-pager-view:preBuild' as it has no actions.

> Task :react-native-safe-area-context:preBuild UP-TO-DATE
Skipping task ':react-native-safe-area-context:preBuild' as it has no actions.

> Task :react-native-webview:preBuild UP-TO-DATE
Skipping task ':react-native-webview:preBuild' as it has no actions.
:react-native-async-storage_async-storage:preReleaseBuild (Thread[Execution worker Thread 3,5,main]) started.
Resolve mutations for :react-native-safe-area-context:preReleaseBuild (Thread[Execution worker Thread 7,5,main]) started.

> Task :react-native-screens:preBuild UP-TO-DATE
Skipping task ':react-native-screens:preBuild' as it has no actions.
Resolve mutations for :react-native-webview:preReleaseBuild (Thread[Execution worker Thread 4,5,main]) started.
:react-native-safe-area-context:preReleaseBuild (Thread[Execution worker Thread 7,5,main]) started.
Resolve mutations for :react-native-pager-view:preReleaseBuild (Thread[Execution worker Thread 2,5,main]) started.

> Task :react-native-gesture-handler:preReleaseBuild UP-TO-DATE
Skipping task ':react-native-gesture-handler:preReleaseBuild' as it has no actions.
:react-native-pager-view:preReleaseBuild (Thread[Execution worker Thread 2,5,main]) started.
:react-native-webview:preReleaseBuild (Thread[Execution worker Thread 4,5,main]) started.
Resolve mutations for :react-native-screens:preReleaseBuild (Thread[Execution worker,5,main]) started.

> Task :react-native-async-storage_async-storage:preReleaseBuild UP-TO-DATE
Skipping task ':react-native-async-storage_async-storage:preReleaseBuild' as it has no actions.

> Task :react-native-webview:preReleaseBuild UP-TO-DATE
Skipping task ':react-native-webview:preReleaseBuild' as it has no actions.
:react-native-screens:preReleaseBuild (Thread[Execution worker,5,main]) started.
:app:createBundleReleaseJsAndAssets (Thread[Execution worker Thread 8,5,main]) started.

> Task :react-native-safe-area-context:preReleaseBuild UP-TO-DATE
Skipping task ':react-native-safe-area-context:preReleaseBuild' as it has no actions.
Resolve mutations for :react-native-async-storage_async-storage:writeReleaseAarMetadata (Thread[Execution worker Thread 3,5,main]) started.
Resolve mutations for :react-native-gesture-handler:writeReleaseAarMetadata (Thread[Execution worker Thread 6,5,main]) started.
Resolve mutations for :react-native-safe-area-context:writeReleaseAarMetadata (Thread[Execution worker Thread 7,5,main]) started.

> Task :react-native-pager-view:preReleaseBuild UP-TO-DATE
Skipping task ':react-native-pager-view:preReleaseBuild' as it has no actions.

> Task :react-native-screens:preReleaseBuild UP-TO-DATE
Skipping task ':react-native-screens:preReleaseBuild' as it has no actions.
:react-native-async-storage_async-storage:writeReleaseAarMetadata (Thread[Execution worker Thread 3,5,main]) started.
Resolve mutations for :react-native-webview:writeReleaseAarMetadata (Thread[Execution worker Thread 4,5,main]) started.
Resolve mutations for :react-native-pager-view:writeReleaseAarMetadata (Thread[Execution worker Thread 2,5,main]) started.
Resolve mutations for :react-native-screens:writeReleaseAarMetadata (Thread[Execution worker,5,main]) started.
:react-native-gesture-handler:writeReleaseAarMetadata (Thread[Execution worker Thread 6,5,main]) started.
:react-native-safe-area-context:writeReleaseAarMetadata (Thread[Execution worker Thread 7,5,main]) started.
:react-native-webview:writeReleaseAarMetadata (Thread[Execution worker Thread 4,5,main]) started.
:react-native-pager-view:writeReleaseAarMetadata (Thread[Execution worker Thread 2,5,main]) started.
:react-native-screens:writeReleaseAarMetadata (Thread[Execution worker,5,main]) started.

> Task :react-native-gesture-handler:writeReleaseAarMetadata UP-TO-DATE
Caching disabled for task ':react-native-gesture-handler:writeReleaseAarMetadata' because:
  Build cache is disabled
  Caching has been disabled for the task
Skipping task ':react-native-gesture-handler:writeReleaseAarMetadata' as it is up-to-date.

> Task :react-native-async-storage_async-storage:writeReleaseAarMetadata UP-TO-DATE
Caching disabled for task ':react-native-async-storage_async-storage:writeReleaseAarMetadata' because:
  Build cache is disabled
  Caching has been disabled for the task
Skipping task ':react-native-async-storage_async-storage:writeReleaseAarMetadata' as it is up-to-date.
work action resolve aar-metadata.properties (project :react-native-async-storage_async-storage) (Thread[Execution worker Thread 3,5,main]) started.
work action resolve aar-metadata.properties (project :react-native-gesture-handler) (Thread[Execution worker Thread 6,5,main]) started.

> Task :expo:generateReleaseResources UP-TO-DATE
Caching disabled for task ':expo:generateReleaseResources' because:
  Build cache is disabled
Skipping task ':expo:generateReleaseResources' as it is up-to-date.
Resolve mutations for :react-native-async-storage_async-storage:generateReleaseResValues (Thread[Execution worker Thread 3,5,main]) started.
Resolve mutations for :expo:packageReleaseResources (Thread[included builds Thread 2,5,main]) started.
:react-native-async-storage_async-storage:generateReleaseResValues (Thread[Execution worker Thread 3,5,main]) started.
Resolve mutations for :react-native-gesture-handler:generateReleaseResValues (Thread[Execution worker Thread 6,5,main]) started.
:react-native-gesture-handler:generateReleaseResValues (Thread[Execution worker Thread 6,5,main]) started.
:expo:packageReleaseResources (Thread[included builds Thread 2,5,main]) started.

> Task :react-native-webview:writeReleaseAarMetadata UP-TO-DATE
Caching disabled for task ':react-native-webview:writeReleaseAarMetadata' because:
  Build cache is disabled
  Caching has been disabled for the task
Skipping task ':react-native-webview:writeReleaseAarMetadata' as it is up-to-date.

> Task :react-native-safe-area-context:writeReleaseAarMetadata UP-TO-DATE
Caching disabled for task ':react-native-safe-area-context:writeReleaseAarMetadata' because:
  Build cache is disabled
  Caching has been disabled for the task
Skipping task ':react-native-safe-area-context:writeReleaseAarMetadata' as it is up-to-date.
work action resolve aar-metadata.properties (project :react-native-webview) (Thread[Execution worker Thread 4,5,main]) started.
work action resolve aar-metadata.properties (project :react-native-safe-area-context) (Thread[Execution worker Thread 7,5,main]) started.
Resolve mutations for :react-native-safe-area-context:generateReleaseResValues (Thread[Execution worker Thread 7,5,main]) started.
Resolve mutations for :react-native-webview:generateReleaseResValues (Thread[Execution worker Thread 4,5,main]) started.

> Task :react-native-screens:writeReleaseAarMetadata UP-TO-DATE
Caching disabled for task ':react-native-screens:writeReleaseAarMetadata' because:
  Build cache is disabled
  Caching has been disabled for the task
Skipping task ':react-native-screens:writeReleaseAarMetadata' as it is up-to-date.
:react-native-safe-area-context:generateReleaseResValues (Thread[Execution worker Thread 7,5,main]) started.
:react-native-webview:generateReleaseResValues (Thread[Execution worker Thread 4,5,main]) started.
work action resolve aar-metadata.properties (project :react-native-screens) (Thread[Execution worker,5,main]) started.
Resolve mutations for :react-native-screens:generateReleaseResValues (Thread[Execution worker,5,main]) started.

> Task :react-native-gesture-handler:generateReleaseResValues UP-TO-DATE
Caching disabled for task ':react-native-gesture-handler:generateReleaseResValues' because:
  Build cache is disabled
Skipping task ':react-native-gesture-handler:generateReleaseResValues' as it is up-to-date.

> Task :react-native-async-storage_async-storage:generateReleaseResValues UP-TO-DATE
Caching disabled for task ':react-native-async-storage_async-storage:generateReleaseResValues' because:
  Build cache is disabled
Skipping task ':react-native-async-storage_async-storage:generateReleaseResValues' as it is up-to-date.

> Task :expo-modules-core:packageReleaseResources UP-TO-DATE
Caching disabled for task ':expo-modules-core:packageReleaseResources' because:
  Build cache is disabled
Skipping task ':expo-modules-core:packageReleaseResources' as it is up-to-date.
Resolve mutations for :react-native-async-storage_async-storage:generateReleaseResources (Thread[Execution worker Thread 3,5,main]) started.
Resolve mutations for :react-native-gesture-handler:generateReleaseResources (Thread[Execution worker Thread 6,5,main]) started.
work action resolve packageReleaseResources (project :expo-modules-core) (Thread[Execution worker Thread 5,5,main]) started.
:react-native-async-storage_async-storage:generateReleaseResources (Thread[Execution worker Thread 3,5,main]) started.
:react-native-gesture-handler:generateReleaseResources (Thread[Execution worker Thread 6,5,main]) started.
:react-native-screens:generateReleaseResValues (Thread[Execution worker,5,main]) started.
Resolve mutations for :expo-modules-core:extractDeepLinksRelease (Thread[Execution worker Thread 5,5,main]) started.
:expo-modules-core:extractDeepLinksRelease (Thread[Execution worker Thread 5,5,main]) started.

> Task :react-native-safe-area-context:generateReleaseResValues UP-TO-DATE
Caching disabled for task ':react-native-safe-area-context:generateReleaseResValues' because:
  Build cache is disabled
Skipping task ':react-native-safe-area-context:generateReleaseResValues' as it is up-to-date.

> Task :react-native-webview:generateReleaseResValues UP-TO-DATE
Caching disabled for task ':react-native-webview:generateReleaseResValues' because:
  Build cache is disabled
Skipping task ':react-native-webview:generateReleaseResValues' as it is up-to-date.
Resolve mutations for :react-native-webview:generateReleaseResources (Thread[Execution worker Thread 4,5,main]) started.
Resolve mutations for :react-native-safe-area-context:generateReleaseResources (Thread[Execution worker Thread 7,5,main]) started.
:react-native-webview:generateReleaseResources (Thread[Execution worker Thread 4,5,main]) started.
:react-native-safe-area-context:generateReleaseResources (Thread[Execution worker Thread 7,5,main]) started.

> Task :react-native-async-storage_async-storage:generateReleaseResources UP-TO-DATE
Caching disabled for task ':react-native-async-storage_async-storage:generateReleaseResources' because:
  Build cache is disabled
Skipping task ':react-native-async-storage_async-storage:generateReleaseResources' as it is up-to-date.

> Task :react-native-screens:generateReleaseResValues UP-TO-DATE
Caching disabled for task ':react-native-screens:generateReleaseResValues' because:
  Build cache is disabled
Skipping task ':react-native-screens:generateReleaseResValues' as it is up-to-date.
Resolve mutations for :react-native-async-storage_async-storage:packageReleaseResources (Thread[Execution worker Thread 3,5,main]) started.
:react-native-async-storage_async-storage:packageReleaseResources (Thread[Execution worker Thread 3,5,main]) started.

> Task :react-native-gesture-handler:generateReleaseResources UP-TO-DATE
Caching disabled for task ':react-native-gesture-handler:generateReleaseResources' because:
  Build cache is disabled
Skipping task ':react-native-gesture-handler:generateReleaseResources' as it is up-to-date.
Resolve mutations for :react-native-gesture-handler:packageReleaseResources (Thread[Execution worker Thread 6,5,main]) started.

> Task :expo-modules-core:extractDeepLinksRelease UP-TO-DATE
Caching disabled for task ':expo-modules-core:extractDeepLinksRelease' because:
  Build cache is disabled
Skipping task ':expo-modules-core:extractDeepLinksRelease' as it is up-to-date.
work action resolve navigation.json (project :expo-modules-core) (Thread[Execution worker Thread 5,5,main]) started.
Resolve mutations for :expo-modules-core:processReleaseManifest (Thread[Execution worker Thread 5,5,main]) started.
:expo-modules-core:processReleaseManifest (Thread[Execution worker Thread 5,5,main]) started.
Resolve mutations for :react-native-screens:generateReleaseResources (Thread[Execution worker,5,main]) started.
:react-native-screens:generateReleaseResources (Thread[Execution worker,5,main]) started.

> Task :react-native-safe-area-context:generateReleaseResources UP-TO-DATE
Caching disabled for task ':react-native-safe-area-context:generateReleaseResources' because:
  Build cache is disabled
Skipping task ':react-native-safe-area-context:generateReleaseResources' as it is up-to-date.
:react-native-gesture-handler:packageReleaseResources (Thread[Execution worker Thread 6,5,main]) started.
Resolve mutations for :react-native-safe-area-context:packageReleaseResources (Thread[Execution worker Thread 7,5,main]) started.

> Task :react-native-webview:generateReleaseResources UP-TO-DATE
Caching disabled for task ':react-native-webview:generateReleaseResources' because:
  Build cache is disabled
Skipping task ':react-native-webview:generateReleaseResources' as it is up-to-date.
Resolve mutations for :react-native-webview:packageReleaseResources (Thread[Execution worker Thread 4,5,main]) started.
:react-native-webview:packageReleaseResources (Thread[Execution worker Thread 4,5,main]) started.
:react-native-safe-area-context:packageReleaseResources (Thread[Execution worker Thread 7,5,main]) started.

> Task :expo-modules-core:processReleaseManifest UP-TO-DATE
Caching disabled for task ':expo-modules-core:processReleaseManifest' because:
  Build cache is disabled
Skipping task ':expo-modules-core:processReleaseManifest' as it is up-to-date.
work action resolve AndroidManifest.xml (project :expo-modules-core) (Thread[Execution worker Thread 5,5,main]) started.

> Task :react-native-async-storage_async-storage:packageReleaseResources UP-TO-DATE
Caching disabled for task ':react-native-async-storage_async-storage:packageReleaseResources' because:
  Build cache is disabled
Skipping task ':react-native-async-storage_async-storage:packageReleaseResources' as it is up-to-date.
work action resolve packageReleaseResources (project :react-native-async-storage_async-storage) (Thread[Execution worker Thread 3,5,main]) started.
Resolve mutations for :expo-modules-core:compileReleaseLibraryResources (Thread[Execution worker Thread 5,5,main]) started.

> Task :react-native-screens:generateReleaseResources UP-TO-DATE
Caching disabled for task ':react-native-screens:generateReleaseResources' because:
  Build cache is disabled
Skipping task ':react-native-screens:generateReleaseResources' as it is up-to-date.
Resolve mutations for :react-native-async-storage_async-storage:extractDeepLinksRelease (Thread[Execution worker Thread 3,5,main]) started.
Resolve mutations for :react-native-screens:packageReleaseResources (Thread[Execution worker,5,main]) started.
:expo-modules-core:compileReleaseLibraryResources (Thread[Execution worker Thread 5,5,main]) started.
:react-native-async-storage_async-storage:extractDeepLinksRelease (Thread[Execution worker Thread 3,5,main]) started.
:react-native-screens:packageReleaseResources (Thread[Execution worker,5,main]) started.

> Task :react-native-async-storage_async-storage:extractDeepLinksRelease UP-TO-DATE
Caching disabled for task ':react-native-async-storage_async-storage:extractDeepLinksRelease' because:
  Build cache is disabled
Skipping task ':react-native-async-storage_async-storage:extractDeepLinksRelease' as it is up-to-date.

> Task :expo-modules-core:compileReleaseLibraryResources UP-TO-DATE
Caching disabled for task ':expo-modules-core:compileReleaseLibraryResources' because:
  Build cache is disabled
Skipping task ':expo-modules-core:compileReleaseLibraryResources' as it is up-to-date.
work action resolve navigation.json (project :react-native-async-storage_async-storage) (Thread[Execution worker Thread 3,5,main]) started.

> Task :react-native-gesture-handler:packageReleaseResources UP-TO-DATE
Caching disabled for task ':react-native-gesture-handler:packageReleaseResources' because:
  Build cache is disabled
Skipping task ':react-native-gesture-handler:packageReleaseResources' as it is up-to-date.
work action resolve out (project :expo-modules-core) (Thread[Execution worker Thread 5,5,main]) started.
work action resolve packageReleaseResources (project :react-native-gesture-handler) (Thread[Execution worker Thread 6,5,main]) started.
Resolve mutations for :expo-modules-core:parseReleaseLocalResources (Thread[Execution worker Thread 10,5,main]) started.
Resolve mutations for :react-native-async-storage_async-storage:processReleaseManifest (Thread[Execution worker Thread 5,5,main]) started.
Resolve mutations for :react-native-gesture-handler:extractDeepLinksRelease (Thread[Execution worker Thread 6,5,main]) started.
:expo-modules-core:parseReleaseLocalResources (Thread[Execution worker Thread 10,5,main]) started.
:react-native-async-storage_async-storage:processReleaseManifest (Thread[Execution worker Thread 6,5,main]) started.
:react-native-gesture-handler:extractDeepLinksRelease (Thread[Execution worker Thread 11,5,main]) started.

> Task :react-native-safe-area-context:packageReleaseResources UP-TO-DATE
Caching disabled for task ':react-native-safe-area-context:packageReleaseResources' because:
  Build cache is disabled
Skipping task ':react-native-safe-area-context:packageReleaseResources' as it is up-to-date.
work action resolve packageReleaseResources (project :react-native-safe-area-context) (Thread[Execution worker Thread 7,5,main]) started.
Resolve mutations for :react-native-safe-area-context:extractDeepLinksRelease (Thread[Execution worker Thread 7,5,main]) started.
:react-native-safe-area-context:extractDeepLinksRelease (Thread[Execution worker Thread 7,5,main]) started.

> Task :react-native-gesture-handler:extractDeepLinksRelease UP-TO-DATE
Caching disabled for task ':react-native-gesture-handler:extractDeepLinksRelease' because:
  Build cache is disabled
Skipping task ':react-native-gesture-handler:extractDeepLinksRelease' as it is up-to-date.
work action resolve navigation.json (project :react-native-gesture-handler) (Thread[Execution worker Thread 11,5,main]) started.
Resolve mutations for :react-native-gesture-handler:processReleaseManifest (Thread[Execution worker Thread 11,5,main]) started.

> Task :react-native-safe-area-context:extractDeepLinksRelease UP-TO-DATE
Caching disabled for task ':react-native-safe-area-context:extractDeepLinksRelease' because:
  Build cache is disabled
Skipping task ':react-native-safe-area-context:extractDeepLinksRelease' as it is up-to-date.
work action resolve navigation.json (project :react-native-safe-area-context) (Thread[Execution worker Thread 7,5,main]) started.
:react-native-gesture-handler:processReleaseManifest (Thread[Execution worker Thread 11,5,main]) started.
Resolve mutations for :react-native-safe-area-context:processReleaseManifest (Thread[Execution worker Thread 7,5,main]) started.
:react-native-safe-area-context:processReleaseManifest (Thread[Execution worker Thread 7,5,main]) started.

> Task :react-native-async-storage_async-storage:processReleaseManifest UP-TO-DATE
Caching disabled for task ':react-native-async-storage_async-storage:processReleaseManifest' because:
  Build cache is disabled
Skipping task ':react-native-async-storage_async-storage:processReleaseManifest' as it is up-to-date.

> Task :expo-modules-core:parseReleaseLocalResources UP-TO-DATE
Caching disabled for task ':expo-modules-core:parseReleaseLocalResources' because:
  Build cache is disabled
Skipping task ':expo-modules-core:parseReleaseLocalResources' as it is up-to-date.
Resolve mutations for :expo-modules-core:generateReleaseRFile (Thread[Execution worker Thread 10,5,main]) started.
work action resolve AndroidManifest.xml (project :react-native-async-storage_async-storage) (Thread[Execution worker Thread 6,5,main]) started.
Resolve mutations for :react-native-async-storage_async-storage:compileReleaseLibraryResources (Thread[Execution worker Thread 6,5,main]) started.
:expo-modules-core:generateReleaseRFile (Thread[Execution worker Thread 10,5,main]) started.
:react-native-async-storage_async-storage:compileReleaseLibraryResources (Thread[Execution worker Thread 6,5,main]) started.

> Task :react-native-screens:packageReleaseResources UP-TO-DATE
Caching disabled for task ':react-native-screens:packageReleaseResources' because:
  Build cache is disabled
Skipping task ':react-native-screens:packageReleaseResources' as it is up-to-date.
work action resolve packageReleaseResources (project :react-native-screens) (Thread[Execution worker,5,main]) started.
Resolve mutations for :react-native-screens:extractDeepLinksRelease (Thread[Execution worker,5,main]) started.
:react-native-screens:extractDeepLinksRelease (Thread[Execution worker,5,main]) started.

> Task :react-native-async-storage_async-storage:compileReleaseLibraryResources UP-TO-DATE
Caching disabled for task ':react-native-async-storage_async-storage:compileReleaseLibraryResources' because:
  Build cache is disabled
Skipping task ':react-native-async-storage_async-storage:compileReleaseLibraryResources' as it is up-to-date.
work action resolve out (project :react-native-async-storage_async-storage) (Thread[Execution worker Thread 6,5,main]) started.
Resolve mutations for :react-native-async-storage_async-storage:parseReleaseLocalResources (Thread[Execution worker Thread 6,5,main]) started.

> Task :react-native-gesture-handler:processReleaseManifest UP-TO-DATE
Caching disabled for task ':react-native-gesture-handler:processReleaseManifest' because:
  Build cache is disabled
Skipping task ':react-native-gesture-handler:processReleaseManifest' as it is up-to-date.
work action resolve AndroidManifest.xml (project :react-native-gesture-handler) (Thread[Execution worker Thread 11,5,main]) started.

> Task :react-native-safe-area-context:processReleaseManifest UP-TO-DATE
Caching disabled for task ':react-native-safe-area-context:processReleaseManifest' because:
  Build cache is disabled
Skipping task ':react-native-safe-area-context:processReleaseManifest' as it is up-to-date.
Resolve mutations for :react-native-gesture-handler:compileReleaseLibraryResources (Thread[Execution worker Thread 11,5,main]) started.
:react-native-async-storage_async-storage:parseReleaseLocalResources (Thread[Execution worker Thread 6,5,main]) started.
:react-native-gesture-handler:compileReleaseLibraryResources (Thread[Execution worker Thread 11,5,main]) started.
work action resolve AndroidManifest.xml (project :react-native-safe-area-context) (Thread[Execution worker Thread 7,5,main]) started.
Resolve mutations for :react-native-safe-area-context:compileReleaseLibraryResources (Thread[Execution worker Thread 7,5,main]) started.
:react-native-safe-area-context:compileReleaseLibraryResources (Thread[Execution worker Thread 7,5,main]) started.

> Task :react-native-screens:extractDeepLinksRelease UP-TO-DATE
Caching disabled for task ':react-native-screens:extractDeepLinksRelease' because:
  Build cache is disabled
Skipping task ':react-native-screens:extractDeepLinksRelease' as it is up-to-date.

> Task :expo-modules-core:generateReleaseRFile UP-TO-DATE
Caching disabled for task ':expo-modules-core:generateReleaseRFile' because:
  Build cache is disabled
Skipping task ':expo-modules-core:generateReleaseRFile' as it is up-to-date.
work action resolve package-aware-r.txt (project :expo-modules-core) (Thread[Execution worker Thread 10,5,main]) started.
Resolve mutations for :expo-modules-core:checkKotlinGradlePluginConfigurationErrors (Thread[Execution worker Thread 10,5,main]) started.
work action resolve navigation.json (project :react-native-screens) (Thread[Execution worker,5,main]) started.
Resolve mutations for :react-native-screens:processReleaseManifest (Thread[Execution worker,5,main]) started.
:expo-modules-core:checkKotlinGradlePluginConfigurationErrors (Thread[Execution worker Thread 10,5,main]) started.
:react-native-screens:processReleaseManifest (Thread[Execution worker,5,main]) started.

> Task :expo-modules-core:checkKotlinGradlePluginConfigurationErrors SKIPPED
Skipping task ':expo-modules-core:checkKotlinGradlePluginConfigurationErrors' as task onlyIf 'errorDiagnostics are present' is false.
Resolve mutations for :expo-modules-core:generateReleaseBuildConfig (Thread[Execution worker Thread 10,5,main]) started.
:expo-modules-core:generateReleaseBuildConfig (Thread[Execution worker Thread 10,5,main]) started.

> Task :react-native-gesture-handler:compileReleaseLibraryResources UP-TO-DATE
Caching disabled for task ':react-native-gesture-handler:compileReleaseLibraryResources' because:
  Build cache is disabled
Skipping task ':react-native-gesture-handler:compileReleaseLibraryResources' as it is up-to-date.
work action resolve out (project :react-native-gesture-handler) (Thread[Execution worker Thread 11,5,main]) started.
Resolve mutations for :react-native-gesture-handler:parseReleaseLocalResources (Thread[Execution worker Thread 11,5,main]) started.
:react-native-gesture-handler:parseReleaseLocalResources (Thread[Execution worker Thread 11,5,main]) started.

> Task :react-native-safe-area-context:compileReleaseLibraryResources UP-TO-DATE
Caching disabled for task ':react-native-safe-area-context:compileReleaseLibraryResources' because:
  Build cache is disabled
Skipping task ':react-native-safe-area-context:compileReleaseLibraryResources' as it is up-to-date.

> Task :react-native-async-storage_async-storage:parseReleaseLocalResources UP-TO-DATE
Caching disabled for task ':react-native-async-storage_async-storage:parseReleaseLocalResources' because:
  Build cache is disabled
Skipping task ':react-native-async-storage_async-storage:parseReleaseLocalResources' as it is up-to-date.
Resolve mutations for :react-native-async-storage_async-storage:generateReleaseRFile (Thread[Execution worker Thread 6,5,main]) started.
work action resolve out (project :react-native-safe-area-context) (Thread[Execution worker Thread 7,5,main]) started.
Resolve mutations for :react-native-safe-area-context:parseReleaseLocalResources (Thread[Execution worker Thread 7,5,main]) started.

> Task :expo-modules-core:generateReleaseBuildConfig UP-TO-DATE
Caching disabled for task ':expo-modules-core:generateReleaseBuildConfig' because:
  Build cache is disabled
Skipping task ':expo-modules-core:generateReleaseBuildConfig' as it is up-to-date.
:react-native-async-storage_async-storage:generateReleaseRFile (Thread[Execution worker Thread 6,5,main]) started.
Resolve mutations for :expo-modules-core:compileReleaseKotlin (Thread[Execution worker Thread 10,5,main]) started.
:react-native-safe-area-context:parseReleaseLocalResources (Thread[Execution worker Thread 7,5,main]) started.
:expo-modules-core:compileReleaseKotlin (Thread[Execution worker Thread 10,5,main]) started.

> Task :react-native-screens:processReleaseManifest UP-TO-DATE
Caching disabled for task ':react-native-screens:processReleaseManifest' because:
  Build cache is disabled
Skipping task ':react-native-screens:processReleaseManifest' as it is up-to-date.
work action resolve AndroidManifest.xml (project :react-native-screens) (Thread[Execution worker,5,main]) started.
Resolve mutations for :react-native-screens:compileReleaseLibraryResources (Thread[Execution worker,5,main]) started.
:react-native-screens:compileReleaseLibraryResources (Thread[Execution worker,5,main]) started.

> Task :react-native-gesture-handler:parseReleaseLocalResources UP-TO-DATE
Caching disabled for task ':react-native-gesture-handler:parseReleaseLocalResources' because:
  Build cache is disabled
Skipping task ':react-native-gesture-handler:parseReleaseLocalResources' as it is up-to-date.
Resolve mutations for :react-native-gesture-handler:generateReleaseRFile (Thread[Execution worker Thread 11,5,main]) started.

> Task :react-native-safe-area-context:parseReleaseLocalResources UP-TO-DATE
Caching disabled for task ':react-native-safe-area-context:parseReleaseLocalResources' because:
  Build cache is disabled
Skipping task ':react-native-safe-area-context:parseReleaseLocalResources' as it is up-to-date.
:react-native-gesture-handler:generateReleaseRFile (Thread[Execution worker Thread 11,5,main]) started.
Resolve mutations for :react-native-safe-area-context:generateReleaseRFile (Thread[Execution worker Thread 7,5,main]) started.

> Task :react-native-screens:compileReleaseLibraryResources UP-TO-DATE
Caching disabled for task ':react-native-screens:compileReleaseLibraryResources' because:
  Build cache is disabled
Skipping task ':react-native-screens:compileReleaseLibraryResources' as it is up-to-date.
work action resolve out (project :react-native-screens) (Thread[Execution worker,5,main]) started.
:react-native-safe-area-context:generateReleaseRFile (Thread[Execution worker Thread 7,5,main]) started.
Resolve mutations for :react-native-screens:parseReleaseLocalResources (Thread[Execution worker,5,main]) started.

> Task :react-native-async-storage_async-storage:generateReleaseRFile UP-TO-DATE
Caching disabled for task ':react-native-async-storage_async-storage:generateReleaseRFile' because:
  Build cache is disabled
Skipping task ':react-native-async-storage_async-storage:generateReleaseRFile' as it is up-to-date.
:react-native-screens:parseReleaseLocalResources (Thread[Execution worker,5,main]) started.
work action resolve package-aware-r.txt (project :react-native-async-storage_async-storage) (Thread[Execution worker Thread 6,5,main]) started.
Resolve mutations for :react-native-async-storage_async-storage:checkKotlinGradlePluginConfigurationErrors (Thread[Execution worker Thread 6,5,main]) started.
:react-native-async-storage_async-storage:checkKotlinGradlePluginConfigurationErrors (Thread[Execution worker Thread 6,5,main]) started.

> Task :react-native-async-storage_async-storage:checkKotlinGradlePluginConfigurationErrors SKIPPED
Skipping task ':react-native-async-storage_async-storage:checkKotlinGradlePluginConfigurationErrors' as task onlyIf 'errorDiagnostics are present' is false.
Resolve mutations for :react-native-async-storage_async-storage:generateReleaseBuildConfig (Thread[Execution worker Thread 6,5,main]) started.
:react-native-async-storage_async-storage:generateReleaseBuildConfig (Thread[Execution worker Thread 6,5,main]) started.

> Task :react-native-screens:parseReleaseLocalResources UP-TO-DATE
Caching disabled for task ':react-native-screens:parseReleaseLocalResources' because:
  Build cache is disabled
Skipping task ':react-native-screens:parseReleaseLocalResources' as it is up-to-date.

> Task :react-native-async-storage_async-storage:generateReleaseBuildConfig UP-TO-DATE
Caching disabled for task ':react-native-async-storage_async-storage:generateReleaseBuildConfig' because:
  Build cache is disabled
Skipping task ':react-native-async-storage_async-storage:generateReleaseBuildConfig' as it is up-to-date.
Resolve mutations for :react-native-screens:generateReleaseRFile (Thread[Execution worker,5,main]) started.
:react-native-screens:generateReleaseRFile (Thread[Execution worker,5,main]) started.

> Task :react-native-safe-area-context:generateReleaseRFile UP-TO-DATE
Caching disabled for task ':react-native-safe-area-context:generateReleaseRFile' because:
  Build cache is disabled
Skipping task ':react-native-safe-area-context:generateReleaseRFile' as it is up-to-date.
Resolve mutations for :react-native-async-storage_async-storage:kspReleaseKotlin (Thread[Execution worker Thread 6,5,main]) started.
work action resolve package-aware-r.txt (project :react-native-safe-area-context) (Thread[Execution worker Thread 7,5,main]) started.
Resolve mutations for :react-native-safe-area-context:checkKotlinGradlePluginConfigurationErrors (Thread[Execution worker Thread 7,5,main]) started.
:react-native-async-storage_async-storage:kspReleaseKotlin (Thread[Execution worker Thread 6,5,main]) started.
:react-native-safe-area-context:checkKotlinGradlePluginConfigurationErrors (Thread[Execution worker Thread 7,5,main]) started.

> Task :react-native-safe-area-context:checkKotlinGradlePluginConfigurationErrors SKIPPED
Skipping task ':react-native-safe-area-context:checkKotlinGradlePluginConfigurationErrors' as task onlyIf 'errorDiagnostics are present' is false.
Resolve mutations for :react-native-safe-area-context:generateReleaseBuildConfig (Thread[Execution worker Thread 7,5,main]) started.
:react-native-safe-area-context:generateReleaseBuildConfig (Thread[Execution worker Thread 7,5,main]) started.

> Task :react-native-safe-area-context:generateReleaseBuildConfig UP-TO-DATE
Caching disabled for task ':react-native-safe-area-context:generateReleaseBuildConfig' because:
  Build cache is disabled
Skipping task ':react-native-safe-area-context:generateReleaseBuildConfig' as it is up-to-date.

> Task :react-native-screens:generateReleaseRFile UP-TO-DATE
Caching disabled for task ':react-native-screens:generateReleaseRFile' because:
  Build cache is disabled
Skipping task ':react-native-screens:generateReleaseRFile' as it is up-to-date.
work action resolve package-aware-r.txt (project :react-native-screens) (Thread[Execution worker,5,main]) started.
Resolve mutations for :react-native-safe-area-context:compileReleaseKotlin (Thread[Execution worker Thread 7,5,main]) started.
Resolve mutations for :react-native-screens:checkKotlinGradlePluginConfigurationErrors (Thread[Execution worker,5,main]) started.
:react-native-screens:checkKotlinGradlePluginConfigurationErrors (Thread[Execution worker,5,main]) started.

> Task :react-native-screens:checkKotlinGradlePluginConfigurationErrors SKIPPED
Skipping task ':react-native-screens:checkKotlinGradlePluginConfigurationErrors' as task onlyIf 'errorDiagnostics are present' is false.
:react-native-safe-area-context:compileReleaseKotlin (Thread[Execution worker Thread 7,5,main]) started.
Resolve mutations for :react-native-screens:generateReleaseBuildConfig (Thread[Execution worker,5,main]) started.
:react-native-screens:generateReleaseBuildConfig (Thread[Execution worker,5,main]) started.

> Task :react-native-screens:generateReleaseBuildConfig UP-TO-DATE
Caching disabled for task ':react-native-screens:generateReleaseBuildConfig' because:
  Build cache is disabled
Skipping task ':react-native-screens:generateReleaseBuildConfig' as it is up-to-date.
Resolve mutations for :react-native-screens:compileReleaseKotlin (Thread[Execution worker,5,main]) started.
:react-native-screens:compileReleaseKotlin (Thread[Execution worker,5,main]) started.

> Task :react-native-pager-view:writeReleaseAarMetadata UP-TO-DATE
Caching disabled for task ':react-native-pager-view:writeReleaseAarMetadata' because:
  Build cache is disabled
  Caching has been disabled for the task
Skipping task ':react-native-pager-view:writeReleaseAarMetadata' as it is up-to-date.
work action resolve aar-metadata.properties (project :react-native-pager-view) (Thread[Execution worker Thread 2,5,main]) started.
Resolve mutations for :react-native-pager-view:generateReleaseResValues (Thread[Execution worker Thread 2,5,main]) started.
:react-native-pager-view:generateReleaseResValues (Thread[Execution worker Thread 2,5,main]) started.

> Task :expo:packageReleaseResources UP-TO-DATE
Caching disabled for task ':expo:packageReleaseResources' because:
  Build cache is disabled
Skipping task ':expo:packageReleaseResources' as it is up-to-date.
work action resolve packageReleaseResources (project :expo) (Thread[included builds Thread 2,5,main]) started.
Resolve mutations for :expo:extractDeepLinksRelease (Thread[included builds Thread 2,5,main]) started.

> Task :react-native-pager-view:generateReleaseResValues UP-TO-DATE
Caching disabled for task ':react-native-pager-view:generateReleaseResValues' because:
  Build cache is disabled
Skipping task ':react-native-pager-view:generateReleaseResValues' as it is up-to-date.
Resolve mutations for :react-native-pager-view:generateReleaseResources (Thread[Execution worker Thread 2,5,main]) started.
:react-native-pager-view:generateReleaseResources (Thread[Execution worker Thread 2,5,main]) started.
:expo:extractDeepLinksRelease (Thread[included builds Thread 2,5,main]) started.

> Task :react-native-safe-area-context:compileReleaseKotlin UP-TO-DATE
Adding -Xuse-inline-scopes-numbers Kotlin compiler flag for task :react-native-safe-area-context:compileDebugAndroidTestKotlin
GradleBuildProject.Builder should not be accessed through AnalyticsConfiguratorService after AnalyticsService is created. Analytics information of this build might be incomplete.
Caching disabled for task ':react-native-safe-area-context:compileReleaseKotlin' because:
  Build cache is disabled
Skipping task ':react-native-safe-area-context:compileReleaseKotlin' as it is up-to-date.
Resolve mutations for :react-native-safe-area-context:javaPreCompileRelease (Thread[Execution worker Thread 7,5,main]) started.

> Task :react-native-gesture-handler:generateReleaseRFile UP-TO-DATE
Caching disabled for task ':react-native-gesture-handler:generateReleaseRFile' because:
  Build cache is disabled
Skipping task ':react-native-gesture-handler:generateReleaseRFile' as it is up-to-date.
:react-native-safe-area-context:javaPreCompileRelease (Thread[Execution worker Thread 7,5,main]) started.
work action resolve package-aware-r.txt (project :react-native-gesture-handler) (Thread[Execution worker Thread 11,5,main]) started.
Resolve mutations for :react-native-gesture-handler:checkKotlinGradlePluginConfigurationErrors (Thread[Execution worker Thread 11,5,main]) started.
:react-native-gesture-handler:checkKotlinGradlePluginConfigurationErrors (Thread[Execution worker Thread 11,5,main]) started.

> Task :react-native-pager-view:generateReleaseResources UP-TO-DATE
Caching disabled for task ':react-native-pager-view:generateReleaseResources' because:
  Build cache is disabled
Skipping task ':react-native-pager-view:generateReleaseResources' as it is up-to-date.

> Task :expo:extractDeepLinksRelease UP-TO-DATE
Caching disabled for task ':expo:extractDeepLinksRelease' because:
  Build cache is disabled
Skipping task ':expo:extractDeepLinksRelease' as it is up-to-date.

> Task :react-native-webview:packageReleaseResources UP-TO-DATE
Caching disabled for task ':react-native-webview:packageReleaseResources' because:
  Build cache is disabled
Skipping task ':react-native-webview:packageReleaseResources' as it is up-to-date.
work action resolve navigation.json (project :expo) (Thread[included builds Thread 2,5,main]) started.
Resolve mutations for :expo:processReleaseManifest (Thread[included builds Thread 2,5,main]) started.
work action resolve packageReleaseResources (project :react-native-webview) (Thread[Execution worker Thread 4,5,main]) started.
Resolve mutations for :react-native-pager-view:packageReleaseResources (Thread[Execution worker Thread 2,5,main]) started.
Resolve mutations for :react-native-webview:extractDeepLinksRelease (Thread[Execution worker Thread 4,5,main]) started.
:react-native-webview:extractDeepLinksRelease (Thread[Execution worker Thread 4,5,main]) started.

> Task :react-native-safe-area-context:javaPreCompileRelease UP-TO-DATE
Caching disabled for task ':react-native-safe-area-context:javaPreCompileRelease' because:
  Build cache is disabled
Skipping task ':react-native-safe-area-context:javaPreCompileRelease' as it is up-to-date.
:expo:processReleaseManifest (Thread[included builds Thread 2,5,main]) started.

> Task :react-native-gesture-handler:checkKotlinGradlePluginConfigurationErrors SKIPPED
Skipping task ':react-native-gesture-handler:checkKotlinGradlePluginConfigurationErrors' as task onlyIf 'errorDiagnostics are present' is false.
Resolve mutations for :react-native-safe-area-context:compileReleaseJavaWithJavac (Thread[Execution worker Thread 7,5,main]) started.
:react-native-pager-view:packageReleaseResources (Thread[Execution worker Thread 2,5,main]) started.
Resolve mutations for :react-native-gesture-handler:generateReleaseBuildConfig (Thread[Execution worker Thread 11,5,main]) started.
:react-native-gesture-handler:generateReleaseBuildConfig (Thread[Execution worker Thread 11,5,main]) started.
:react-native-safe-area-context:compileReleaseJavaWithJavac (Thread[Execution worker Thread 7,5,main]) started.

> Task :react-native-webview:extractDeepLinksRelease UP-TO-DATE
Caching disabled for task ':react-native-webview:extractDeepLinksRelease' because:
  Build cache is disabled
Skipping task ':react-native-webview:extractDeepLinksRelease' as it is up-to-date.
work action resolve navigation.json (project :react-native-webview) (Thread[Execution worker Thread 4,5,main]) started.
Resolve mutations for :react-native-webview:processReleaseManifest (Thread[Execution worker Thread 4,5,main]) started.
:react-native-webview:processReleaseManifest (Thread[Execution worker Thread 4,5,main]) started.

> Task :react-native-gesture-handler:generateReleaseBuildConfig UP-TO-DATE
Caching disabled for task ':react-native-gesture-handler:generateReleaseBuildConfig' because:
  Build cache is disabled
Skipping task ':react-native-gesture-handler:generateReleaseBuildConfig' as it is up-to-date.
Resolve mutations for :react-native-gesture-handler:compileReleaseKotlin (Thread[Execution worker Thread 11,5,main]) started.
:react-native-gesture-handler:compileReleaseKotlin (Thread[Execution worker Thread 11,5,main]) started.

> Task :expo:processReleaseManifest UP-TO-DATE
Caching disabled for task ':expo:processReleaseManifest' because:
  Build cache is disabled
Skipping task ':expo:processReleaseManifest' as it is up-to-date.
work action resolve AndroidManifest.xml (project :expo) (Thread[included builds Thread 2,5,main]) started.
Resolve mutations for :expo:compileReleaseLibraryResources (Thread[included builds Thread 2,5,main]) started.
:expo:compileReleaseLibraryResources (Thread[included builds Thread 2,5,main]) started.

> Task :react-native-webview:processReleaseManifest UP-TO-DATE
Caching disabled for task ':react-native-webview:processReleaseManifest' because:
  Build cache is disabled
Skipping task ':react-native-webview:processReleaseManifest' as it is up-to-date.

> Task :react-native-pager-view:packageReleaseResources UP-TO-DATE
Caching disabled for task ':react-native-pager-view:packageReleaseResources' because:
  Build cache is disabled
Skipping task ':react-native-pager-view:packageReleaseResources' as it is up-to-date.
work action resolve AndroidManifest.xml (project :react-native-webview) (Thread[Execution worker Thread 4,5,main]) started.
work action resolve packageReleaseResources (project :react-native-pager-view) (Thread[Execution worker Thread 2,5,main]) started.
Resolve mutations for :react-native-webview:compileReleaseLibraryResources (Thread[Execution worker Thread 4,5,main]) started.
Resolve mutations for :react-native-pager-view:extractDeepLinksRelease (Thread[Execution worker Thread 2,5,main]) started.
:react-native-webview:compileReleaseLibraryResources (Thread[Execution worker Thread 4,5,main]) started.
:react-native-pager-view:extractDeepLinksRelease (Thread[Execution worker Thread 2,5,main]) started.

> Task :expo:compileReleaseLibraryResources UP-TO-DATE
Caching disabled for task ':expo:compileReleaseLibraryResources' because:
  Build cache is disabled
Skipping task ':expo:compileReleaseLibraryResources' as it is up-to-date.

> Task :react-native-pager-view:extractDeepLinksRelease UP-TO-DATE
Caching disabled for task ':react-native-pager-view:extractDeepLinksRelease' because:
  Build cache is disabled
Skipping task ':react-native-pager-view:extractDeepLinksRelease' as it is up-to-date.
work action resolve out (project :expo) (Thread[included builds Thread 2,5,main]) started.

> Task :react-native-webview:compileReleaseLibraryResources UP-TO-DATE
Caching disabled for task ':react-native-webview:compileReleaseLibraryResources' because:
  Build cache is disabled
Skipping task ':react-native-webview:compileReleaseLibraryResources' as it is up-to-date.
work action resolve navigation.json (project :react-native-pager-view) (Thread[Execution worker Thread 2,5,main]) started.
Resolve mutations for :expo:parseReleaseLocalResources (Thread[included builds Thread 2,5,main]) started.
Resolve mutations for :react-native-pager-view:processReleaseManifest (Thread[Execution worker Thread 2,5,main]) started.
:expo:parseReleaseLocalResources (Thread[included builds Thread 2,5,main]) started.
:react-native-pager-view:processReleaseManifest (Thread[Execution worker Thread 2,5,main]) started.
work action resolve out (project :react-native-webview) (Thread[Execution worker Thread 4,5,main]) started.
Resolve mutations for :react-native-webview:parseReleaseLocalResources (Thread[Execution worker Thread 4,5,main]) started.
:react-native-webview:parseReleaseLocalResources (Thread[Execution worker Thread 4,5,main]) started.

> Task :react-native-safe-area-context:compileReleaseJavaWithJavac UP-TO-DATE
Custom actions are attached to task ':react-native-safe-area-context:compileReleaseJavaWithJavac'.
Caching disabled for task ':react-native-safe-area-context:compileReleaseJavaWithJavac' because:
  Build cache is disabled
Skipping task ':react-native-safe-area-context:compileReleaseJavaWithJavac' as it is up-to-date.
No compile result for :react-native-safe-area-context:compileReleaseJavaWithJavac
No compile result for :react-native-safe-area-context:compileReleaseJavaWithJavac
No compile result for :react-native-safe-area-context:compileReleaseJavaWithJavac
No compile result for :react-native-safe-area-context:compileReleaseJavaWithJavac
No compile result for :react-native-safe-area-context:compileReleaseJavaWithJavac

> Task :react-native-pager-view:processReleaseManifest UP-TO-DATE
Caching disabled for task ':react-native-pager-view:processReleaseManifest' because:
  Build cache is disabled
Skipping task ':react-native-pager-view:processReleaseManifest' as it is up-to-date.

> Task :expo:parseReleaseLocalResources UP-TO-DATE
Caching disabled for task ':expo:parseReleaseLocalResources' because:
  Build cache is disabled
Skipping task ':expo:parseReleaseLocalResources' as it is up-to-date.

> Task :react-native-webview:parseReleaseLocalResources UP-TO-DATE
Caching disabled for task ':react-native-webview:parseReleaseLocalResources' because:
  Build cache is disabled
Skipping task ':react-native-webview:parseReleaseLocalResources' as it is up-to-date.
work action resolve AndroidManifest.xml (project :react-native-pager-view) (Thread[Execution worker Thread 2,5,main]) started.
Resolve mutations for :react-native-pager-view:compileReleaseLibraryResources (Thread[Execution worker Thread 2,5,main]) started.
Resolve mutations for :react-native-safe-area-context:bundleLibCompileToJarRelease (Thread[Execution worker Thread 7,5,main]) started.
Resolve mutations for :react-native-webview:generateReleaseRFile (Thread[Execution worker Thread 4,5,main]) started.
:react-native-safe-area-context:bundleLibCompileToJarRelease (Thread[Execution worker Thread 7,5,main]) started.
:react-native-webview:generateReleaseRFile (Thread[Execution worker Thread 4,5,main]) started.
:react-native-pager-view:compileReleaseLibraryResources (Thread[Execution worker Thread 2,5,main]) started.
Resolve mutations for :expo:generateReleaseRFile (Thread[included builds Thread 2,5,main]) started.
:expo:generateReleaseRFile (Thread[included builds Thread 2,5,main]) started.

> Task :react-native-safe-area-context:bundleLibCompileToJarRelease UP-TO-DATE
Caching disabled for task ':react-native-safe-area-context:bundleLibCompileToJarRelease' because:
  Build cache is disabled
  Simple merging task
Skipping task ':react-native-safe-area-context:bundleLibCompileToJarRelease' as it is up-to-date.

> Task :react-native-pager-view:compileReleaseLibraryResources UP-TO-DATE
Caching disabled for task ':react-native-pager-view:compileReleaseLibraryResources' because:
  Build cache is disabled
Skipping task ':react-native-pager-view:compileReleaseLibraryResources' as it is up-to-date.
work action resolve out (project :react-native-pager-view) (Thread[Execution worker Thread 2,5,main]) started.
work action resolve classes.jar (project :react-native-safe-area-context) (Thread[Execution worker Thread 3,5,main]) started.
Resolve mutations for :react-native-pager-view:parseReleaseLocalResources (Thread[Execution worker Thread 2,5,main]) started.
:react-native-pager-view:parseReleaseLocalResources (Thread[Execution worker Thread 2,5,main]) started.
Resolve mutations for :react-native-safe-area-context:mergeReleaseShaders (Thread[Execution worker Thread 3,5,main]) started.
:react-native-safe-area-context:mergeReleaseShaders (Thread[Execution worker Thread 3,5,main]) started.

> Task :expo:generateReleaseRFile UP-TO-DATE
Caching disabled for task ':expo:generateReleaseRFile' because:
  Build cache is disabled
Skipping task ':expo:generateReleaseRFile' as it is up-to-date.

> Task :react-native-webview:generateReleaseRFile UP-TO-DATE
Caching disabled for task ':react-native-webview:generateReleaseRFile' because:
  Build cache is disabled
Skipping task ':react-native-webview:generateReleaseRFile' as it is up-to-date.
work action resolve package-aware-r.txt (project :react-native-webview) (Thread[Execution worker Thread 4,5,main]) started.
work action resolve package-aware-r.txt (project :expo) (Thread[included builds Thread 2,5,main]) started.
Resolve mutations for :expo:checkKotlinGradlePluginConfigurationErrors (Thread[included builds Thread 2,5,main]) started.
Resolve mutations for :react-native-webview:checkKotlinGradlePluginConfigurationErrors (Thread[Execution worker Thread 4,5,main]) started.

> Task :react-native-safe-area-context:mergeReleaseShaders UP-TO-DATE
Caching disabled for task ':react-native-safe-area-context:mergeReleaseShaders' because:
  Build cache is disabled
  Simple merging task
Skipping task ':react-native-safe-area-context:mergeReleaseShaders' as it is up-to-date.
:expo:checkKotlinGradlePluginConfigurationErrors (Thread[included builds Thread 2,5,main]) started.
Resolve mutations for :react-native-safe-area-context:compileReleaseShaders (Thread[Execution worker Thread 3,5,main]) started.
:react-native-webview:checkKotlinGradlePluginConfigurationErrors (Thread[Execution worker Thread 4,5,main]) started.
:react-native-safe-area-context:compileReleaseShaders (Thread[Execution worker Thread 3,5,main]) started.

> Task :expo:checkKotlinGradlePluginConfigurationErrors SKIPPED
Skipping task ':expo:checkKotlinGradlePluginConfigurationErrors' as task onlyIf 'errorDiagnostics are present' is false.

> Task :react-native-pager-view:parseReleaseLocalResources UP-TO-DATE
Caching disabled for task ':react-native-pager-view:parseReleaseLocalResources' because:
  Build cache is disabled
Skipping task ':react-native-pager-view:parseReleaseLocalResources' as it is up-to-date.
Resolve mutations for :react-native-pager-view:generateReleaseRFile (Thread[Execution worker Thread 2,5,main]) started.
Resolve mutations for :expo:generateReleaseBuildConfig (Thread[included builds Thread 2,5,main]) started.
:react-native-pager-view:generateReleaseRFile (Thread[Execution worker Thread 2,5,main]) started.

> Task :react-native-webview:checkKotlinGradlePluginConfigurationErrors SKIPPED
Skipping task ':react-native-webview:checkKotlinGradlePluginConfigurationErrors' as task onlyIf 'errorDiagnostics are present' is false.
:expo:generateReleaseBuildConfig (Thread[included builds Thread 2,5,main]) started.
Resolve mutations for :react-native-webview:generateReleaseBuildConfig (Thread[Execution worker Thread 4,5,main]) started.
:react-native-webview:generateReleaseBuildConfig (Thread[Execution worker Thread 4,5,main]) started.

> Task :react-native-safe-area-context:compileReleaseShaders NO-SOURCE
Skipping task ':react-native-safe-area-context:compileReleaseShaders' as it has no source files and no previous output files.
Resolve mutations for :react-native-safe-area-context:generateReleaseAssets (Thread[Execution worker Thread 3,5,main]) started.
:react-native-safe-area-context:generateReleaseAssets (Thread[Execution worker Thread 3,5,main]) started.

> Task :react-native-safe-area-context:generateReleaseAssets UP-TO-DATE
Skipping task ':react-native-safe-area-context:generateReleaseAssets' as it has no actions.
Resolve mutations for :react-native-safe-area-context:mergeReleaseAssets (Thread[Execution worker Thread 3,5,main]) started.
:react-native-safe-area-context:mergeReleaseAssets (Thread[Execution worker Thread 3,5,main]) started.

> Task :expo:generateReleaseBuildConfig UP-TO-DATE
Caching disabled for task ':expo:generateReleaseBuildConfig' because:
  Build cache is disabled
Skipping task ':expo:generateReleaseBuildConfig' as it is up-to-date.
Resolve mutations for :expo:javaPreCompileRelease (Thread[included builds Thread 2,5,main]) started.
:expo:javaPreCompileRelease (Thread[included builds Thread 2,5,main]) started.

> Task :react-native-webview:generateReleaseBuildConfig UP-TO-DATE
Caching disabled for task ':react-native-webview:generateReleaseBuildConfig' because:
  Build cache is disabled
Skipping task ':react-native-webview:generateReleaseBuildConfig' as it is up-to-date.
Resolve mutations for :react-native-webview:compileReleaseKotlin (Thread[Execution worker Thread 4,5,main]) started.

> Task :react-native-pager-view:generateReleaseRFile UP-TO-DATE
Caching disabled for task ':react-native-pager-view:generateReleaseRFile' because:
  Build cache is disabled
Skipping task ':react-native-pager-view:generateReleaseRFile' as it is up-to-date.

> Task :react-native-safe-area-context:mergeReleaseAssets UP-TO-DATE
Caching disabled for task ':react-native-safe-area-context:mergeReleaseAssets' because:
  Build cache is disabled
  Simple merging task
Skipping task ':react-native-safe-area-context:mergeReleaseAssets' as it is up-to-date.
work action resolve mergeReleaseAssets (project :react-native-safe-area-context) (Thread[Execution worker Thread 3,5,main]) started.
Resolve mutations for :react-native-safe-area-context:bundleLibRuntimeToDirRelease (Thread[Execution worker Thread 3,5,main]) started.
:react-native-safe-area-context:bundleLibRuntimeToDirRelease (Thread[Execution worker Thread 3,5,main]) started.
:react-native-webview:compileReleaseKotlin (Thread[Execution worker Thread 4,5,main]) started.
work action resolve package-aware-r.txt (project :react-native-pager-view) (Thread[Execution worker Thread 2,5,main]) started.
Resolve mutations for :react-native-pager-view:checkKotlinGradlePluginConfigurationErrors (Thread[Execution worker Thread 2,5,main]) started.
:react-native-pager-view:checkKotlinGradlePluginConfigurationErrors (Thread[Execution worker Thread 2,5,main]) started.

> Task :react-native-safe-area-context:bundleLibRuntimeToDirRelease UP-TO-DATE
Caching disabled for task ':react-native-safe-area-context:bundleLibRuntimeToDirRelease' because:
  Build cache is disabled
  Simple merging task
Skipping task ':react-native-safe-area-context:bundleLibRuntimeToDirRelease' as it is up-to-date.
work action resolve bundleLibRuntimeToDirRelease (project :react-native-safe-area-context) (Thread[Execution worker Thread 3,5,main]) started.
ClassesDirToClassesTransform (Thread[Execution worker Thread 3,5,main]) started.

> Task :expo:javaPreCompileRelease UP-TO-DATE
Caching disabled for task ':expo:javaPreCompileRelease' because:
  Build cache is disabled
Skipping task ':expo:javaPreCompileRelease' as it is up-to-date.
Resolve mutations for :expo:mergeReleaseShaders (Thread[included builds Thread 2,5,main]) started.
DexingNoClasspathTransform (Thread[Execution worker Thread 3,5,main]) started.
:expo:mergeReleaseShaders (Thread[included builds Thread 2,5,main]) started.
Resolve mutations for :react-native-safe-area-context:bundleLibRuntimeToJarRelease (Thread[Execution worker Thread 5,5,main]) started.

> Task :react-native-pager-view:checkKotlinGradlePluginConfigurationErrors SKIPPED
Skipping task ':react-native-pager-view:checkKotlinGradlePluginConfigurationErrors' as task onlyIf 'errorDiagnostics are present' is false.
Resolve mutations for :react-native-pager-view:generateReleaseBuildConfig (Thread[Execution worker Thread 2,5,main]) started.
:react-native-pager-view:generateReleaseBuildConfig (Thread[Execution worker Thread 2,5,main]) started.
:react-native-safe-area-context:bundleLibRuntimeToJarRelease (Thread[Execution worker Thread 5,5,main]) started.

> Task :expo:mergeReleaseShaders UP-TO-DATE
Caching disabled for task ':expo:mergeReleaseShaders' because:
  Build cache is disabled
  Simple merging task
Skipping task ':expo:mergeReleaseShaders' as it is up-to-date.
Resolve mutations for :expo:compileReleaseShaders (Thread[included builds Thread 2,5,main]) started.
:expo:compileReleaseShaders (Thread[included builds Thread 2,5,main]) started.

> Task :expo:compileReleaseShaders NO-SOURCE
Skipping task ':expo:compileReleaseShaders' as it has no source files and no previous output files.
Resolve mutations for :expo:generateReleaseAssets (Thread[included builds Thread 2,5,main]) started.
:expo:generateReleaseAssets (Thread[included builds Thread 2,5,main]) started.

> Task :expo:generateReleaseAssets UP-TO-DATE
Skipping task ':expo:generateReleaseAssets' as it has no actions.
Resolve mutations for :expo:mergeReleaseAssets (Thread[included builds Thread 2,5,main]) started.
:expo:mergeReleaseAssets (Thread[included builds Thread 2,5,main]) started.

> Task :react-native-pager-view:generateReleaseBuildConfig UP-TO-DATE
Caching disabled for task ':react-native-pager-view:generateReleaseBuildConfig' because:
  Build cache is disabled
Skipping task ':react-native-pager-view:generateReleaseBuildConfig' as it is up-to-date.
Resolve mutations for :react-native-pager-view:compileReleaseKotlin (Thread[Execution worker Thread 2,5,main]) started.
:react-native-pager-view:compileReleaseKotlin (Thread[Execution worker Thread 2,5,main]) started.

> Task :expo:mergeReleaseAssets UP-TO-DATE
Caching disabled for task ':expo:mergeReleaseAssets' because:
  Build cache is disabled
  Simple merging task
Skipping task ':expo:mergeReleaseAssets' as it is up-to-date.
work action resolve mergeReleaseAssets (project :expo) (Thread[included builds Thread 2,5,main]) started.

> Transform bundleLibRuntimeToDirRelease (project :react-native-safe-area-context) with DexingNoClasspathTransform
Caching disabled for DexingNoClasspathTransform: C:\Users\dctm1\YongStudyApp\node_modules\react-native-safe-area-context\android\build\intermediates\runtime_library_classes_dir\release\bundleLibRuntimeToDirRelease because:
  Build cache is disabled
Skipping DexingNoClasspathTransform: C:\Users\dctm1\YongStudyApp\node_modules\react-native-safe-area-context\android\build\intermediates\runtime_library_classes_dir\release\bundleLibRuntimeToDirRelease as it is up-to-date.
DexingOutputSplitTransform (Thread[Execution worker Thread 3,5,main]) started.
Resolve mutations for :expo:mergeReleaseJniLibFolders (Thread[included builds Thread 2,5,main]) started.
:expo:mergeReleaseJniLibFolders (Thread[included builds Thread 2,5,main]) started.
Resolve mutations for :react-native-safe-area-context:processReleaseJavaRes (Thread[Execution worker Thread 7,5,main]) started.
:react-native-safe-area-context:processReleaseJavaRes (Thread[Execution worker Thread 7,5,main]) started.

> Task :expo:mergeReleaseJniLibFolders UP-TO-DATE
Caching disabled for task ':expo:mergeReleaseJniLibFolders' because:
  Build cache is disabled
  Simple merging task
Skipping task ':expo:mergeReleaseJniLibFolders' as it is up-to-date.
Resolve mutations for :expo:mergeReleaseNativeLibs (Thread[included builds Thread 2,5,main]) started.
:expo:mergeReleaseNativeLibs (Thread[included builds Thread 2,5,main]) started.

> Task :react-native-screens:compileReleaseKotlin UP-TO-DATE
Adding -Xuse-inline-scopes-numbers Kotlin compiler flag for task :react-native-screens:compileDebugAndroidTestKotlin
GradleBuildProject.Builder should not be accessed through AnalyticsConfiguratorService after AnalyticsService is created. Analytics information of this build might be incomplete.
Caching disabled for task ':react-native-screens:compileReleaseKotlin' because:
  Build cache is disabled
Skipping task ':react-native-screens:compileReleaseKotlin' as it is up-to-date.
Resolve mutations for :react-native-screens:javaPreCompileRelease (Thread[Execution worker,5,main]) started.
:react-native-screens:javaPreCompileRelease (Thread[Execution worker,5,main]) started.

> Task :react-native-screens:javaPreCompileRelease UP-TO-DATE
Caching disabled for task ':react-native-screens:javaPreCompileRelease' because:
  Build cache is disabled
Skipping task ':react-native-screens:javaPreCompileRelease' as it is up-to-date.
Resolve mutations for :react-native-screens:compileReleaseJavaWithJavac (Thread[Execution worker,5,main]) started.
:react-native-screens:compileReleaseJavaWithJavac (Thread[Execution worker,5,main]) started.

> Task :expo:mergeReleaseNativeLibs NO-SOURCE
Skipping task ':expo:mergeReleaseNativeLibs' as it has no source files and no previous output files.
Resolve mutations for :expo:copyReleaseJniLibsProjectOnly (Thread[Execution worker Thread 3,5,main]) started.
:expo:copyReleaseJniLibsProjectOnly (Thread[Execution worker Thread 3,5,main]) started.

> Task :expo:copyReleaseJniLibsProjectOnly UP-TO-DATE
Caching disabled for task ':expo:copyReleaseJniLibsProjectOnly' because:
  Build cache is disabled
  Caching has been disabled for the task
Skipping task ':expo:copyReleaseJniLibsProjectOnly' as it is up-to-date.
work action resolve jni (project :expo) (Thread[Execution worker Thread 3,5,main]) started.
Resolve mutations for :expo:stripReleaseDebugSymbols (Thread[Execution worker Thread 3,5,main]) started.
:expo:stripReleaseDebugSymbols (Thread[Execution worker Thread 3,5,main]) started.

> Task :expo:stripReleaseDebugSymbols NO-SOURCE
Skipping task ':expo:stripReleaseDebugSymbols' as it has no source files and no previous output files.
Resolve mutations for :expo:copyReleaseJniLibsProjectAndLocalJars (Thread[Execution worker Thread 3,5,main]) started.
:expo:copyReleaseJniLibsProjectAndLocalJars (Thread[Execution worker Thread 3,5,main]) started.

> Task :expo:copyReleaseJniLibsProjectAndLocalJars UP-TO-DATE
Caching disabled for task ':expo:copyReleaseJniLibsProjectAndLocalJars' because:
  Build cache is disabled
  Caching has been disabled for the task
Skipping task ':expo:copyReleaseJniLibsProjectAndLocalJars' as it is up-to-date.
Resolve mutations for :expo:extractDeepLinksForAarRelease (Thread[Execution worker Thread 3,5,main]) started.
:expo:extractDeepLinksForAarRelease (Thread[Execution worker Thread 3,5,main]) started.

> Task :expo:extractDeepLinksForAarRelease UP-TO-DATE
Caching disabled for task ':expo:extractDeepLinksForAarRelease' because:
  Build cache is disabled
Skipping task ':expo:extractDeepLinksForAarRelease' as it is up-to-date.
Resolve mutations for :expo:prepareLintJarForPublish (Thread[Execution worker Thread 3,5,main]) started.
:expo:prepareLintJarForPublish (Thread[Execution worker Thread 3,5,main]) started.

> Task :expo:prepareLintJarForPublish UP-TO-DATE
Caching disabled for task ':expo:prepareLintJarForPublish' because:
  Build cache is disabled
  Caching has been disabled for the task
Skipping task ':expo:prepareLintJarForPublish' as it is up-to-date.
Resolve mutations for :expo:prepareReleaseArtProfile (Thread[Execution worker Thread 3,5,main]) started.
:expo:prepareReleaseArtProfile (Thread[Execution worker Thread 3,5,main]) started.

> Task :expo:prepareReleaseArtProfile UP-TO-DATE
Caching disabled for task ':expo:prepareReleaseArtProfile' because:
  Build cache is disabled
  Caching has been disabled for the task
Skipping task ':expo:prepareReleaseArtProfile' as it is up-to-date.

> Task :react-native-gesture-handler:compileReleaseKotlin UP-TO-DATE
Adding -Xuse-inline-scopes-numbers Kotlin compiler flag for task :react-native-gesture-handler:compileDebugAndroidTestKotlin
GradleBuildProject.Builder should not be accessed through AnalyticsConfiguratorService after AnalyticsService is created. Analytics information of this build might be incomplete.
Caching disabled for task ':react-native-gesture-handler:compileReleaseKotlin' because:
  Build cache is disabled
Skipping task ':react-native-gesture-handler:compileReleaseKotlin' as it is up-to-date.
Resolve mutations for :react-native-gesture-handler:javaPreCompileRelease (Thread[Execution worker Thread 11,5,main]) started.
:react-native-gesture-handler:javaPreCompileRelease (Thread[Execution worker Thread 11,5,main]) started.

> Task :react-native-gesture-handler:javaPreCompileRelease UP-TO-DATE
Caching disabled for task ':react-native-gesture-handler:javaPreCompileRelease' because:
  Build cache is disabled
Skipping task ':react-native-gesture-handler:javaPreCompileRelease' as it is up-to-date.
Resolve mutations for :react-native-gesture-handler:compileReleaseJavaWithJavac (Thread[Execution worker Thread 11,5,main]) started.
:react-native-gesture-handler:compileReleaseJavaWithJavac (Thread[Execution worker Thread 11,5,main]) started.

> Task :react-native-safe-area-context:bundleLibRuntimeToJarRelease
Caching disabled for task ':react-native-safe-area-context:bundleLibRuntimeToJarRelease' because:
  Build cache is disabled
  Simple merging task
Task ':react-native-safe-area-context:bundleLibRuntimeToJarRelease' is not up-to-date because:
  Output property 'output' file C:\Users\dctm1\YongStudyApp\node_modules\react-native-safe-area-context\android\build\intermediates\runtime_library_classes_jar\release\bundleLibRuntimeToJarRelease\classes.jar has been removed.

> Task :react-native-pager-view:compileReleaseKotlin UP-TO-DATE
Adding -Xuse-inline-scopes-numbers Kotlin compiler flag for task :react-native-pager-view:compileDebugAndroidTestKotlin
GradleBuildProject.Builder should not be accessed through AnalyticsConfiguratorService after AnalyticsService is created. Analytics information of this build might be incomplete.
Caching disabled for task ':react-native-pager-view:compileReleaseKotlin' because:
  Build cache is disabled
Skipping task ':react-native-pager-view:compileReleaseKotlin' as it is up-to-date.
Resolve mutations for :react-native-pager-view:javaPreCompileRelease (Thread[Execution worker Thread 2,5,main]) started.
:react-native-pager-view:javaPreCompileRelease (Thread[Execution worker Thread 2,5,main]) started.

> Task :react-native-pager-view:javaPreCompileRelease UP-TO-DATE
Caching disabled for task ':react-native-pager-view:javaPreCompileRelease' because:
  Build cache is disabled
Skipping task ':react-native-pager-view:javaPreCompileRelease' as it is up-to-date.
Resolve mutations for :react-native-pager-view:compileReleaseJavaWithJavac (Thread[Execution worker Thread 2,5,main]) started.
:react-native-pager-view:compileReleaseJavaWithJavac (Thread[Execution worker Thread 2,5,main]) started.

> Task :react-native-pager-view:compileReleaseJavaWithJavac UP-TO-DATE
Custom actions are attached to task ':react-native-pager-view:compileReleaseJavaWithJavac'.
Caching disabled for task ':react-native-pager-view:compileReleaseJavaWithJavac' because:
  Build cache is disabled
Skipping task ':react-native-pager-view:compileReleaseJavaWithJavac' as it is up-to-date.
No compile result for :react-native-pager-view:compileReleaseJavaWithJavac
No compile result for :react-native-pager-view:compileReleaseJavaWithJavac
No compile result for :react-native-pager-view:compileReleaseJavaWithJavac
No compile result for :react-native-pager-view:compileReleaseJavaWithJavac
No compile result for :react-native-pager-view:compileReleaseJavaWithJavac
Resolve mutations for :react-native-pager-view:bundleLibCompileToJarRelease (Thread[Execution worker Thread 2,5,main]) started.

> Task :react-native-webview:compileReleaseKotlin UP-TO-DATE
Adding -Xuse-inline-scopes-numbers Kotlin compiler flag for task :react-native-webview:compileDebugAndroidTestKotlin
GradleBuildProject.Builder should not be accessed through AnalyticsConfiguratorService after AnalyticsService is created. Analytics information of this build might be incomplete.
Caching disabled for task ':react-native-webview:compileReleaseKotlin' because:
  Build cache is disabled
Skipping task ':react-native-webview:compileReleaseKotlin' as it is up-to-date.
Resolve mutations for :react-native-webview:javaPreCompileRelease (Thread[Execution worker Thread 4,5,main]) started.
:react-native-pager-view:bundleLibCompileToJarRelease (Thread[Execution worker Thread 3,5,main]) started.
:react-native-webview:javaPreCompileRelease (Thread[Execution worker Thread 4,5,main]) started.

> Task :react-native-webview:javaPreCompileRelease UP-TO-DATE
Caching disabled for task ':react-native-webview:javaPreCompileRelease' because:
  Build cache is disabled
Skipping task ':react-native-webview:javaPreCompileRelease' as it is up-to-date.
Resolve mutations for :react-native-webview:compileReleaseJavaWithJavac (Thread[Execution worker Thread 4,5,main]) started.

> Task :react-native-pager-view:bundleLibCompileToJarRelease UP-TO-DATE
Caching disabled for task ':react-native-pager-view:bundleLibCompileToJarRelease' because:
  Build cache is disabled
  Simple merging task
Skipping task ':react-native-pager-view:bundleLibCompileToJarRelease' as it is up-to-date.
work action resolve classes.jar (project :react-native-pager-view) (Thread[Execution worker Thread 3,5,main]) started.
Resolve mutations for :react-native-pager-view:mergeReleaseShaders (Thread[Execution worker Thread 3,5,main]) started.
:react-native-webview:compileReleaseJavaWithJavac (Thread[Execution worker Thread 4,5,main]) started.
:react-native-pager-view:mergeReleaseShaders (Thread[Execution worker Thread 3,5,main]) started.

> Task :react-native-pager-view:mergeReleaseShaders UP-TO-DATE
Caching disabled for task ':react-native-pager-view:mergeReleaseShaders' because:
  Build cache is disabled
  Simple merging task
Skipping task ':react-native-pager-view:mergeReleaseShaders' as it is up-to-date.
Resolve mutations for :react-native-pager-view:compileReleaseShaders (Thread[Execution worker Thread 3,5,main]) started.
:react-native-pager-view:compileReleaseShaders (Thread[Execution worker Thread 3,5,main]) started.

> Task :react-native-pager-view:compileReleaseShaders NO-SOURCE
Skipping task ':react-native-pager-view:compileReleaseShaders' as it has no source files and no previous output files.
Resolve mutations for :react-native-pager-view:generateReleaseAssets (Thread[Execution worker Thread 3,5,main]) started.
:react-native-pager-view:generateReleaseAssets (Thread[Execution worker Thread 3,5,main]) started.

> Task :react-native-pager-view:generateReleaseAssets UP-TO-DATE
Skipping task ':react-native-pager-view:generateReleaseAssets' as it has no actions.

> Task :react-native-safe-area-context:processReleaseJavaRes
file or directory 'C:\Users\dctm1\YongStudyApp\node_modules\react-native-safe-area-context\android\src\main\resources', not found
file or directory 'C:\Users\dctm1\YongStudyApp\node_modules\react-native-safe-area-context\android\src\release\resources', not found
file or directory 'C:\Users\dctm1\YongStudyApp\node_modules\react-native-safe-area-context\android\src\main\resources', not found
file or directory 'C:\Users\dctm1\YongStudyApp\node_modules\react-native-safe-area-context\android\src\release\resources', not found
Caching disabled for task ':react-native-safe-area-context:processReleaseJavaRes' because:
  Build cache is disabled
  Caching has been disabled for the task
Task ':react-native-safe-area-context:processReleaseJavaRes' is not up-to-date because:
  Output property 'destinationDir' file C:\Users\dctm1\YongStudyApp\node_modules\react-native-safe-area-context\android\build\intermediates\java_res\release\processReleaseJavaRes\out has been removed.
  Output property 'destinationDir' file C:\Users\dctm1\YongStudyApp\node_modules\react-native-safe-area-context\android\build\intermediates\java_res\release\processReleaseJavaRes\out\com has been removed.
  Output property 'destinationDir' file C:\Users\dctm1\YongStudyApp\node_modules\react-native-safe-area-context\android\build\intermediates\java_res\release\processReleaseJavaRes\out\com\th3rdwave has been removed.
  and more...
file or directory 'C:\Users\dctm1\YongStudyApp\node_modules\react-native-safe-area-context\android\src\main\resources', not found
file or directory 'C:\Users\dctm1\YongStudyApp\node_modules\react-native-safe-area-context\android\src\release\resources', not found
file or directory 'C:\Users\dctm1\YongStudyApp\node_modules\react-native-safe-area-context\android\src\main\resources', not found
file or directory 'C:\Users\dctm1\YongStudyApp\node_modules\react-native-safe-area-context\android\src\release\resources', not found
Resolve mutations for :react-native-pager-view:mergeReleaseAssets (Thread[Execution worker Thread 3,5,main]) started.
work action resolve classes.jar (project :react-native-safe-area-context) (Thread[Execution worker Thread 7,5,main]) started.
work action resolve out (project :react-native-safe-area-context) (Thread[Execution worker Thread 7,5,main]) started.
:react-native-pager-view:mergeReleaseAssets (Thread[Execution worker Thread 3,5,main]) started.
IdentityTransform (Thread[Execution worker Thread 2,5,main]) started.
Resolve mutations for :react-native-safe-area-context:mergeReleaseJniLibFolders (Thread[Execution worker Thread 7,5,main]) started.
:react-native-safe-area-context:mergeReleaseJniLibFolders (Thread[Execution worker Thread 7,5,main]) started.
DexingNoClasspathTransform (Thread[Execution worker Thread 2,5,main]) started.

> Task :react-native-pager-view:mergeReleaseAssets UP-TO-DATE
Caching disabled for task ':react-native-pager-view:mergeReleaseAssets' because:
  Build cache is disabled
  Simple merging task
Skipping task ':react-native-pager-view:mergeReleaseAssets' as it is up-to-date.
work action resolve mergeReleaseAssets (project :react-native-pager-view) (Thread[Execution worker Thread 3,5,main]) started.
Resolve mutations for :react-native-pager-view:bundleLibRuntimeToDirRelease (Thread[Execution worker Thread 3,5,main]) started.

> Task :react-native-safe-area-context:mergeReleaseJniLibFolders UP-TO-DATE
Caching disabled for task ':react-native-safe-area-context:mergeReleaseJniLibFolders' because:
  Build cache is disabled
  Simple merging task
Skipping task ':react-native-safe-area-context:mergeReleaseJniLibFolders' as it is up-to-date.
Resolve mutations for :react-native-safe-area-context:mergeReleaseNativeLibs (Thread[Execution worker Thread 7,5,main]) started.
:react-native-safe-area-context:mergeReleaseNativeLibs (Thread[Execution worker Thread 7,5,main]) started.
:react-native-pager-view:bundleLibRuntimeToDirRelease (Thread[Execution worker Thread 3,5,main]) started.

> Task :react-native-safe-area-context:mergeReleaseNativeLibs NO-SOURCE
Skipping task ':react-native-safe-area-context:mergeReleaseNativeLibs' as it has no source files and no previous output files.
Resolve mutations for :react-native-safe-area-context:copyReleaseJniLibsProjectOnly (Thread[Execution worker Thread 7,5,main]) started.
:react-native-safe-area-context:copyReleaseJniLibsProjectOnly (Thread[Execution worker Thread 7,5,main]) started.

> Task :react-native-webview:compileReleaseJavaWithJavac UP-TO-DATE
Custom actions are attached to task ':react-native-webview:compileReleaseJavaWithJavac'.
Caching disabled for task ':react-native-webview:compileReleaseJavaWithJavac' because:
  Build cache is disabled
Skipping task ':react-native-webview:compileReleaseJavaWithJavac' as it is up-to-date.
No compile result for :react-native-webview:compileReleaseJavaWithJavac
No compile result for :react-native-webview:compileReleaseJavaWithJavac
No compile result for :react-native-webview:compileReleaseJavaWithJavac

> Task :react-native-pager-view:bundleLibRuntimeToDirRelease UP-TO-DATE
Caching disabled for task ':react-native-pager-view:bundleLibRuntimeToDirRelease' because:
  Build cache is disabled
  Simple merging task
Skipping task ':react-native-pager-view:bundleLibRuntimeToDirRelease' as it is up-to-date.
No compile result for :react-native-webview:compileReleaseJavaWithJavac
work action resolve bundleLibRuntimeToDirRelease (project :react-native-pager-view) (Thread[Execution worker Thread 3,5,main]) started.
No compile result for :react-native-webview:compileReleaseJavaWithJavac
Resolve mutations for :react-native-pager-view:bundleLibRuntimeToJarRelease (Thread[included builds Thread 2,5,main]) started.
ClassesDirToClassesTransform (Thread[Execution worker Thread 3,5,main]) started.
Resolve mutations for :react-native-webview:bundleLibCompileToJarRelease (Thread[Execution worker Thread 4,5,main]) started.
:react-native-pager-view:bundleLibRuntimeToJarRelease (Thread[included builds Thread 2,5,main]) started.
:react-native-webview:bundleLibCompileToJarRelease (Thread[Execution worker Thread 4,5,main]) started.

> Task :react-native-safe-area-context:copyReleaseJniLibsProjectOnly UP-TO-DATE
Caching disabled for task ':react-native-safe-area-context:copyReleaseJniLibsProjectOnly' because:
  Build cache is disabled
  Caching has been disabled for the task
Skipping task ':react-native-safe-area-context:copyReleaseJniLibsProjectOnly' as it is up-to-date.
work action resolve jni (project :react-native-safe-area-context) (Thread[Execution worker Thread 7,5,main]) started.
Resolve mutations for :react-native-safe-area-context:stripReleaseDebugSymbols (Thread[Execution worker Thread 7,5,main]) started.
DexingNoClasspathTransform (Thread[Execution worker Thread 3,5,main]) started.
:react-native-safe-area-context:stripReleaseDebugSymbols (Thread[Execution worker Thread 7,5,main]) started.

> Task :react-native-pager-view:bundleLibRuntimeToJarRelease UP-TO-DATE
Caching disabled for task ':react-native-pager-view:bundleLibRuntimeToJarRelease' because:
  Build cache is disabled
  Simple merging task
Skipping task ':react-native-pager-view:bundleLibRuntimeToJarRelease' as it is up-to-date.
work action resolve classes.jar (project :react-native-pager-view) (Thread[included builds Thread 2,5,main]) started.
IdentityTransform (Thread[included builds Thread 2,5,main]) started.
Resolve mutations for :react-native-pager-view:processReleaseJavaRes (Thread[Execution worker Thread 5,5,main]) started.
:react-native-pager-view:processReleaseJavaRes (Thread[Execution worker Thread 5,5,main]) started.
DexingNoClasspathTransform (Thread[included builds Thread 2,5,main]) started.

> Task :react-native-safe-area-context:stripReleaseDebugSymbols NO-SOURCE
Skipping task ':react-native-safe-area-context:stripReleaseDebugSymbols' as it has no source files and no previous output files.
Resolve mutations for :react-native-safe-area-context:copyReleaseJniLibsProjectAndLocalJars (Thread[Execution worker Thread 7,5,main]) started.
:react-native-safe-area-context:copyReleaseJniLibsProjectAndLocalJars (Thread[Execution worker Thread 7,5,main]) started.

> Transform bundleLibRuntimeToDirRelease (project :react-native-pager-view) with DexingNoClasspathTransform
Caching disabled for DexingNoClasspathTransform: C:\Users\dctm1\YongStudyApp\node_modules\react-native-pager-view\android\build\intermediates\runtime_library_classes_dir\release\bundleLibRuntimeToDirRelease because:
  Build cache is disabled
Skipping DexingNoClasspathTransform: C:\Users\dctm1\YongStudyApp\node_modules\react-native-pager-view\android\build\intermediates\runtime_library_classes_dir\release\bundleLibRuntimeToDirRelease as it is up-to-date.
DexingOutputSplitTransform (Thread[Execution worker Thread 3,5,main]) started.

> Transform classes.jar (project :react-native-pager-view) with DexingNoClasspathTransform
Caching disabled for DexingNoClasspathTransform: C:\Users\dctm1\YongStudyApp\node_modules\react-native-pager-view\android\build\intermediates\runtime_library_classes_jar\release\bundleLibRuntimeToJarRelease\classes.jar because:
  Build cache is disabled
Skipping DexingNoClasspathTransform: C:\Users\dctm1\YongStudyApp\node_modules\react-native-pager-view\android\build\intermediates\runtime_library_classes_jar\release\bundleLibRuntimeToJarRelease\classes.jar as it is up-to-date.
DexingOutputSplitTransform (Thread[included builds Thread 2,5,main]) started.
Resolve mutations for :react-native-webview:mergeReleaseShaders (Thread[Execution worker Thread 3,5,main]) started.
:react-native-webview:mergeReleaseShaders (Thread[Execution worker Thread 3,5,main]) started.

> Task :react-native-webview:mergeReleaseShaders UP-TO-DATE
Caching disabled for task ':react-native-webview:mergeReleaseShaders' because:
  Build cache is disabled
  Simple merging task
Skipping task ':react-native-webview:mergeReleaseShaders' as it is up-to-date.
Resolve mutations for :react-native-webview:compileReleaseShaders (Thread[Execution worker Thread 3,5,main]) started.
:react-native-webview:compileReleaseShaders (Thread[Execution worker Thread 3,5,main]) started.

> Task :react-native-webview:compileReleaseShaders NO-SOURCE
Skipping task ':react-native-webview:compileReleaseShaders' as it has no source files and no previous output files.
Resolve mutations for :react-native-webview:generateReleaseAssets (Thread[Execution worker Thread 3,5,main]) started.
:react-native-webview:generateReleaseAssets (Thread[Execution worker Thread 3,5,main]) started.

> Task :react-native-webview:generateReleaseAssets UP-TO-DATE
Skipping task ':react-native-webview:generateReleaseAssets' as it has no actions.
Resolve mutations for :react-native-webview:mergeReleaseAssets (Thread[Execution worker Thread 3,5,main]) started.
:react-native-webview:mergeReleaseAssets (Thread[Execution worker Thread 3,5,main]) started.
Resolve mutations for :react-native-safe-area-context:extractDeepLinksForAarRelease (Thread[included builds Thread 2,5,main]) started.
:react-native-safe-area-context:extractDeepLinksForAarRelease (Thread[included builds Thread 2,5,main]) started.

> Task :react-native-webview:mergeReleaseAssets UP-TO-DATE
Caching disabled for task ':react-native-webview:mergeReleaseAssets' because:
  Build cache is disabled
  Simple merging task
Skipping task ':react-native-webview:mergeReleaseAssets' as it is up-to-date.
work action resolve mergeReleaseAssets (project :react-native-webview) (Thread[Execution worker Thread 3,5,main]) started.
Resolve mutations for :react-native-webview:bundleLibRuntimeToDirRelease (Thread[Execution worker Thread 3,5,main]) started.
:react-native-webview:bundleLibRuntimeToDirRelease (Thread[Execution worker Thread 3,5,main]) started.

> Task :react-native-safe-area-context:copyReleaseJniLibsProjectAndLocalJars
Caching disabled for task ':react-native-safe-area-context:copyReleaseJniLibsProjectAndLocalJars' because:
  Build cache is disabled
  Caching has been disabled for the task
Task ':react-native-safe-area-context:copyReleaseJniLibsProjectAndLocalJars' is not up-to-date because:
  Output property 'outputDirectory' file C:\Users\dctm1\YongStudyApp\node_modules\react-native-safe-area-context\android\build\intermediates\library_and_local_jars_jni\release\copyReleaseJniLibsProjectAndLocalJars\jni has been removed.

> Task :react-native-safe-area-context:extractDeepLinksForAarRelease UP-TO-DATE
Caching disabled for task ':react-native-safe-area-context:extractDeepLinksForAarRelease' because:
  Build cache is disabled
Skipping task ':react-native-safe-area-context:extractDeepLinksForAarRelease' as it is up-to-date.
Resolve mutations for :react-native-safe-area-context:extractReleaseAnnotations (Thread[included builds Thread 2,5,main]) started.
:react-native-safe-area-context:extractReleaseAnnotations (Thread[included builds Thread 2,5,main]) started.
Resolve mutations for :react-native-webview:bundleLibRuntimeToJarRelease (Thread[Execution worker Thread 7,5,main]) started.
:react-native-webview:bundleLibRuntimeToJarRelease (Thread[Execution worker Thread 7,5,main]) started.

> Task :expo-modules-core:compileReleaseKotlin UP-TO-DATE
Adding -Xuse-inline-scopes-numbers Kotlin compiler flag for task :expo-modules-core:compileDebugAndroidTestKotlin
GradleBuildProject.Builder should not be accessed through AnalyticsConfiguratorService after AnalyticsService is created. Analytics information of this build might be incomplete.
Caching disabled for task ':expo-modules-core:compileReleaseKotlin' because:
  Build cache is disabled
Skipping task ':expo-modules-core:compileReleaseKotlin' as it is up-to-date.
Resolve mutations for :expo-modules-core:javaPreCompileRelease (Thread[Execution worker Thread 10,5,main]) started.
:expo-modules-core:javaPreCompileRelease (Thread[Execution worker Thread 10,5,main]) started.

> Task :expo-modules-core:javaPreCompileRelease UP-TO-DATE
Caching disabled for task ':expo-modules-core:javaPreCompileRelease' because:
  Build cache is disabled
Skipping task ':expo-modules-core:javaPreCompileRelease' as it is up-to-date.
Resolve mutations for :expo-modules-core:compileReleaseJavaWithJavac (Thread[Execution worker Thread 10,5,main]) started.
:expo-modules-core:compileReleaseJavaWithJavac (Thread[Execution worker Thread 10,5,main]) started.

> Task :react-native-pager-view:processReleaseJavaRes
file or directory 'C:\Users\dctm1\YongStudyApp\node_modules\react-native-pager-view\android\src\main\resources', not found
file or directory 'C:\Users\dctm1\YongStudyApp\node_modules\react-native-pager-view\android\src\release\resources', not found
file or directory 'C:\Users\dctm1\YongStudyApp\node_modules\react-native-pager-view\android\src\main\resources', not found
file or directory 'C:\Users\dctm1\YongStudyApp\node_modules\react-native-pager-view\android\src\release\resources', not found
Caching disabled for task ':react-native-pager-view:processReleaseJavaRes' because:
  Build cache is disabled
  Caching has been disabled for the task
Task ':react-native-pager-view:processReleaseJavaRes' is not up-to-date because:
  Output property 'destinationDir' file C:\Users\dctm1\YongStudyApp\node_modules\react-native-pager-view\android\build\intermediates\java_res\release\processReleaseJavaRes\out has been removed.
  Output property 'destinationDir' file C:\Users\dctm1\YongStudyApp\node_modules\react-native-pager-view\android\build\intermediates\java_res\release\processReleaseJavaRes\out\com has been removed.
  Output property 'destinationDir' file C:\Users\dctm1\YongStudyApp\node_modules\react-native-pager-view\android\build\intermediates\java_res\release\processReleaseJavaRes\out\com\reactnativepagerview has been removed.
  and more...
file or directory 'C:\Users\dctm1\YongStudyApp\node_modules\react-native-pager-view\android\src\main\resources', not found
file or directory 'C:\Users\dctm1\YongStudyApp\node_modules\react-native-pager-view\android\src\release\resources', not found
file or directory 'C:\Users\dctm1\YongStudyApp\node_modules\react-native-pager-view\android\src\main\resources', not found
file or directory 'C:\Users\dctm1\YongStudyApp\node_modules\react-native-pager-view\android\src\release\resources', not found
work action resolve out (project :react-native-pager-view) (Thread[Execution worker Thread 5,5,main]) started.
Resolve mutations for :react-native-webview:processReleaseJavaRes (Thread[Execution worker Thread 5,5,main]) started.
:react-native-webview:processReleaseJavaRes (Thread[Execution worker Thread 5,5,main]) started.

> Task :react-native-webview:bundleLibCompileToJarRelease
Caching disabled for task ':react-native-webview:bundleLibCompileToJarRelease' because:
  Build cache is disabled
  Simple merging task
Task ':react-native-webview:bundleLibCompileToJarRelease' is not up-to-date because:
  Output property 'output' file C:\Users\dctm1\YongStudyApp\node_modules\react-native-webview\android\build\intermediates\compile_library_classes_jar\release\bundleLibCompileToJarRelease\classes.jar has been removed.
Resolve mutations for :react-native-pager-view:mergeReleaseJniLibFolders (Thread[Execution worker Thread 4,5,main]) started.
:react-native-pager-view:mergeReleaseJniLibFolders (Thread[Execution worker Thread 4,5,main]) started.

> Task :react-native-pager-view:mergeReleaseJniLibFolders UP-TO-DATE
Caching disabled for task ':react-native-pager-view:mergeReleaseJniLibFolders' because:
  Build cache is disabled
  Simple merging task
Skipping task ':react-native-pager-view:mergeReleaseJniLibFolders' as it is up-to-date.
Resolve mutations for :react-native-pager-view:mergeReleaseNativeLibs (Thread[Execution worker Thread 4,5,main]) started.
:react-native-pager-view:mergeReleaseNativeLibs (Thread[Execution worker Thread 4,5,main]) started.

> Task :react-native-pager-view:mergeReleaseNativeLibs NO-SOURCE
Skipping task ':react-native-pager-view:mergeReleaseNativeLibs' as it has no source files and no previous output files.
Resolve mutations for :react-native-pager-view:copyReleaseJniLibsProjectOnly (Thread[Execution worker Thread 4,5,main]) started.
:react-native-pager-view:copyReleaseJniLibsProjectOnly (Thread[Execution worker Thread 4,5,main]) started.

> Task :react-native-pager-view:copyReleaseJniLibsProjectOnly UP-TO-DATE
Caching disabled for task ':react-native-pager-view:copyReleaseJniLibsProjectOnly' because:
  Build cache is disabled
  Caching has been disabled for the task
Skipping task ':react-native-pager-view:copyReleaseJniLibsProjectOnly' as it is up-to-date.
work action resolve jni (project :react-native-pager-view) (Thread[Execution worker Thread 4,5,main]) started.
Resolve mutations for :react-native-pager-view:stripReleaseDebugSymbols (Thread[Execution worker Thread 4,5,main]) started.
:react-native-pager-view:stripReleaseDebugSymbols (Thread[Execution worker Thread 4,5,main]) started.

> Task :react-native-pager-view:stripReleaseDebugSymbols NO-SOURCE
Skipping task ':react-native-pager-view:stripReleaseDebugSymbols' as it has no source files and no previous output files.

> Task :react-native-webview:processReleaseJavaRes
file or directory 'C:\Users\dctm1\YongStudyApp\node_modules\react-native-webview\android\src\main\resources', not found
file or directory 'C:\Users\dctm1\YongStudyApp\node_modules\react-native-webview\android\src\release\resources', not found
file or directory 'C:\Users\dctm1\YongStudyApp\node_modules\react-native-webview\android\src\main\resources', not found
file or directory 'C:\Users\dctm1\YongStudyApp\node_modules\react-native-webview\android\src\release\resources', not found
Caching disabled for task ':react-native-webview:processReleaseJavaRes' because:
  Build cache is disabled
  Caching has been disabled for the task
Task ':react-native-webview:processReleaseJavaRes' is not up-to-date because:
  Output property 'destinationDir' file C:\Users\dctm1\YongStudyApp\node_modules\react-native-webview\android\build\intermediates\java_res\release\processReleaseJavaRes\out has been removed.
  Output property 'destinationDir' file C:\Users\dctm1\YongStudyApp\node_modules\react-native-webview\android\build\intermediates\java_res\release\processReleaseJavaRes\out\com has been removed.
  Output property 'destinationDir' file C:\Users\dctm1\YongStudyApp\node_modules\react-native-webview\android\build\intermediates\java_res\release\processReleaseJavaRes\out\com\reactnativecommunity has been removed.
  and more...
file or directory 'C:\Users\dctm1\YongStudyApp\node_modules\react-native-webview\android\src\main\resources', not found
file or directory 'C:\Users\dctm1\YongStudyApp\node_modules\react-native-webview\android\src\release\resources', not found
file or directory 'C:\Users\dctm1\YongStudyApp\node_modules\react-native-webview\android\src\main\resources', not found
file or directory 'C:\Users\dctm1\YongStudyApp\node_modules\react-native-webview\android\src\release\resources', not found
Resolve mutations for :react-native-pager-view:copyReleaseJniLibsProjectAndLocalJars (Thread[Execution worker Thread 4,5,main]) started.
:react-native-pager-view:copyReleaseJniLibsProjectAndLocalJars (Thread[Execution worker Thread 4,5,main]) started.
work action resolve classes.jar (project :react-native-webview) (Thread[Execution worker Thread 5,5,main]) started.
work action resolve out (project :react-native-webview) (Thread[Execution worker Thread 5,5,main]) started.
Resolve mutations for :react-native-webview:mergeReleaseJniLibFolders (Thread[Execution worker Thread 5,5,main]) started.
:react-native-webview:mergeReleaseJniLibFolders (Thread[Execution worker Thread 5,5,main]) started.

> Task :react-native-pager-view:copyReleaseJniLibsProjectAndLocalJars UP-TO-DATE
Caching disabled for task ':react-native-pager-view:copyReleaseJniLibsProjectAndLocalJars' because:
  Build cache is disabled
  Caching has been disabled for the task
Skipping task ':react-native-pager-view:copyReleaseJniLibsProjectAndLocalJars' as it is up-to-date.
Resolve mutations for :react-native-pager-view:extractDeepLinksForAarRelease (Thread[Execution worker Thread 4,5,main]) started.
:react-native-pager-view:extractDeepLinksForAarRelease (Thread[Execution worker Thread 4,5,main]) started.

> Task :react-native-webview:mergeReleaseJniLibFolders UP-TO-DATE
Caching disabled for task ':react-native-webview:mergeReleaseJniLibFolders' because:
  Build cache is disabled
  Simple merging task
Skipping task ':react-native-webview:mergeReleaseJniLibFolders' as it is up-to-date.
Resolve mutations for :react-native-webview:mergeReleaseNativeLibs (Thread[Execution worker Thread 5,5,main]) started.
:react-native-webview:mergeReleaseNativeLibs (Thread[Execution worker Thread 5,5,main]) started.

> Task :react-native-pager-view:extractDeepLinksForAarRelease UP-TO-DATE
Caching disabled for task ':react-native-pager-view:extractDeepLinksForAarRelease' because:
  Build cache is disabled
Skipping task ':react-native-pager-view:extractDeepLinksForAarRelease' as it is up-to-date.
Resolve mutations for :react-native-pager-view:extractReleaseAnnotations (Thread[Execution worker Thread 4,5,main]) started.
:react-native-pager-view:extractReleaseAnnotations (Thread[Execution worker Thread 4,5,main]) started.

> Task :react-native-webview:mergeReleaseNativeLibs NO-SOURCE
Skipping task ':react-native-webview:mergeReleaseNativeLibs' as it has no source files and no previous output files.
Resolve mutations for :react-native-webview:copyReleaseJniLibsProjectOnly (Thread[Execution worker Thread 5,5,main]) started.
:react-native-webview:copyReleaseJniLibsProjectOnly (Thread[Execution worker Thread 5,5,main]) started.

> Task :react-native-webview:bundleLibRuntimeToJarRelease
Caching disabled for task ':react-native-webview:bundleLibRuntimeToJarRelease' because:
  Build cache is disabled
  Simple merging task
Task ':react-native-webview:bundleLibRuntimeToJarRelease' is not up-to-date because:
  Output property 'output' file C:\Users\dctm1\YongStudyApp\node_modules\react-native-webview\android\build\intermediates\runtime_library_classes_jar\release\bundleLibRuntimeToJarRelease\classes.jar has been removed.

> Task :react-native-webview:copyReleaseJniLibsProjectOnly UP-TO-DATE
Caching disabled for task ':react-native-webview:copyReleaseJniLibsProjectOnly' because:
  Build cache is disabled
  Caching has been disabled for the task
Skipping task ':react-native-webview:copyReleaseJniLibsProjectOnly' as it is up-to-date.
work action resolve classes.jar (project :react-native-webview) (Thread[Execution worker Thread 5,5,main]) started.
work action resolve jni (project :react-native-webview) (Thread[Execution worker Thread 5,5,main]) started.
Resolve mutations for :react-native-webview:stripReleaseDebugSymbols (Thread[Execution worker Thread 5,5,main]) started.
IdentityTransform (Thread[Execution worker Thread 7,5,main]) started.
:react-native-webview:stripReleaseDebugSymbols (Thread[Execution worker Thread 5,5,main]) started.

> Task :react-native-webview:stripReleaseDebugSymbols NO-SOURCE
Skipping task ':react-native-webview:stripReleaseDebugSymbols' as it has no source files and no previous output files.
Resolve mutations for :react-native-webview:copyReleaseJniLibsProjectAndLocalJars (Thread[Execution worker Thread 5,5,main]) started.
:react-native-webview:copyReleaseJniLibsProjectAndLocalJars (Thread[Execution worker Thread 5,5,main]) started.
DexingNoClasspathTransform (Thread[Execution worker Thread 7,5,main]) started.

> Task :react-native-safe-area-context:extractReleaseAnnotations
Caching disabled for task ':react-native-safe-area-context:extractReleaseAnnotations' because:
  Build cache is disabled
Task ':react-native-safe-area-context:extractReleaseAnnotations' is not up-to-date because:
  Output property 'typedefFile' file C:\Users\dctm1\YongStudyApp\node_modules\react-native-safe-area-context\android\build\intermediates\annotations_typedef_file\release\extractReleaseAnnotations\typedefs.txt has been removed.
file or directory 'C:\Users\dctm1\YongStudyApp\node_modules\react-native-safe-area-context\android\src\release\java', not found
Resolve mutations for :react-native-safe-area-context:mergeReleaseGeneratedProguardFiles (Thread[included builds Thread 2,5,main]) started.
:react-native-safe-area-context:mergeReleaseGeneratedProguardFiles (Thread[included builds Thread 2,5,main]) started.

> Task :react-native-safe-area-context:mergeReleaseGeneratedProguardFiles UP-TO-DATE
Caching disabled for task ':react-native-safe-area-context:mergeReleaseGeneratedProguardFiles' because:
  Build cache is disabled
  Simple merging task
Skipping task ':react-native-safe-area-context:mergeReleaseGeneratedProguardFiles' as it is up-to-date.
Resolve mutations for :react-native-safe-area-context:mergeReleaseConsumerProguardFiles (Thread[included builds Thread 2,5,main]) started.
:react-native-safe-area-context:mergeReleaseConsumerProguardFiles (Thread[included builds Thread 2,5,main]) started.

> Task :react-native-webview:copyReleaseJniLibsProjectAndLocalJars
Caching disabled for task ':react-native-webview:copyReleaseJniLibsProjectAndLocalJars' because:
  Build cache is disabled
  Caching has been disabled for the task
Task ':react-native-webview:copyReleaseJniLibsProjectAndLocalJars' is not up-to-date because:
  Output property 'outputDirectory' file C:\Users\dctm1\YongStudyApp\node_modules\react-native-webview\android\build\intermediates\library_and_local_jars_jni\release\copyReleaseJniLibsProjectAndLocalJars\jni has been removed.

> Task :react-native-safe-area-context:mergeReleaseConsumerProguardFiles UP-TO-DATE
Caching disabled for task ':react-native-safe-area-context:mergeReleaseConsumerProguardFiles' because:
  Build cache is disabled
  Simple merging task
Skipping task ':react-native-safe-area-context:mergeReleaseConsumerProguardFiles' as it is up-to-date.
Resolve mutations for :react-native-webview:extractDeepLinksForAarRelease (Thread[Execution worker Thread 5,5,main]) started.
:react-native-webview:extractDeepLinksForAarRelease (Thread[Execution worker Thread 5,5,main]) started.
Resolve mutations for :react-native-safe-area-context:prepareLintJarForPublish (Thread[included builds Thread 2,5,main]) started.
:react-native-safe-area-context:prepareLintJarForPublish (Thread[included builds Thread 2,5,main]) started.

> Task :react-native-webview:extractDeepLinksForAarRelease UP-TO-DATE
Caching disabled for task ':react-native-webview:extractDeepLinksForAarRelease' because:
  Build cache is disabled
Skipping task ':react-native-webview:extractDeepLinksForAarRelease' as it is up-to-date.
Resolve mutations for :react-native-webview:extractReleaseAnnotations (Thread[Execution worker Thread 5,5,main]) started.
:react-native-webview:extractReleaseAnnotations (Thread[Execution worker Thread 5,5,main]) started.

> Task :react-native-safe-area-context:prepareLintJarForPublish UP-TO-DATE
Caching disabled for task ':react-native-safe-area-context:prepareLintJarForPublish' because:
  Build cache is disabled
  Caching has been disabled for the task
Skipping task ':react-native-safe-area-context:prepareLintJarForPublish' as it is up-to-date.
Resolve mutations for :react-native-safe-area-context:prepareReleaseArtProfile (Thread[included builds Thread 2,5,main]) started.
:react-native-safe-area-context:prepareReleaseArtProfile (Thread[included builds Thread 2,5,main]) started.

> Task :react-native-safe-area-context:prepareReleaseArtProfile UP-TO-DATE
Caching disabled for task ':react-native-safe-area-context:prepareReleaseArtProfile' because:
  Build cache is disabled
  Caching has been disabled for the task
Skipping task ':react-native-safe-area-context:prepareReleaseArtProfile' as it is up-to-date.
Resolve mutations for :react-native-safe-area-context:mergeReleaseJavaResource (Thread[included builds Thread 2,5,main]) started.
:react-native-safe-area-context:mergeReleaseJavaResource (Thread[included builds Thread 2,5,main]) started.

> Task :react-native-pager-view:extractReleaseAnnotations
Caching disabled for task ':react-native-pager-view:extractReleaseAnnotations' because:
  Build cache is disabled
Task ':react-native-pager-view:extractReleaseAnnotations' is not up-to-date because:
  Output property 'typedefFile' file C:\Users\dctm1\YongStudyApp\node_modules\react-native-pager-view\android\build\intermediates\annotations_typedef_file\release\extractReleaseAnnotations\typedefs.txt has been removed.
file or directory 'C:\Users\dctm1\YongStudyApp\node_modules\react-native-pager-view\android\src\fabric\java', not found
file or directory 'C:\Users\dctm1\YongStudyApp\node_modules\react-native-pager-view\android\src\release\java', not found
Resolve mutations for :react-native-pager-view:mergeReleaseGeneratedProguardFiles (Thread[Execution worker Thread 4,5,main]) started.
:react-native-pager-view:mergeReleaseGeneratedProguardFiles (Thread[Execution worker Thread 4,5,main]) started.

> Task :react-native-pager-view:mergeReleaseGeneratedProguardFiles UP-TO-DATE
Caching disabled for task ':react-native-pager-view:mergeReleaseGeneratedProguardFiles' because:
  Build cache is disabled
  Simple merging task
Skipping task ':react-native-pager-view:mergeReleaseGeneratedProguardFiles' as it is up-to-date.
Resolve mutations for :react-native-pager-view:mergeReleaseConsumerProguardFiles (Thread[Execution worker Thread 4,5,main]) started.
:react-native-pager-view:mergeReleaseConsumerProguardFiles (Thread[Execution worker Thread 4,5,main]) started.

> Task :react-native-pager-view:mergeReleaseConsumerProguardFiles UP-TO-DATE
Caching disabled for task ':react-native-pager-view:mergeReleaseConsumerProguardFiles' because:
  Build cache is disabled
  Simple merging task
Skipping task ':react-native-pager-view:mergeReleaseConsumerProguardFiles' as it is up-to-date.
Resolve mutations for :react-native-pager-view:prepareLintJarForPublish (Thread[Execution worker Thread 4,5,main]) started.
:react-native-pager-view:prepareLintJarForPublish (Thread[Execution worker Thread 4,5,main]) started.

> Task :react-native-pager-view:prepareLintJarForPublish UP-TO-DATE
Caching disabled for task ':react-native-pager-view:prepareLintJarForPublish' because:
  Build cache is disabled
  Caching has been disabled for the task
Skipping task ':react-native-pager-view:prepareLintJarForPublish' as it is up-to-date.
Resolve mutations for :react-native-pager-view:prepareReleaseArtProfile (Thread[Execution worker Thread 4,5,main]) started.
:react-native-pager-view:prepareReleaseArtProfile (Thread[Execution worker Thread 4,5,main]) started.

> Task :react-native-pager-view:prepareReleaseArtProfile UP-TO-DATE
Caching disabled for task ':react-native-pager-view:prepareReleaseArtProfile' because:
  Build cache is disabled
  Caching has been disabled for the task
Skipping task ':react-native-pager-view:prepareReleaseArtProfile' as it is up-to-date.
Resolve mutations for :react-native-pager-view:mergeReleaseJavaResource (Thread[Execution worker Thread 4,5,main]) started.
:react-native-pager-view:mergeReleaseJavaResource (Thread[Execution worker Thread 4,5,main]) started.

> Task :react-native-webview:extractReleaseAnnotations
Caching disabled for task ':react-native-webview:extractReleaseAnnotations' because:
  Build cache is disabled
Task ':react-native-webview:extractReleaseAnnotations' is not up-to-date because:
  Output property 'typedefFile' file C:\Users\dctm1\YongStudyApp\node_modules\react-native-webview\android\build\intermediates\annotations_typedef_file\release\extractReleaseAnnotations\typedefs.txt has been removed.
file or directory 'C:\Users\dctm1\YongStudyApp\node_modules\react-native-webview\android\src\release\java', not found
Resolve mutations for :react-native-pager-view:mapReleaseSourceSetPaths (Thread[Execution worker Thread 5,5,main]) started.
:react-native-pager-view:mapReleaseSourceSetPaths (Thread[Execution worker Thread 5,5,main]) started.

> Task :react-native-pager-view:mapReleaseSourceSetPaths UP-TO-DATE
Caching disabled for task ':react-native-pager-view:mapReleaseSourceSetPaths' because:
  Build cache is disabled
  Caching has been disabled for the task
Skipping task ':react-native-pager-view:mapReleaseSourceSetPaths' as it is up-to-date.
Resolve mutations for :react-native-pager-view:mergeReleaseResources (Thread[Execution worker Thread 5,5,main]) started.
:react-native-pager-view:mergeReleaseResources (Thread[Execution worker Thread 5,5,main]) started.

> Transform classes.jar (project :react-native-safe-area-context) with DexingNoClasspathTransform
Caching disabled for DexingNoClasspathTransform: C:\Users\dctm1\YongStudyApp\node_modules\react-native-safe-area-context\android\build\intermediates\runtime_library_classes_jar\release\bundleLibRuntimeToJarRelease\classes.jar because:
  Build cache is disabled
DexingNoClasspathTransform: C:\Users\dctm1\YongStudyApp\node_modules\react-native-safe-area-context\android\build\intermediates\runtime_library_classes_jar\release\bundleLibRuntimeToJarRelease\classes.jar is not up-to-date because:
  Output property 'outputDirectory' file C:\Users\dctm1\YongStudyApp\node_modules\react-native-safe-area-context\android\build\.transforms\f1ab22f05d983e9219ecd53f8749b76d\transformed has been removed.
  Output property 'outputDirectory' file C:\Users\dctm1\YongStudyApp\node_modules\react-native-safe-area-context\android\build\.transforms\f1ab22f05d983e9219ecd53f8749b76d\transformed\classes has been removed.
  Output property 'outputDirectory' file C:\Users\dctm1\YongStudyApp\node_modules\react-native-safe-area-context\android\build\.transforms\f1ab22f05d983e9219ecd53f8749b76d\transformed\classes\classes_dex has been removed.
  and more...
The input changes require a full rebuild for incremental DexingNoClasspathTransform: C:\Users\dctm1\YongStudyApp\node_modules\react-native-safe-area-context\android\build\intermediates\runtime_library_classes_jar\release\bundleLibRuntimeToJarRelease\classes.jar.
Running dexing transform non-incrementally for 'C:\Users\dctm1\YongStudyApp\node_modules\react-native-safe-area-context\android\build\intermediates\runtime_library_classes_jar\release\bundleLibRuntimeToJarRelease\classes.jar'
DexingOutputSplitTransform (Thread[Execution worker Thread 2,5,main]) started.
Resolve mutations for :react-native-safe-area-context:mapReleaseSourceSetPaths (Thread[Execution worker Thread 2,5,main]) started.
:react-native-safe-area-context:mapReleaseSourceSetPaths (Thread[Execution worker Thread 2,5,main]) started.

> Task :react-native-safe-area-context:mapReleaseSourceSetPaths
Caching disabled for task ':react-native-safe-area-context:mapReleaseSourceSetPaths' because:
  Build cache is disabled
  Caching has been disabled for the task
Task ':react-native-safe-area-context:mapReleaseSourceSetPaths' is not up-to-date because:
  Output property 'filepathMappingFile' file C:\Users\dctm1\YongStudyApp\node_modules\react-native-safe-area-context\android\build\intermediates\source_set_path_map\release\mapReleaseSourceSetPaths\file-map.txt has been removed.
Resolve mutations for :react-native-safe-area-context:mergeReleaseResources (Thread[Execution worker Thread 2,5,main]) started.
:react-native-safe-area-context:mergeReleaseResources (Thread[Execution worker Thread 2,5,main]) started.

> Task :react-native-safe-area-context:mergeReleaseJavaResource
Caching disabled for task ':react-native-safe-area-context:mergeReleaseJavaResource' because:
  Build cache is disabled
  Caching has been disabled for the task
Task ':react-native-safe-area-context:mergeReleaseJavaResource' is not up-to-date because:
  Output property 'cacheDir' file C:\Users\dctm1\YongStudyApp\node_modules\react-native-safe-area-context\android\build\intermediates\incremental\release-mergeJavaRes\zip-cache has been removed.
  Output property 'outputFile' file C:\Users\dctm1\YongStudyApp\node_modules\react-native-safe-area-context\android\build\intermediates\merged_java_res\release\mergeReleaseJavaResource\feature-react-native-safe-area-context.jar has been removed.
The input changes require a full rebuild for incremental task ':react-native-safe-area-context:mergeReleaseJavaResource'.
Resolve mutations for :react-native-async-storage_async-storage:javaPreCompileRelease (Thread[included builds Thread 2,5,main]) started.
:react-native-async-storage_async-storage:javaPreCompileRelease (Thread[included builds Thread 2,5,main]) started.

> Task :react-native-async-storage_async-storage:javaPreCompileRelease UP-TO-DATE
Caching disabled for task ':react-native-async-storage_async-storage:javaPreCompileRelease' because:
  Build cache is disabled
Skipping task ':react-native-async-storage_async-storage:javaPreCompileRelease' as it is up-to-date.
Resolve mutations for :react-native-async-storage_async-storage:mergeReleaseShaders (Thread[included builds Thread 2,5,main]) started.
:react-native-async-storage_async-storage:mergeReleaseShaders (Thread[included builds Thread 2,5,main]) started.

> Task :react-native-async-storage_async-storage:mergeReleaseShaders UP-TO-DATE
Caching disabled for task ':react-native-async-storage_async-storage:mergeReleaseShaders' because:
  Build cache is disabled
  Simple merging task
Skipping task ':react-native-async-storage_async-storage:mergeReleaseShaders' as it is up-to-date.
Resolve mutations for :react-native-async-storage_async-storage:compileReleaseShaders (Thread[included builds Thread 2,5,main]) started.
:react-native-async-storage_async-storage:compileReleaseShaders (Thread[included builds Thread 2,5,main]) started.

> Task :react-native-pager-view:mergeReleaseJavaResource
Caching disabled for task ':react-native-pager-view:mergeReleaseJavaResource' because:
  Build cache is disabled
  Caching has been disabled for the task
Task ':react-native-pager-view:mergeReleaseJavaResource' is not up-to-date because:
  Output property 'cacheDir' file C:\Users\dctm1\YongStudyApp\node_modules\react-native-pager-view\android\build\intermediates\incremental\release-mergeJavaRes\zip-cache has been removed.
  Output property 'outputFile' file C:\Users\dctm1\YongStudyApp\node_modules\react-native-pager-view\android\build\intermediates\merged_java_res\release\mergeReleaseJavaResource\feature-react-native-pager-view.jar has been removed.
The input changes require a full rebuild for incremental task ':react-native-pager-view:mergeReleaseJavaResource'.
Resolve mutations for :react-native-webview:mergeReleaseGeneratedProguardFiles (Thread[Execution worker Thread 4,5,main]) started.

> Task :react-native-async-storage_async-storage:compileReleaseShaders NO-SOURCE
Skipping task ':react-native-async-storage_async-storage:compileReleaseShaders' as it has no source files and no previous output files.
:react-native-webview:mergeReleaseGeneratedProguardFiles (Thread[Execution worker Thread 4,5,main]) started.
Resolve mutations for :react-native-async-storage_async-storage:generateReleaseAssets (Thread[included builds Thread 2,5,main]) started.
:react-native-async-storage_async-storage:generateReleaseAssets (Thread[included builds Thread 2,5,main]) started.

> Task :react-native-async-storage_async-storage:generateReleaseAssets UP-TO-DATE
Skipping task ':react-native-async-storage_async-storage:generateReleaseAssets' as it has no actions.
Resolve mutations for :react-native-async-storage_async-storage:mergeReleaseAssets (Thread[included builds Thread 2,5,main]) started.
:react-native-async-storage_async-storage:mergeReleaseAssets (Thread[included builds Thread 2,5,main]) started.

> Task :react-native-async-storage_async-storage:mergeReleaseAssets UP-TO-DATE
Caching disabled for task ':react-native-async-storage_async-storage:mergeReleaseAssets' because:
  Build cache is disabled
  Simple merging task
Skipping task ':react-native-async-storage_async-storage:mergeReleaseAssets' as it is up-to-date.
work action resolve mergeReleaseAssets (project :react-native-async-storage_async-storage) (Thread[included builds Thread 2,5,main]) started.
Resolve mutations for :react-native-async-storage_async-storage:mergeReleaseJniLibFolders (Thread[included builds Thread 2,5,main]) started.
:react-native-async-storage_async-storage:mergeReleaseJniLibFolders (Thread[included builds Thread 2,5,main]) started.

> Task :react-native-webview:mergeReleaseGeneratedProguardFiles UP-TO-DATE
Caching disabled for task ':react-native-webview:mergeReleaseGeneratedProguardFiles' because:
  Build cache is disabled
  Simple merging task
Skipping task ':react-native-webview:mergeReleaseGeneratedProguardFiles' as it is up-to-date.
Resolve mutations for :react-native-webview:mergeReleaseConsumerProguardFiles (Thread[Execution worker Thread 4,5,main]) started.
:react-native-webview:mergeReleaseConsumerProguardFiles (Thread[Execution worker Thread 4,5,main]) started.

> Task :react-native-async-storage_async-storage:mergeReleaseJniLibFolders UP-TO-DATE
Caching disabled for task ':react-native-async-storage_async-storage:mergeReleaseJniLibFolders' because:
  Build cache is disabled
  Simple merging task
Skipping task ':react-native-async-storage_async-storage:mergeReleaseJniLibFolders' as it is up-to-date.
Resolve mutations for :react-native-async-storage_async-storage:mergeReleaseNativeLibs (Thread[included builds Thread 2,5,main]) started.
:react-native-async-storage_async-storage:mergeReleaseNativeLibs (Thread[included builds Thread 2,5,main]) started.

> Task :react-native-webview:mergeReleaseConsumerProguardFiles UP-TO-DATE
Caching disabled for task ':react-native-webview:mergeReleaseConsumerProguardFiles' because:
  Build cache is disabled
  Simple merging task
Skipping task ':react-native-webview:mergeReleaseConsumerProguardFiles' as it is up-to-date.
Resolve mutations for :react-native-webview:prepareLintJarForPublish (Thread[Execution worker Thread 4,5,main]) started.
:react-native-webview:prepareLintJarForPublish (Thread[Execution worker Thread 4,5,main]) started.

> Task :react-native-async-storage_async-storage:mergeReleaseNativeLibs NO-SOURCE
Skipping task ':react-native-async-storage_async-storage:mergeReleaseNativeLibs' as it has no source files and no previous output files.
Resolve mutations for :react-native-async-storage_async-storage:copyReleaseJniLibsProjectOnly (Thread[included builds Thread 2,5,main]) started.
:react-native-async-storage_async-storage:copyReleaseJniLibsProjectOnly (Thread[included builds Thread 2,5,main]) started.

> Task :react-native-webview:prepareLintJarForPublish UP-TO-DATE
Caching disabled for task ':react-native-webview:prepareLintJarForPublish' because:
  Build cache is disabled
  Caching has been disabled for the task
Skipping task ':react-native-webview:prepareLintJarForPublish' as it is up-to-date.
Resolve mutations for :react-native-webview:prepareReleaseArtProfile (Thread[Execution worker Thread 4,5,main]) started.
:react-native-webview:prepareReleaseArtProfile (Thread[Execution worker Thread 4,5,main]) started.

> Task :react-native-async-storage_async-storage:copyReleaseJniLibsProjectOnly UP-TO-DATE
Caching disabled for task ':react-native-async-storage_async-storage:copyReleaseJniLibsProjectOnly' because:
  Build cache is disabled
  Caching has been disabled for the task
Skipping task ':react-native-async-storage_async-storage:copyReleaseJniLibsProjectOnly' as it is up-to-date.
work action resolve jni (project :react-native-async-storage_async-storage) (Thread[included builds Thread 2,5,main]) started.
Resolve mutations for :react-native-async-storage_async-storage:stripReleaseDebugSymbols (Thread[included builds Thread 2,5,main]) started.
:react-native-async-storage_async-storage:stripReleaseDebugSymbols (Thread[included builds Thread 2,5,main]) started.

> Task :react-native-async-storage_async-storage:stripReleaseDebugSymbols NO-SOURCE
Skipping task ':react-native-async-storage_async-storage:stripReleaseDebugSymbols' as it has no source files and no previous output files.
Resolve mutations for :react-native-async-storage_async-storage:copyReleaseJniLibsProjectAndLocalJars (Thread[included builds Thread 2,5,main]) started.
:react-native-async-storage_async-storage:copyReleaseJniLibsProjectAndLocalJars (Thread[included builds Thread 2,5,main]) started.

> Task :react-native-async-storage_async-storage:copyReleaseJniLibsProjectAndLocalJars UP-TO-DATE
Caching disabled for task ':react-native-async-storage_async-storage:copyReleaseJniLibsProjectAndLocalJars' because:
  Build cache is disabled
  Caching has been disabled for the task
Skipping task ':react-native-async-storage_async-storage:copyReleaseJniLibsProjectAndLocalJars' as it is up-to-date.
Resolve mutations for :react-native-async-storage_async-storage:extractDeepLinksForAarRelease (Thread[included builds Thread 2,5,main]) started.
:react-native-async-storage_async-storage:extractDeepLinksForAarRelease (Thread[included builds Thread 2,5,main]) started.

> Task :react-native-async-storage_async-storage:extractDeepLinksForAarRelease UP-TO-DATE
Caching disabled for task ':react-native-async-storage_async-storage:extractDeepLinksForAarRelease' because:
  Build cache is disabled
Skipping task ':react-native-async-storage_async-storage:extractDeepLinksForAarRelease' as it is up-to-date.
Resolve mutations for :react-native-async-storage_async-storage:prepareLintJarForPublish (Thread[included builds Thread 2,5,main]) started.
:react-native-async-storage_async-storage:prepareLintJarForPublish (Thread[included builds Thread 2,5,main]) started.

> Task :react-native-async-storage_async-storage:prepareLintJarForPublish UP-TO-DATE
Caching disabled for task ':react-native-async-storage_async-storage:prepareLintJarForPublish' because:
  Build cache is disabled
  Caching has been disabled for the task
Skipping task ':react-native-async-storage_async-storage:prepareLintJarForPublish' as it is up-to-date.
Resolve mutations for :react-native-async-storage_async-storage:prepareReleaseArtProfile (Thread[included builds Thread 2,5,main]) started.
:react-native-async-storage_async-storage:prepareReleaseArtProfile (Thread[included builds Thread 2,5,main]) started.

> Task :react-native-webview:bundleLibRuntimeToDirRelease
Caching disabled for task ':react-native-webview:bundleLibRuntimeToDirRelease' because:
  Build cache is disabled
  Simple merging task
Task ':react-native-webview:bundleLibRuntimeToDirRelease' is not up-to-date because:
  Output property 'output' file C:\Users\dctm1\YongStudyApp\node_modules\react-native-webview\android\build\intermediates\runtime_library_classes_dir\release\bundleLibRuntimeToDirRelease has been removed.
  Output property 'output' file C:\Users\dctm1\YongStudyApp\node_modules\react-native-webview\android\build\intermediates\runtime_library_classes_dir\release\bundleLibRuntimeToDirRelease\com has been removed.
  Output property 'output' file C:\Users\dctm1\YongStudyApp\node_modules\react-native-webview\android\build\intermediates\runtime_library_classes_dir\release\bundleLibRuntimeToDirRelease\com\facebook has been removed.
  and more...
The input changes require a full rebuild for incremental task ':react-native-webview:bundleLibRuntimeToDirRelease'.

> Task :react-native-async-storage_async-storage:prepareReleaseArtProfile UP-TO-DATE
Caching disabled for task ':react-native-async-storage_async-storage:prepareReleaseArtProfile' because:
  Build cache is disabled
  Caching has been disabled for the task
Skipping task ':react-native-async-storage_async-storage:prepareReleaseArtProfile' as it is up-to-date.
Resolve mutations for :react-native-async-storage_async-storage:mapReleaseSourceSetPaths (Thread[Execution worker Thread 3,5,main]) started.
:react-native-async-storage_async-storage:mapReleaseSourceSetPaths (Thread[Execution worker Thread 3,5,main]) started.

> Task :react-native-webview:prepareReleaseArtProfile UP-TO-DATE
Caching disabled for task ':react-native-webview:prepareReleaseArtProfile' because:
  Build cache is disabled
  Caching has been disabled for the task
Skipping task ':react-native-webview:prepareReleaseArtProfile' as it is up-to-date.
work action resolve bundleLibRuntimeToDirRelease (project :react-native-webview) (Thread[Execution worker Thread 4,5,main]) started.
ClassesDirToClassesTransform (Thread[Execution worker Thread 4,5,main]) started.
Resolve mutations for :react-native-webview:mergeReleaseJavaResource (Thread[included builds Thread 2,5,main]) started.
:react-native-webview:mergeReleaseJavaResource (Thread[included builds Thread 2,5,main]) started.

> Task :react-native-async-storage_async-storage:mapReleaseSourceSetPaths UP-TO-DATE
Caching disabled for task ':react-native-async-storage_async-storage:mapReleaseSourceSetPaths' because:
  Build cache is disabled
  Caching has been disabled for the task
Skipping task ':react-native-async-storage_async-storage:mapReleaseSourceSetPaths' as it is up-to-date.
Resolve mutations for :react-native-async-storage_async-storage:mergeReleaseResources (Thread[Execution worker Thread 3,5,main]) started.
:react-native-async-storage_async-storage:mergeReleaseResources (Thread[Execution worker Thread 3,5,main]) started.
DexingNoClasspathTransform (Thread[Execution worker Thread 4,5,main]) started.

> Task :react-native-webview:mergeReleaseJavaResource
Caching disabled for task ':react-native-webview:mergeReleaseJavaResource' because:
  Build cache is disabled
  Caching has been disabled for the task
Task ':react-native-webview:mergeReleaseJavaResource' is not up-to-date because:
  Output property 'cacheDir' file C:\Users\dctm1\YongStudyApp\node_modules\react-native-webview\android\build\intermediates\incremental\release-mergeJavaRes\zip-cache has been removed.
  Output property 'outputFile' file C:\Users\dctm1\YongStudyApp\node_modules\react-native-webview\android\build\intermediates\merged_java_res\release\mergeReleaseJavaResource\feature-react-native-webview.jar has been removed.
The input changes require a full rebuild for incremental task ':react-native-webview:mergeReleaseJavaResource'.
Resolve mutations for :react-native-webview:syncReleaseLibJars (Thread[included builds Thread 2,5,main]) started.
:react-native-webview:syncReleaseLibJars (Thread[included builds Thread 2,5,main]) started.

> Task :react-native-async-storage_async-storage:mergeReleaseResources UP-TO-DATE
Caching disabled for task ':react-native-async-storage_async-storage:mergeReleaseResources' because:
  Build cache is disabled
Skipping task ':react-native-async-storage_async-storage:mergeReleaseResources' as it is up-to-date.
Resolve mutations for :react-native-async-storage_async-storage:verifyReleaseResources (Thread[Execution worker Thread 3,5,main]) started.
:react-native-async-storage_async-storage:verifyReleaseResources (Thread[Execution worker Thread 3,5,main]) started.

> Task :expo-constants:createExpoConfig
Custom actions are attached to task ':expo-constants:createExpoConfig'.
Caching disabled for task ':expo-constants:createExpoConfig' because:
  Build cache is disabled
  Gradle would require more information to cache this task
Task ':expo-constants:createExpoConfig' is not up-to-date because:
  Task.upToDateWhen is false.
Starting process 'command 'cmd''. Working directory: C:\Users\dctm1\YongStudyApp\android Command: cmd /c node C:\Users\dctm1\YongStudyApp\node_modules\expo-constants/scripts/getAppConfig.js C:\Users\dctm1\YongStudyApp\android C:\Users\dctm1\YongStudyApp\node_modules\expo-constants\android\build\generated\assets\expo-constants
Successfully started process 'command 'cmd''
The NODE_ENV environment variable is required but was not specified. Ensure the project is bundled with Expo CLI or NODE_ENV is set. Using only .env.local and .env
Resolve mutations for :expo-constants:preBuild (Thread[Execution worker Thread 9,5,main]) started.
:expo-constants:preBuild (Thread[Execution worker Thread 9,5,main]) started.

> Task :expo-constants:preBuild
Skipping task ':expo-constants:preBuild' as it has no actions.
Resolve mutations for :expo-constants:preReleaseBuild (Thread[Execution worker Thread 9,5,main]) started.
:expo-constants:preReleaseBuild (Thread[Execution worker Thread 9,5,main]) started.

> Task :expo-constants:preReleaseBuild
Skipping task ':expo-constants:preReleaseBuild' as it has no actions.
Resolve mutations for :expo-constants:writeReleaseAarMetadata (Thread[Execution worker Thread 9,5,main]) started.
:expo-constants:writeReleaseAarMetadata (Thread[Execution worker Thread 9,5,main]) started.

> Task :expo-constants:writeReleaseAarMetadata UP-TO-DATE
Caching disabled for task ':expo-constants:writeReleaseAarMetadata' because:
  Build cache is disabled
  Caching has been disabled for the task
Skipping task ':expo-constants:writeReleaseAarMetadata' as it is up-to-date.
work action resolve aar-metadata.properties (project :expo-constants) (Thread[Execution worker Thread 9,5,main]) started.
Resolve mutations for :expo-constants:generateReleaseResValues (Thread[Execution worker Thread 9,5,main]) started.
:expo-constants:generateReleaseResValues (Thread[Execution worker Thread 9,5,main]) started.

> Task :expo-constants:generateReleaseResValues UP-TO-DATE
Caching disabled for task ':expo-constants:generateReleaseResValues' because:
  Build cache is disabled
Skipping task ':expo-constants:generateReleaseResValues' as it is up-to-date.
Resolve mutations for :expo-constants:generateReleaseResources (Thread[Execution worker Thread 9,5,main]) started.
:expo-constants:generateReleaseResources (Thread[Execution worker Thread 9,5,main]) started.

> Task :expo-constants:generateReleaseResources UP-TO-DATE
Caching disabled for task ':expo-constants:generateReleaseResources' because:
  Build cache is disabled
Skipping task ':expo-constants:generateReleaseResources' as it is up-to-date.
Resolve mutations for :expo-constants:packageReleaseResources (Thread[Execution worker Thread 9,5,main]) started.
:expo-constants:packageReleaseResources (Thread[Execution worker Thread 9,5,main]) started.

> Task :expo-constants:packageReleaseResources UP-TO-DATE
Caching disabled for task ':expo-constants:packageReleaseResources' because:
  Build cache is disabled
Skipping task ':expo-constants:packageReleaseResources' as it is up-to-date.
work action resolve packageReleaseResources (project :expo-constants) (Thread[Execution worker Thread 9,5,main]) started.
Resolve mutations for :expo-constants:extractDeepLinksRelease (Thread[Execution worker Thread 9,5,main]) started.
:expo-constants:extractDeepLinksRelease (Thread[Execution worker Thread 9,5,main]) started.

> Task :expo-constants:extractDeepLinksRelease UP-TO-DATE
Caching disabled for task ':expo-constants:extractDeepLinksRelease' because:
  Build cache is disabled
Skipping task ':expo-constants:extractDeepLinksRelease' as it is up-to-date.
work action resolve navigation.json (project :expo-constants) (Thread[Execution worker Thread 9,5,main]) started.
Resolve mutations for :expo-constants:processReleaseManifest (Thread[Execution worker Thread 9,5,main]) started.
:expo-constants:processReleaseManifest (Thread[Execution worker Thread 9,5,main]) started.

> Task :expo-constants:processReleaseManifest UP-TO-DATE
Caching disabled for task ':expo-constants:processReleaseManifest' because:
  Build cache is disabled
Skipping task ':expo-constants:processReleaseManifest' as it is up-to-date.
work action resolve AndroidManifest.xml (project :expo-constants) (Thread[Execution worker Thread 9,5,main]) started.
Resolve mutations for :expo-constants:compileReleaseLibraryResources (Thread[Execution worker Thread 9,5,main]) started.
:expo-constants:compileReleaseLibraryResources (Thread[Execution worker Thread 9,5,main]) started.

> Task :expo-constants:compileReleaseLibraryResources UP-TO-DATE
Caching disabled for task ':expo-constants:compileReleaseLibraryResources' because:
  Build cache is disabled
Skipping task ':expo-constants:compileReleaseLibraryResources' as it is up-to-date.
work action resolve out (project :expo-constants) (Thread[Execution worker Thread 9,5,main]) started.
Resolve mutations for :expo-constants:parseReleaseLocalResources (Thread[Execution worker Thread 9,5,main]) started.
:expo-constants:parseReleaseLocalResources (Thread[Execution worker Thread 9,5,main]) started.

> Task :expo-constants:parseReleaseLocalResources UP-TO-DATE
Caching disabled for task ':expo-constants:parseReleaseLocalResources' because:
  Build cache is disabled
Skipping task ':expo-constants:parseReleaseLocalResources' as it is up-to-date.
Resolve mutations for :expo-constants:generateReleaseRFile (Thread[Execution worker Thread 9,5,main]) started.
:expo-constants:generateReleaseRFile (Thread[Execution worker Thread 9,5,main]) started.

> Task :expo-constants:generateReleaseRFile UP-TO-DATE
Caching disabled for task ':expo-constants:generateReleaseRFile' because:
  Build cache is disabled
Skipping task ':expo-constants:generateReleaseRFile' as it is up-to-date.
work action resolve package-aware-r.txt (project :expo-constants) (Thread[Execution worker Thread 9,5,main]) started.
Resolve mutations for :expo-constants:checkKotlinGradlePluginConfigurationErrors (Thread[Execution worker Thread 9,5,main]) started.
:expo-constants:checkKotlinGradlePluginConfigurationErrors (Thread[Execution worker Thread 9,5,main]) started.

> Task :expo-constants:checkKotlinGradlePluginConfigurationErrors SKIPPED
Skipping task ':expo-constants:checkKotlinGradlePluginConfigurationErrors' as task onlyIf 'errorDiagnostics are present' is false.
Resolve mutations for :expo-constants:generateReleaseBuildConfig (Thread[Execution worker Thread 9,5,main]) started.
:expo-constants:generateReleaseBuildConfig (Thread[Execution worker Thread 9,5,main]) started.

> Task :expo-constants:generateReleaseBuildConfig UP-TO-DATE
Caching disabled for task ':expo-constants:generateReleaseBuildConfig' because:
  Build cache is disabled
Skipping task ':expo-constants:generateReleaseBuildConfig' as it is up-to-date.
Resolve mutations for :expo-constants:javaPreCompileRelease (Thread[Execution worker Thread 9,5,main]) started.
:expo-constants:javaPreCompileRelease (Thread[Execution worker Thread 9,5,main]) started.

> Task :expo-constants:javaPreCompileRelease UP-TO-DATE
Caching disabled for task ':expo-constants:javaPreCompileRelease' because:
  Build cache is disabled
Skipping task ':expo-constants:javaPreCompileRelease' as it is up-to-date.
Resolve mutations for :expo-constants:mergeReleaseShaders (Thread[Execution worker Thread 9,5,main]) started.
:expo-constants:mergeReleaseShaders (Thread[Execution worker Thread 9,5,main]) started.

> Task :expo-constants:mergeReleaseShaders UP-TO-DATE
Caching disabled for task ':expo-constants:mergeReleaseShaders' because:
  Build cache is disabled
  Simple merging task
Skipping task ':expo-constants:mergeReleaseShaders' as it is up-to-date.
Resolve mutations for :expo-constants:compileReleaseShaders (Thread[Execution worker Thread 9,5,main]) started.
:expo-constants:compileReleaseShaders (Thread[Execution worker Thread 9,5,main]) started.

> Task :expo-constants:compileReleaseShaders NO-SOURCE
Skipping task ':expo-constants:compileReleaseShaders' as it has no source files and no previous output files.
Resolve mutations for :expo-constants:generateReleaseAssets (Thread[Execution worker Thread 9,5,main]) started.
:expo-constants:generateReleaseAssets (Thread[Execution worker Thread 9,5,main]) started.

> Task :expo-constants:generateReleaseAssets UP-TO-DATE
Skipping task ':expo-constants:generateReleaseAssets' as it has no actions.
Resolve mutations for :expo-constants:mergeReleaseAssets (Thread[Execution worker Thread 9,5,main]) started.
:expo-constants:mergeReleaseAssets (Thread[Execution worker Thread 9,5,main]) started.

> Task :expo-constants:mergeReleaseAssets UP-TO-DATE
Caching disabled for task ':expo-constants:mergeReleaseAssets' because:
  Build cache is disabled
  Simple merging task
Skipping task ':expo-constants:mergeReleaseAssets' as it is up-to-date.
work action resolve mergeReleaseAssets (project :expo-constants) (Thread[Execution worker Thread 9,5,main]) started.
Resolve mutations for :expo-constants:mergeReleaseJniLibFolders (Thread[Execution worker Thread 9,5,main]) started.
:expo-constants:mergeReleaseJniLibFolders (Thread[Execution worker Thread 9,5,main]) started.

> Task :expo-constants:mergeReleaseJniLibFolders UP-TO-DATE
Caching disabled for task ':expo-constants:mergeReleaseJniLibFolders' because:
  Build cache is disabled
  Simple merging task
Skipping task ':expo-constants:mergeReleaseJniLibFolders' as it is up-to-date.
Resolve mutations for :expo-constants:mergeReleaseNativeLibs (Thread[Execution worker Thread 9,5,main]) started.
:expo-constants:mergeReleaseNativeLibs (Thread[Execution worker Thread 9,5,main]) started.

> Task :expo-constants:mergeReleaseNativeLibs NO-SOURCE
Skipping task ':expo-constants:mergeReleaseNativeLibs' as it has no source files and no previous output files.
Resolve mutations for :expo-constants:copyReleaseJniLibsProjectOnly (Thread[Execution worker Thread 9,5,main]) started.
:expo-constants:copyReleaseJniLibsProjectOnly (Thread[Execution worker Thread 9,5,main]) started.

> Task :expo-constants:copyReleaseJniLibsProjectOnly UP-TO-DATE
Caching disabled for task ':expo-constants:copyReleaseJniLibsProjectOnly' because:
  Build cache is disabled
  Caching has been disabled for the task
Skipping task ':expo-constants:copyReleaseJniLibsProjectOnly' as it is up-to-date.
work action resolve jni (project :expo-constants) (Thread[Execution worker Thread 9,5,main]) started.
Resolve mutations for :expo:mapReleaseSourceSetPaths (Thread[Execution worker Thread 9,5,main]) started.
:expo:mapReleaseSourceSetPaths (Thread[Execution worker Thread 9,5,main]) started.

> Task :react-native-webview:syncReleaseLibJars
Caching disabled for task ':react-native-webview:syncReleaseLibJars' because:
  Build cache is disabled
Task ':react-native-webview:syncReleaseLibJars' is not up-to-date because:
  Output property 'localJarsLocation' file C:\Users\dctm1\YongStudyApp\node_modules\react-native-webview\android\build\intermediates\aar_libs_directory\release\syncReleaseLibJars\libs has been removed.
  Output property 'mainClassLocation' file C:\Users\dctm1\YongStudyApp\node_modules\react-native-webview\android\build\intermediates\aar_main_jar\release\syncReleaseLibJars\classes.jar has been removed.
Resolve mutations for :expo-constants:stripReleaseDebugSymbols (Thread[included builds Thread 2,5,main]) started.
:expo-constants:stripReleaseDebugSymbols (Thread[included builds Thread 2,5,main]) started.

> Task :expo-constants:stripReleaseDebugSymbols NO-SOURCE
Skipping task ':expo-constants:stripReleaseDebugSymbols' as it has no source files and no previous output files.
Resolve mutations for :expo-constants:copyReleaseJniLibsProjectAndLocalJars (Thread[included builds Thread 2,5,main]) started.
:expo-constants:copyReleaseJniLibsProjectAndLocalJars (Thread[included builds Thread 2,5,main]) started.

> Task :expo-constants:copyReleaseJniLibsProjectAndLocalJars UP-TO-DATE
Caching disabled for task ':expo-constants:copyReleaseJniLibsProjectAndLocalJars' because:
  Build cache is disabled
  Caching has been disabled for the task
Skipping task ':expo-constants:copyReleaseJniLibsProjectAndLocalJars' as it is up-to-date.
Resolve mutations for :expo-constants:extractDeepLinksForAarRelease (Thread[included builds Thread 2,5,main]) started.
:expo-constants:extractDeepLinksForAarRelease (Thread[included builds Thread 2,5,main]) started.

> Task :expo-constants:extractDeepLinksForAarRelease UP-TO-DATE
Caching disabled for task ':expo-constants:extractDeepLinksForAarRelease' because:
  Build cache is disabled
Skipping task ':expo-constants:extractDeepLinksForAarRelease' as it is up-to-date.
Resolve mutations for :expo-constants:prepareLintJarForPublish (Thread[included builds Thread 2,5,main]) started.
:expo-constants:prepareLintJarForPublish (Thread[included builds Thread 2,5,main]) started.

> Task :expo-constants:prepareLintJarForPublish UP-TO-DATE
Caching disabled for task ':expo-constants:prepareLintJarForPublish' because:
  Build cache is disabled
  Caching has been disabled for the task
Skipping task ':expo-constants:prepareLintJarForPublish' as it is up-to-date.
Resolve mutations for :expo-constants:prepareReleaseArtProfile (Thread[included builds Thread 2,5,main]) started.
:expo-constants:prepareReleaseArtProfile (Thread[included builds Thread 2,5,main]) started.

> Task :expo-constants:prepareReleaseArtProfile UP-TO-DATE
Caching disabled for task ':expo-constants:prepareReleaseArtProfile' because:
  Build cache is disabled
  Caching has been disabled for the task
Skipping task ':expo-constants:prepareReleaseArtProfile' as it is up-to-date.
Resolve mutations for :expo-constants:mapReleaseSourceSetPaths (Thread[included builds Thread 2,5,main]) started.
:expo-constants:mapReleaseSourceSetPaths (Thread[included builds Thread 2,5,main]) started.

> Task :expo-constants:mapReleaseSourceSetPaths UP-TO-DATE
Caching disabled for task ':expo-constants:mapReleaseSourceSetPaths' because:
  Build cache is disabled
  Caching has been disabled for the task
Skipping task ':expo-constants:mapReleaseSourceSetPaths' as it is up-to-date.
Resolve mutations for :expo-constants:mergeReleaseResources (Thread[included builds Thread 2,5,main]) started.
:expo-constants:mergeReleaseResources (Thread[included builds Thread 2,5,main]) started.

> Task :expo-constants:mergeReleaseResources UP-TO-DATE
Caching disabled for task ':expo-constants:mergeReleaseResources' because:
  Build cache is disabled
Skipping task ':expo-constants:mergeReleaseResources' as it is up-to-date.
Resolve mutations for :expo-constants:verifyReleaseResources (Thread[included builds Thread 2,5,main]) started.
:expo-constants:verifyReleaseResources (Thread[included builds Thread 2,5,main]) started.

> Task :expo-constants:verifyReleaseResources UP-TO-DATE
Caching disabled for task ':expo-constants:verifyReleaseResources' because:
  Build cache is disabled
Skipping task ':expo-constants:verifyReleaseResources' as it is up-to-date.
Resolve mutations for :react-native-webview:bundleReleaseAar (Thread[included builds Thread 2,5,main]) started.
:react-native-webview:bundleReleaseAar (Thread[included builds Thread 2,5,main]) started.

> Task :app:createBundleReleaseJsAndAssets
Caching disabled for task ':app:createBundleReleaseJsAndAssets' because:
  Build cache is disabled
  Caching has not been enabled for the task
Task ':app:createBundleReleaseJsAndAssets' is not up-to-date because:
  Task has failed previously.
Starting process 'command 'cmd''. Working directory: C:\Users\dctm1\YongStudyApp Command: cmd /c node node_modules\@expo\cli\build\bin\cli export:embed --platform android --dev false --reset-cache --entry-file index.js --bundle-output android\app\build\generated\assets\createBundleReleaseJsAndAssets\index.android.bundle --assets-dest android\app\build\generated\res\createBundleReleaseJsAndAssets --sourcemap-output android\app\build\intermediates\sourcemaps\react\release\index.android.bundle.packager.map --minify false --verbose
Successfully started process 'command 'cmd''

> Task :expo:mapReleaseSourceSetPaths UP-TO-DATE
Caching disabled for task ':expo:mapReleaseSourceSetPaths' because:
  Build cache is disabled
  Caching has been disabled for the task
Skipping task ':expo:mapReleaseSourceSetPaths' as it is up-to-date.
Resolve mutations for :expo:mergeReleaseResources (Thread[Execution worker Thread 9,5,main]) started.
:expo:mergeReleaseResources (Thread[Execution worker Thread 9,5,main]) started.

> Task :react-native-webview:bundleReleaseAar
Caching disabled for task ':react-native-webview:bundleReleaseAar' because:
  Build cache is disabled
  Caching has been disabled for the task
Task ':react-native-webview:bundleReleaseAar' is not up-to-date because:
  Output property 'archiveFile' file C:\Users\dctm1\YongStudyApp\node_modules\react-native-webview\android\build\outputs\aar\react-native-webview-release.aar has been removed.
file or directory 'C:\Users\dctm1\YongStudyApp\node_modules\react-native-webview\android\build\intermediates\public_res\release\packageReleaseResources\public.txt', not found
file or directory 'C:\Users\dctm1\YongStudyApp\node_modules\react-native-webview\android\build\intermediates\navigation_json_for_aar\release\extractDeepLinksForAarRelease\navigation.json', not found
file or directory 'C:\Users\dctm1\YongStudyApp\node_modules\react-native-webview\android\build\intermediates\annotations_zip\release\extractReleaseAnnotations\annotations.zip', not found
file or directory 'C:\Users\dctm1\YongStudyApp\node_modules\react-native-webview\android\build\intermediates\merged_consumer_proguard_file\release\mergeReleaseConsumerProguardFiles\proguard.txt', not found
file or directory 'C:\Users\dctm1\YongStudyApp\node_modules\react-native-webview\android\build\intermediates\lint_publish_jar\global\prepareLintJarForPublish\lint.jar', not found
file or directory 'C:\Users\dctm1\YongStudyApp\node_modules\react-native-webview\android\build\intermediates\library_art_profile\release\prepareReleaseArtProfile\baseline-prof.txt', not found
Resolve mutations for :react-native-webview:mapReleaseSourceSetPaths (Thread[included builds Thread 2,5,main]) started.
:react-native-webview:mapReleaseSourceSetPaths (Thread[included builds Thread 2,5,main]) started.

> Task :react-native-async-storage_async-storage:kspReleaseKotlin
Caching disabled for task ':react-native-async-storage_async-storage:kspReleaseKotlin' because:
  Build cache is disabled
Task ':react-native-async-storage_async-storage:kspReleaseKotlin' is not up-to-date because:
  Value of input property 'kspConfig.logLevel' has changed for task ':react-native-async-storage_async-storage:kspReleaseKotlin'
The input changes require a full rebuild for incremental task ':react-native-async-storage_async-storage:kspReleaseKotlin'.
file or directory 'C:\Users\dctm1\YongStudyApp\node_modules\@react-native-async-storage\async-storage\android\src\release\kotlin', not found
file or directory 'C:\Users\dctm1\YongStudyApp\node_modules\@react-native-async-storage\async-storage\android\src\release\java', not found
file or directory 'C:\Users\dctm1\YongStudyApp\node_modules\@react-native-async-storage\async-storage\android\src\main\java', not found
file or directory 'C:\Users\dctm1\YongStudyApp\node_modules\@react-native-async-storage\async-storage\android\generated\java', not found
file or directory 'C:\Users\dctm1\YongStudyApp\node_modules\@react-native-async-storage\async-storage\android\generated\jni', not found
file or directory 'C:\Users\dctm1\YongStudyApp\node_modules\@react-native-async-storage\async-storage\android\src\main\java', not found
file or directory 'C:\Users\dctm1\YongStudyApp\node_modules\@react-native-async-storage\async-storage\android\generated\java', not found
file or directory 'C:\Users\dctm1\YongStudyApp\node_modules\@react-native-async-storage\async-storage\android\generated\jni', not found
file or directory 'C:\Users\dctm1\YongStudyApp\node_modules\@react-native-async-storage\async-storage\android\src\release\java', not found
file or directory 'C:\Users\dctm1\YongStudyApp\node_modules\@react-native-async-storage\async-storage\android\src\release\kotlin', not found
file or directory 'C:\Users\dctm1\YongStudyApp\node_modules\@react-native-async-storage\async-storage\android\src\release\java', not found
file or directory 'C:\Users\dctm1\YongStudyApp\node_modules\@react-native-async-storage\async-storage\android\src\main\java', not found
file or directory 'C:\Users\dctm1\YongStudyApp\node_modules\@react-native-async-storage\async-storage\android\generated\java', not found
file or directory 'C:\Users\dctm1\YongStudyApp\node_modules\@react-native-async-storage\async-storage\android\generated\jni', not found
i: [ksp] loaded provider(s): [androidx.room.RoomKspProcessor$Provider]

> Task :react-native-webview:mapReleaseSourceSetPaths
Caching disabled for task ':react-native-webview:mapReleaseSourceSetPaths' because:
  Build cache is disabled
  Caching has been disabled for the task
Task ':react-native-webview:mapReleaseSourceSetPaths' is not up-to-date because:
  Output property 'filepathMappingFile' file C:\Users\dctm1\YongStudyApp\node_modules\react-native-webview\android\build\intermediates\source_set_path_map\release\mapReleaseSourceSetPaths\file-map.txt has been removed.
Resolve mutations for :react-native-webview:mergeReleaseResources (Thread[included builds Thread 2,5,main]) started.
:react-native-webview:mergeReleaseResources (Thread[included builds Thread 2,5,main]) started.

> Task :expo:mergeReleaseResources UP-TO-DATE
Caching disabled for task ':expo:mergeReleaseResources' because:
  Build cache is disabled
Skipping task ':expo:mergeReleaseResources' as it is up-to-date.
Resolve mutations for :expo:verifyReleaseResources (Thread[Execution worker Thread 9,5,main]) started.
:expo:verifyReleaseResources (Thread[Execution worker Thread 9,5,main]) started.

> Task :react-native-screens:compileReleaseJavaWithJavac
Custom actions are attached to task ':react-native-screens:compileReleaseJavaWithJavac'.
Caching disabled for task ':react-native-screens:compileReleaseJavaWithJavac' because:
  Build cache is disabled
Task ':react-native-screens:compileReleaseJavaWithJavac' is not up-to-date because:
  Output property 'destinationDirectory' file C:\Users\dctm1\YongStudyApp\node_modules\react-native-screens\android\build\intermediates\javac\release\compileReleaseJavaWithJavac\classes has been removed.
  Output property 'destinationDirectory' file C:\Users\dctm1\YongStudyApp\node_modules\react-native-screens\android\build\intermediates\javac\release\compileReleaseJavaWithJavac\classes\com has been removed.
  Output property 'destinationDirectory' file C:\Users\dctm1\YongStudyApp\node_modules\react-native-screens\android\build\intermediates\javac\release\compileReleaseJavaWithJavac\classes\com\facebook has been removed.
  and more...
The input changes require a full rebuild for incremental task ':react-native-screens:compileReleaseJavaWithJavac'.
Compilation mode: in-process compilation
Full recompilation is required because no incremental change information is available. This is usually caused by clean builds or changing compiler arguments.
Compiling with toolchain 'C:\Program Files\Android\Android Studio\jbr'.
file or directory 'C:\Users\dctm1\YongStudyApp\node_modules\react-native-screens\android\src\release\java', not found
Compiling with JDK Java compiler API.

> Transform classes.jar (project :react-native-webview) with DexingNoClasspathTransform
Caching disabled for DexingNoClasspathTransform: C:\Users\dctm1\YongStudyApp\node_modules\react-native-webview\android\build\intermediates\runtime_library_classes_jar\release\bundleLibRuntimeToJarRelease\classes.jar because:
  Build cache is disabled
DexingNoClasspathTransform: C:\Users\dctm1\YongStudyApp\node_modules\react-native-webview\android\build\intermediates\runtime_library_classes_jar\release\bundleLibRuntimeToJarRelease\classes.jar is not up-to-date because:
  Output property 'outputDirectory' file C:\Users\dctm1\YongStudyApp\node_modules\react-native-webview\android\build\.transforms\f4e2f03eff2212f53603246b9c387913\transformed has been removed.
  Output property 'outputDirectory' file C:\Users\dctm1\YongStudyApp\node_modules\react-native-webview\android\build\.transforms\f4e2f03eff2212f53603246b9c387913\transformed\classes has been removed.
  Output property 'outputDirectory' file C:\Users\dctm1\YongStudyApp\node_modules\react-native-webview\android\build\.transforms\f4e2f03eff2212f53603246b9c387913\transformed\classes\classes_dex has been removed.
  and more...
The input changes require a full rebuild for incremental DexingNoClasspathTransform: C:\Users\dctm1\YongStudyApp\node_modules\react-native-webview\android\build\intermediates\runtime_library_classes_jar\release\bundleLibRuntimeToJarRelease\classes.jar.
Running dexing transform non-incrementally for 'C:\Users\dctm1\YongStudyApp\node_modules\react-native-webview\android\build\intermediates\runtime_library_classes_jar\release\bundleLibRuntimeToJarRelease\classes.jar'
DexingOutputSplitTransform (Thread[Execution worker Thread 7,5,main]) started.

> Task :react-native-gesture-handler:compileReleaseJavaWithJavac
Custom actions are attached to task ':react-native-gesture-handler:compileReleaseJavaWithJavac'.
Caching disabled for task ':react-native-gesture-handler:compileReleaseJavaWithJavac' because:
  Build cache is disabled
Task ':react-native-gesture-handler:compileReleaseJavaWithJavac' is not up-to-date because:
  Output property 'destinationDirectory' file C:\Users\dctm1\YongStudyApp\node_modules\react-native-gesture-handler\android\build\intermediates\javac\release\compileReleaseJavaWithJavac\classes has been removed.
  Output property 'destinationDirectory' file C:\Users\dctm1\YongStudyApp\node_modules\react-native-gesture-handler\android\build\intermediates\javac\release\compileReleaseJavaWithJavac\classes\com has been removed.
  Output property 'destinationDirectory' file C:\Users\dctm1\YongStudyApp\node_modules\react-native-gesture-handler\android\build\intermediates\javac\release\compileReleaseJavaWithJavac\classes\com\facebook has been removed.
  and more...
The input changes require a full rebuild for incremental task ':react-native-gesture-handler:compileReleaseJavaWithJavac'.
Compilation mode: in-process compilation
Full recompilation is required because no incremental change information is available. This is usually caused by clean builds or changing compiler arguments.
Compiling with toolchain 'C:\Program Files\Android\Android Studio\jbr'.
file or directory 'C:\Users\dctm1\YongStudyApp\node_modules\react-native-gesture-handler\android\src\release\java', not found
Compiling with JDK Java compiler API.

> Transform bundleLibRuntimeToDirRelease (project :react-native-webview) with DexingNoClasspathTransform
Caching disabled for DexingNoClasspathTransform: C:\Users\dctm1\YongStudyApp\node_modules\react-native-webview\android\build\intermediates\runtime_library_classes_dir\release\bundleLibRuntimeToDirRelease because:
  Build cache is disabled
DexingNoClasspathTransform: C:\Users\dctm1\YongStudyApp\node_modules\react-native-webview\android\build\intermediates\runtime_library_classes_dir\release\bundleLibRuntimeToDirRelease is not up-to-date because:
  Output property 'outputDirectory' file C:\Users\dctm1\YongStudyApp\node_modules\react-native-webview\android\build\.transforms\927b20422161690bc8ea044b1e7a475d\transformed has been removed.
  Output property 'outputDirectory' file C:\Users\dctm1\YongStudyApp\node_modules\react-native-webview\android\build\.transforms\927b20422161690bc8ea044b1e7a475d\transformed\bundleLibRuntimeToDirRelease has been removed.
  Output property 'outputDirectory' file C:\Users\dctm1\YongStudyApp\node_modules\react-native-webview\android\build\.transforms\927b20422161690bc8ea044b1e7a475d\transformed\bundleLibRuntimeToDirRelease\bundleLibRuntimeToDirRelease_dex has been removed.
  and more...
The input changes require a full rebuild for incremental DexingNoClasspathTransform: C:\Users\dctm1\YongStudyApp\node_modules\react-native-webview\android\build\intermediates\runtime_library_classes_dir\release\bundleLibRuntimeToDirRelease.
Running dexing transform non-incrementally for 'C:\Users\dctm1\YongStudyApp\node_modules\react-native-webview\android\build\intermediates\runtime_library_classes_dir\release\bundleLibRuntimeToDirRelease'
DexingOutputSplitTransform (Thread[Execution worker Thread 4,5,main]) started.

> Task :expo-modules-core:compileReleaseJavaWithJavac
Custom actions are attached to task ':expo-modules-core:compileReleaseJavaWithJavac'.
Caching disabled for task ':expo-modules-core:compileReleaseJavaWithJavac' because:
  Build cache is disabled
Task ':expo-modules-core:compileReleaseJavaWithJavac' is not up-to-date because:
  Output property 'destinationDirectory' file C:\Users\dctm1\YongStudyApp\node_modules\expo-modules-core\android\build\intermediates\javac\release\compileReleaseJavaWithJavac\classes has been removed.
  Output property 'destinationDirectory' file C:\Users\dctm1\YongStudyApp\node_modules\expo-modules-core\android\build\intermediates\javac\release\compileReleaseJavaWithJavac\classes\expo has been removed.
  Output property 'destinationDirectory' file C:\Users\dctm1\YongStudyApp\node_modules\expo-modules-core\android\build\intermediates\javac\release\compileReleaseJavaWithJavac\classes\expo\modules has been removed.
  and more...
The input changes require a full rebuild for incremental task ':expo-modules-core:compileReleaseJavaWithJavac'.
Compilation mode: in-process compilation
Full recompilation is required because no incremental change information is available. This is usually caused by clean builds or changing compiler arguments.
Compiling with toolchain 'C:\Program Files\Android\Android Studio\jbr'.
file or directory 'C:\Users\dctm1\YongStudyApp\node_modules\expo-modules-core\android\src\release\java', not found
Compiling with JDK Java compiler API.

> Task :react-native-gesture-handler:compileReleaseJavaWithJavac
Class dependency analysis for incremental compilation took 0.052 secs.
Created classpath snapshot for incremental compilation in 0.283 secs.
Resolve mutations for :react-native-gesture-handler:bundleLibCompileToJarRelease (Thread[Execution worker Thread 11,5,main]) started.
:react-native-gesture-handler:bundleLibCompileToJarRelease (Thread[Execution worker Thread 11,5,main]) started.

> Task :react-native-pager-view:mergeReleaseResources
Caching disabled for task ':react-native-pager-view:mergeReleaseResources' because:
  Build cache is disabled
Task ':react-native-pager-view:mergeReleaseResources' is not up-to-date because:
  Output property 'blameLogOutputFolder' file C:\Users\dctm1\YongStudyApp\node_modules\react-native-pager-view\android\build\intermediates\merged_res_blame_folder\release\mergeReleaseResources\out has been removed.
  Output property 'blameLogOutputFolder' file C:\Users\dctm1\YongStudyApp\node_modules\react-native-pager-view\android\build\intermediates\merged_res_blame_folder\release\mergeReleaseResources\out\multi-v2 has been removed.
  Output property 'blameLogOutputFolder' file C:\Users\dctm1\YongStudyApp\node_modules\react-native-pager-view\android\build\intermediates\merged_res_blame_folder\release\mergeReleaseResources\out\multi-v2\values-af.json has been removed.
  and more...
The input changes require a full rebuild for incremental task ':react-native-pager-view:mergeReleaseResources'.
[MergeResources] Inputs are non-incremental full task action.

Resolve mutations for :react-native-gesture-handler:mergeReleaseShaders (Thread[Execution worker Thread 7,5,main]) started.
:react-native-gesture-handler:mergeReleaseShaders (Thread[Execution worker Thread 7,5,main]) started.

> Task :react-native-gesture-handler:mergeReleaseShaders UP-TO-DATE
Caching disabled for task ':react-native-gesture-handler:mergeReleaseShaders' because:
  Build cache is disabled
  Simple merging task
Skipping task ':react-native-gesture-handler:mergeReleaseShaders' as it is up-to-date.
Resolve mutations for :react-native-gesture-handler:compileReleaseShaders (Thread[Execution worker Thread 7,5,main]) started.
:react-native-gesture-handler:compileReleaseShaders (Thread[Execution worker Thread 7,5,main]) started.

> Task :react-native-gesture-handler:compileReleaseShaders NO-SOURCE
Skipping task ':react-native-gesture-handler:compileReleaseShaders' as it has no source files and no previous output files.
Resolve mutations for :react-native-gesture-handler:generateReleaseAssets (Thread[Execution worker Thread 7,5,main]) started.
:react-native-gesture-handler:generateReleaseAssets (Thread[Execution worker Thread 7,5,main]) started.

> Task :react-native-gesture-handler:generateReleaseAssets UP-TO-DATE
Skipping task ':react-native-gesture-handler:generateReleaseAssets' as it has no actions.
Resolve mutations for :react-native-gesture-handler:mergeReleaseAssets (Thread[Execution worker Thread 7,5,main]) started.
:react-native-gesture-handler:mergeReleaseAssets (Thread[Execution worker Thread 7,5,main]) started.
Resolve mutations for :react-native-async-storage_async-storage:compileReleaseKotlin (Thread[Execution worker Thread 6,5,main]) started.
:react-native-async-storage_async-storage:compileReleaseKotlin (Thread[Execution worker Thread 6,5,main]) started.

> Task :react-native-gesture-handler:mergeReleaseAssets UP-TO-DATE
Caching disabled for task ':react-native-gesture-handler:mergeReleaseAssets' because:
  Build cache is disabled
  Simple merging task
Skipping task ':react-native-gesture-handler:mergeReleaseAssets' as it is up-to-date.
work action resolve mergeReleaseAssets (project :react-native-gesture-handler) (Thread[Execution worker Thread 7,5,main]) started.
Resolve mutations for :react-native-gesture-handler:bundleLibRuntimeToDirRelease (Thread[Execution worker Thread 7,5,main]) started.
:react-native-gesture-handler:bundleLibRuntimeToDirRelease (Thread[Execution worker Thread 7,5,main]) started.
Resolve mutations for :react-native-gesture-handler:bundleLibRuntimeToJarRelease (Thread[Execution worker Thread 4,5,main]) started.
:react-native-gesture-handler:bundleLibRuntimeToJarRelease (Thread[Execution worker Thread 4,5,main]) started.

> Task :react-native-safe-area-context:mergeReleaseResources
Caching disabled for task ':react-native-safe-area-context:mergeReleaseResources' because:
  Build cache is disabled
Task ':react-native-safe-area-context:mergeReleaseResources' is not up-to-date because:
  Output property 'blameLogOutputFolder' file C:\Users\dctm1\YongStudyApp\node_modules\react-native-safe-area-context\android\build\intermediates\merged_res_blame_folder\release\mergeReleaseResources\out has been removed.
  Output property 'blameLogOutputFolder' file C:\Users\dctm1\YongStudyApp\node_modules\react-native-safe-area-context\android\build\intermediates\merged_res_blame_folder\release\mergeReleaseResources\out\multi-v2 has been removed.
  Output property 'blameLogOutputFolder' file C:\Users\dctm1\YongStudyApp\node_modules\react-native-safe-area-context\android\build\intermediates\merged_res_blame_folder\release\mergeReleaseResources\out\multi-v2\values-af.json has been removed.
  and more...
The input changes require a full rebuild for incremental task ':react-native-safe-area-context:mergeReleaseResources'.
[MergeResources] Inputs are non-incremental full task action.

> Task :react-native-async-storage_async-storage:compileReleaseKotlin UP-TO-DATE
Adding -Xuse-inline-scopes-numbers Kotlin compiler flag for task :react-native-async-storage_async-storage:compileDebugAndroidTestKotlin
GradleBuildProject.Builder should not be accessed through AnalyticsConfiguratorService after AnalyticsService is created. Analytics information of this build might be incomplete.
Caching disabled for task ':react-native-async-storage_async-storage:compileReleaseKotlin' because:
  Build cache is disabled
Skipping task ':react-native-async-storage_async-storage:compileReleaseKotlin' as it is up-to-date.
Resolve mutations for :react-native-async-storage_async-storage:compileReleaseJavaWithJavac (Thread[Execution worker Thread 6,5,main]) started.
:react-native-async-storage_async-storage:compileReleaseJavaWithJavac (Thread[Execution worker Thread 6,5,main]) started.

> Task :react-native-async-storage_async-storage:verifyReleaseResources
Caching disabled for task ':react-native-async-storage_async-storage:verifyReleaseResources' because:
  Build cache is disabled
Task ':react-native-async-storage_async-storage:verifyReleaseResources' is not up-to-date because:
  Output property 'compiledDirectory' file C:\Users\dctm1\YongStudyApp\node_modules\@react-native-async-storage\async-storage\android\build\intermediates\verified_library_resources\release\verifyReleaseResources has been removed.
  Output property 'compiledDirectory' file C:\Users\dctm1\YongStudyApp\node_modules\@react-native-async-storage\async-storage\android\build\intermediates\verified_library_resources\release\verifyReleaseResources\compiled has been removed.
  Output property 'compiledDirectory' file C:\Users\dctm1\YongStudyApp\node_modules\@react-native-async-storage\async-storage\android\build\intermediates\verified_library_resources\release\verifyReleaseResources\compiled\anim-v21_fragment_fast_out_extra_slow_in.xml.flat has been removed.
  and more...
The input changes require a full rebuild for incremental task ':react-native-async-storage_async-storage:verifyReleaseResources'.
Compiling xml file C:\Users\dctm1\YongStudyApp\node_modules\@react-native-async-storage\async-storage\android\build\intermediates\merged_res\release\mergeReleaseResources\anim\abc_slide_out_top.xml to C:\Users\dctm1\YongStudyApp\node_modules\@react-native-async-storage\async-storage\android\build\intermediates\verified_library_resources\release\verifyReleaseResources\compiled\anim_abc_slide_out_top.xml.flat
Compiling xml file C:\Users\dctm1\YongStudyApp\node_modules\@react-native-async-storage\async-storage\android\build\intermediates\merged_res\release\mergeReleaseResources\anim\btn_radio_to_on_mtrl_dot_group_animation.xml to C:\Users\dctm1\YongStudyApp\node_modules\@react-native-async-storage\async-storage\android\build\intermediates\verified_library_resources\release\verifyReleaseResources\compiled\anim_btn_radio_to_on_mtrl_dot_group_animation.xml.flat
Compiling xml file C:\Users\dctm1\YongStudyApp\node_modules\@react-native-async-storage\async-storage\android\build\intermediates\merged_res\release\mergeReleaseResources\animator\fragment_fade_enter.xml to C:\Users\dctm1\YongStudyApp\node_modules\@react-native-async-storage\async-storage\android\build\intermediates\verified_library_resources\release\verifyReleaseResources\compiled\animator_fragment_fade_enter.xml.flat
Compiling xml file C:\Users\dctm1\YongStudyApp\node_modules\@react-native-async-storage\async-storage\android\build\intermediates\merged_res\release\mergeReleaseResources\color\abc_search_url_text.xml to C:\Users\dctm1\YongStudyApp\node_modules\@react-native-async-storage\async-storage\android\build\intermediates\verified_library_resources\release\verifyReleaseResources\compiled\color_abc_search_url_text.xml.flat
Compiling xml file C:\Users\dctm1\YongStudyApp\node_modules\@react-native-async-storage\async-storage\android\build\intermediates\merged_res\release\mergeReleaseResources\color-v23\abc_tint_spinner.xml to C:\Users\dctm1\YongStudyApp\node_modules\@react-native-async-storage\async-storage\android\build\intermediates\verified_library_resources\release\verifyReleaseResources\compiled\color-v23_abc_tint_spinner.xml.flat
Compiling xml file C:\Users\dctm1\YongStudyApp\node_modules\@react-native-async-storage\async-storage\android\build\intermediates\merged_res\release\mergeReleaseResources\drawable\abc_ic_clear_material.xml to C:\Users\dctm1\YongStudyApp\node_modules\@react-native-async-storage\async-storage\android\build\intermediates\verified_library_resources\release\verifyReleaseResources\compiled\drawable_abc_ic_clear_material.xml.flat
Compiling xml file C:\Users\dctm1\YongStudyApp\node_modules\@react-native-async-storage\async-storage\android\build\intermediates\merged_res\release\mergeReleaseResources\drawable\abc_list_selector_background_transition_holo_dark.xml to C:\Users\dctm1\YongStudyApp\node_modules\@react-native-async-storage\async-storage\android\build\intermediates\verified_library_resources\release\verifyReleaseResources\compiled\drawable_abc_list_selector_background_transition_holo_dark.xml.flat
Compiling xml file C:\Users\dctm1\YongStudyApp\node_modules\@react-native-async-storage\async-storage\android\build\intermediates\merged_res\release\mergeReleaseResources\drawable\abc_star_half_black_48dp.xml to C:\Users\dctm1\YongStudyApp\node_modules\@react-native-async-storage\async-storage\android\build\intermediates\verified_library_resources\release\verifyReleaseResources\compiled\drawable_abc_star_half_black_48dp.xml.flat
Compiling xml file C:\Users\dctm1\YongStudyApp\node_modules\@react-native-async-storage\async-storage\android\build\intermediates\merged_res\release\mergeReleaseResources\drawable\btn_radio_on_mtrl.xml to C:\Users\dctm1\YongStudyApp\node_modules\@react-native-async-storage\async-storage\android\build\intermediates\verified_library_resources\release\verifyReleaseResources\compiled\drawable_btn_radio_on_mtrl.xml.flat
Compiling xml file C:\Users\dctm1\YongStudyApp\node_modules\@react-native-async-storage\async-storage\android\build\intermediates\merged_res\release\mergeReleaseResources\drawable\tooltip_frame_light.xml to C:\Users\dctm1\YongStudyApp\node_modules\@react-native-async-storage\async-storage\android\build\intermediates\verified_library_resources\release\verifyReleaseResources\compiled\drawable_tooltip_frame_light.xml.flat
Compiling image file C:\Users\dctm1\YongStudyApp\node_modules\@react-native-async-storage\async-storage\android\build\intermediates\merged_res\release\mergeReleaseResources\drawable-hdpi-v4\abc_scrubber_control_off_mtrl_alpha.png
Compiling file C:\Users\dctm1\YongStudyApp\node_modules\@react-native-async-storage\async-storage\android\build\intermediates\merged_res\release\mergeReleaseResources\drawable-hdpi-v4\abc_scrubber_control_off_mtrl_alpha.png to C:\Users\dctm1\YongStudyApp\node_modules\@react-native-async-storage\async-storage\android\build\intermediates\verified_library_resources\release\verifyReleaseResources\compiled\drawable-hdpi-v4_abc_scrubber_control_off_mtrl_alpha.png.flat
Compiling image file C:\Users\dctm1\YongStudyApp\node_modules\@react-native-async-storage\async-storage\android\build\intermediates\merged_res\release\mergeReleaseResources\drawable-hdpi-v4\ic_resume.png
Compiling file C:\Users\dctm1\YongStudyApp\node_modules\@react-native-async-storage\async-storage\android\build\intermediates\merged_res\release\mergeReleaseResources\drawable-hdpi-v4\ic_resume.png to C:\Users\dctm1\YongStudyApp\node_modules\@react-native-async-storage\async-storage\android\build\intermediates\verified_library_resources\release\verifyReleaseResources\compiled\drawable-hdpi-v4_ic_resume.png.flat
Compiling image file C:\Users\dctm1\YongStudyApp\node_modules\@react-native-async-storage\async-storage\android\build\intermediates\merged_res\release\mergeReleaseResources\drawable-mdpi-v4\abc_btn_radio_to_on_mtrl_015.png
Compiling file C:\Users\dctm1\YongStudyApp\node_modules\@react-native-async-storage\async-storage\android\build\intermediates\merged_res\release\mergeReleaseResources\drawable-mdpi-v4\abc_btn_radio_to_on_mtrl_015.png to C:\Users\dctm1\YongStudyApp\node_modules\@react-native-async-storage\async-storage\android\build\intermediates\verified_library_resources\release\verifyReleaseResources\compiled\drawable-mdpi-v4_abc_btn_radio_to_on_mtrl_015.png.flat
Compiling image file C:\Users\dctm1\YongStudyApp\node_modules\@react-native-async-storage\async-storage\android\build\intermediates\merged_res\release\mergeReleaseResources\drawable-mdpi-v4\ic_call_decline.png
Compiling file C:\Users\dctm1\YongStudyApp\node_modules\@react-native-async-storage\async-storage\android\build\intermediates\merged_res\release\mergeReleaseResources\drawable-mdpi-v4\ic_call_decline.png to C:\Users\dctm1\YongStudyApp\node_modules\@react-native-async-storage\async-storage\android\build\intermediates\verified_library_resources\release\verifyReleaseResources\compiled\drawable-mdpi-v4_ic_call_decline.png.flat
Compiling xml file C:\Users\dctm1\YongStudyApp\node_modules\@react-native-async-storage\async-storage\android\build\intermediates\merged_res\release\mergeReleaseResources\drawable-watch-v20\abc_dialog_material_background.xml to C:\Users\dctm1\YongStudyApp\node_modules\@react-native-async-storage\async-storage\android\build\intermediates\verified_library_resources\release\verifyReleaseResources\compiled\drawable-watch-v20_abc_dialog_material_background.xml.flat
Compiling image file C:\Users\dctm1\YongStudyApp\node_modules\@react-native-async-storage\async-storage\android\build\intermediates\merged_res\release\mergeReleaseResources\drawable-xhdpi-v4\ic_call_answer.png
Compiling file C:\Users\dctm1\YongStudyApp\node_modules\@react-native-async-storage\async-storage\android\build\intermediates\merged_res\release\mergeReleaseResources\drawable-xhdpi-v4\ic_call_answer.png to C:\Users\dctm1\YongStudyApp\node_modules\@react-native-async-storage\async-storage\android\build\intermediates\verified_library_resources\release\verifyReleaseResources\compiled\drawable-xhdpi-v4_ic_call_answer.png.flat
Compiling image file C:\Users\dctm1\YongStudyApp\node_modules\@react-native-async-storage\async-storage\android\build\intermediates\merged_res\release\mergeReleaseResources\drawable-xxhdpi-v4\abc_ic_commit_search_api_mtrl_alpha.png
Compiling file C:\Users\dctm1\YongStudyApp\node_modules\@react-native-async-storage\async-storage\android\build\intermediates\merged_res\release\mergeReleaseResources\drawable-xxhdpi-v4\abc_ic_commit_search_api_mtrl_alpha.png to C:\Users\dctm1\YongStudyApp\node_modules\@react-native-async-storage\async-storage\android\build\intermediates\verified_library_resources\release\verifyReleaseResources\compiled\drawable-xxhdpi-v4_abc_ic_commit_search_api_mtrl_alpha.png.flat
Compiling image file C:\Users\dctm1\YongStudyApp\node_modules\@react-native-async-storage\async-storage\android\build\intermediates\merged_res\release\mergeReleaseResources\drawable-xxhdpi-v4\ic_call_decline_low.png
Compiling file C:\Users\dctm1\YongStudyApp\node_modules\@react-native-async-storage\async-storage\android\build\intermediates\merged_res\release\mergeReleaseResources\drawable-xxhdpi-v4\ic_call_decline_low.png to C:\Users\dctm1\YongStudyApp\node_modules\@react-native-async-storage\async-storage\android\build\intermediates\verified_library_resources\release\verifyReleaseResources\compiled\drawable-xxhdpi-v4_ic_call_decline_low.png.flat
Compiling image file C:\Users\dctm1\YongStudyApp\node_modules\@react-native-async-storage\async-storage\android\build\intermediates\merged_res\release\mergeReleaseResources\drawable-xxxhdpi-v4\ic_call_answer_video.png
Compiling file C:\Users\dctm1\YongStudyApp\node_modules\@react-native-async-storage\async-storage\android\build\intermediates\merged_res\release\mergeReleaseResources\drawable-xxxhdpi-v4\ic_call_answer_video.png to C:\Users\dctm1\YongStudyApp\node_modules\@react-native-async-storage\async-storage\android\build\intermediates\verified_library_resources\release\verifyReleaseResources\compiled\drawable-xxxhdpi-v4_ic_call_answer_video.png.flat
Compiling xml file C:\Users\dctm1\YongStudyApp\node_modules\@react-native-async-storage\async-storage\android\build\intermediates\merged_res\release\mergeReleaseResources\layout\abc_action_bar_title_item.xml to C:\Users\dctm1\YongStudyApp\node_modules\@react-native-async-storage\async-storage\android\build\intermediates\verified_library_resources\release\verifyReleaseResources\compiled\layout_abc_action_bar_title_item.xml.flat
Compiling xml file C:\Users\dctm1\YongStudyApp\node_modules\@react-native-async-storage\async-storage\android\build\intermediates\merged_res\release\mergeReleaseResources\layout\abc_dialog_title_material.xml to C:\Users\dctm1\YongStudyApp\node_modules\@react-native-async-storage\async-storage\android\build\intermediates\verified_library_resources\release\verifyReleaseResources\compiled\layout_abc_dialog_title_material.xml.flat
Compiling xml file C:\Users\dctm1\YongStudyApp\node_modules\@react-native-async-storage\async-storage\android\build\intermediates\merged_res\release\mergeReleaseResources\layout\abc_search_dropdown_item_icons_2line.xml to C:\Users\dctm1\YongStudyApp\node_modules\@react-native-async-storage\async-storage\android\build\intermediates\verified_library_resources\release\verifyReleaseResources\compiled\layout_abc_search_dropdown_item_icons_2line.xml.flat
Compiling xml file C:\Users\dctm1\YongStudyApp\node_modules\@react-native-async-storage\async-storage\android\build\intermediates\merged_res\release\mergeReleaseResources\layout\notification_template_part_time.xml to C:\Users\dctm1\YongStudyApp\node_modules\@react-native-async-storage\async-storage\android\build\intermediates\verified_library_resources\release\verifyReleaseResources\compiled\layout_notification_template_part_time.xml.flat
Compiling xml file C:\Users\dctm1\YongStudyApp\node_modules\@react-native-async-storage\async-storage\android\build\intermediates\merged_res\release\mergeReleaseResources\layout-v21\notification_template_icon_group.xml to C:\Users\dctm1\YongStudyApp\node_modules\@react-native-async-storage\async-storage\android\build\intermediates\verified_library_resources\release\verifyReleaseResources\compiled\layout-v21_notification_template_icon_group.xml.flat
Compiling xml file C:\Users\dctm1\YongStudyApp\node_modules\@react-native-async-storage\async-storage\android\build\intermediates\merged_res\release\mergeReleaseResources\anim\abc_slide_in_bottom.xml to C:\Users\dctm1\YongStudyApp\node_modules\@react-native-async-storage\async-storage\android\build\intermediates\verified_library_resources\release\verifyReleaseResources\compiled\anim_abc_slide_in_bottom.xml.flat
Compiling xml file C:\Users\dctm1\YongStudyApp\node_modules\@react-native-async-storage\async-storage\android\build\intermediates\merged_res\release\mergeReleaseResources\anim\btn_radio_to_off_mtrl_dot_group_animation.xml to C:\Users\dctm1\YongStudyApp\node_modules\@react-native-async-storage\async-storage\android\build\intermediates\verified_library_resources\release\verifyReleaseResources\compiled\anim_btn_radio_to_off_mtrl_dot_group_animation.xml.flat
Compiling XML table C:\Users\dctm1\YongStudyApp\node_modules\@react-native-async-storage\async-storage\android\build\intermediates\merged_res\release\mergeReleaseResources\values-bg\values-bg.xml to C:\Users\dctm1\YongStudyApp\node_modules\@react-native-async-storage\async-storage\android\build\intermediates\verified_library_resources\release\verifyReleaseResources\compiled\values-bg_values-bg.arsc.flat
Compiling xml file C:\Users\dctm1\YongStudyApp\node_modules\@react-native-async-storage\async-storage\android\build\intermediates\merged_res\release\mergeReleaseResources\anim-v21\fragment_fast_out_extra_slow_in.xml to C:\Users\dctm1\YongStudyApp\node_modules\@react-native-async-storage\async-storage\android\build\intermediates\verified_library_resources\release\verifyReleaseResources\compiled\anim-v21_fragment_fast_out_extra_slow_in.xml.flat
Compiling xml file C:\Users\dctm1\YongStudyApp\node_modules\@react-native-async-storage\async-storage\android\build\intermediates\merged_res\release\mergeReleaseResources\color\abc_primary_text_disable_only_material_light.xml to C:\Users\dctm1\YongStudyApp\node_modules\@react-native-async-storage\async-storage\android\build\intermediates\verified_library_resources\release\verifyReleaseResources\compiled\color_abc_primary_text_disable_only_material_light.xml.flat
Compiling xml file C:\Users\dctm1\YongStudyApp\node_modules\@react-native-async-storage\async-storage\android\build\intermediates\merged_res\release\mergeReleaseResources\color-v23\abc_tint_default.xml to C:\Users\dctm1\YongStudyApp\node_modules\@react-native-async-storage\async-storage\android\build\intermediates\verified_library_resources\release\verifyReleaseResources\compiled\color-v23_abc_tint_default.xml.flat
Compiling xml file C:\Users\dctm1\YongStudyApp\node_modules\@react-native-async-storage\async-storage\android\build\intermediates\merged_res\release\mergeReleaseResources\drawable\abc_cab_background_top_material.xml to C:\Users\dctm1\YongStudyApp\node_modules\@react-native-async-storage\async-storage\android\build\intermediates\verified_library_resources\release\verifyReleaseResources\compiled\drawable_abc_cab_background_top_material.xml.flat
Compiling xml file C:\Users\dctm1\YongStudyApp\node_modules\@react-native-async-storage\async-storage\android\build\intermediates\merged_res\release\mergeReleaseResources\anim\abc_slide_out_bottom.xml to C:\Users\dctm1\YongStudyApp\node_modules\@react-native-async-storage\async-storage\android\build\intermediates\verified_library_resources\release\verifyReleaseResources\compiled\anim_abc_slide_out_bottom.xml.flat
Compiling xml file C:\Users\dctm1\YongStudyApp\node_modules\@react-native-async-storage\async-storage\android\build\intermediates\merged_res\release\mergeReleaseResources\drawable\abc_ic_voice_search_api_material.xml to C:\Users\dctm1\YongStudyApp\node_modules\@react-native-async-storage\async-storage\android\build\intermediates\verified_library_resources\release\verifyReleaseResources\compiled\drawable_abc_ic_voice_search_api_material.xml.flat
Compiling xml file C:\Users\dctm1\YongStudyApp\node_modules\@react-native-async-storage\async-storage\android\build\intermediates\merged_res\release\mergeReleaseResources\drawable\abc_seekbar_track_material.xml to C:\Users\dctm1\YongStudyApp\node_modules\@react-native-async-storage\async-storage\android\build\intermediates\verified_library_resources\release\verifyReleaseResources\compiled\drawable_abc_seekbar_track_material.xml.flat
Compiling xml file C:\Users\dctm1\YongStudyApp\node_modules\@react-native-async-storage\async-storage\android\build\intermediates\merged_res\release\mergeReleaseResources\anim\btn_radio_to_off_mtrl_ring_outer_path_animation.xml to C:\Users\dctm1\YongStudyApp\node_modules\@react-native-async-storage\async-storage\android\build\intermediates\verified_library_resources\release\verifyReleaseResources\compiled\anim_btn_radio_to_off_mtrl_ring_outer_path_animation.xml.flat
Compiling xml file C:\Users\dctm1\YongStudyApp\node_modules\@react-native-async-storage\async-storage\android\build\intermediates\merged_res\release\mergeReleaseResources\drawable\btn_checkbox_unchecked_to_checked_mtrl_animation.xml to C:\Users\dctm1\YongStudyApp\node_modules\@react-native-async-storage\async-storage\android\build\intermediates\verified_library_resources\release\verifyReleaseResources\compiled\drawable_btn_checkbox_unchecked_to_checked_mtrl_animation.xml.flat
Compiling xml file C:\Users\dctm1\YongStudyApp\node_modules\@react-native-async-storage\async-storage\android\build\intermediates\merged_res\release\mergeReleaseResources\animator\fragment_close_exit.xml to C:\Users\dctm1\YongStudyApp\node_modules\@react-native-async-storage\async-storage\android\build\intermediates\verified_library_resources\release\verifyReleaseResources\compiled\animator_fragment_close_exit.xml.flat
Compiling xml file C:\Users\dctm1\YongStudyApp\node_modules\@react-native-async-storage\async-storage\android\build\intermediates\merged_res\release\mergeReleaseResources\drawable\ripple_effect.xml to C:\Users\dctm1\YongStudyApp\node_modules\@react-native-async-storage\async-storage\android\build\intermediates\verified_library_resources\release\verifyReleaseResources\compiled\drawable_ripple_effect.xml.flat
Compiling image file C:\Users\dctm1\YongStudyApp\node_modules\@react-native-async-storage\async-storage\android\build\intermediates\merged_res\release\mergeReleaseResources\drawable-hdpi-v4\abc_btn_radio_to_on_mtrl_000.png
Compiling file C:\Users\dctm1\YongStudyApp\node_modules\@react-native-async-storage\async-storage\android\build\intermediates\merged_res\release\mergeReleaseResources\drawable-hdpi-v4\abc_btn_radio_to_on_mtrl_000.png to C:\Users\dctm1\YongStudyApp\node_modules\@react-native-async-storage\async-storage\android\build\intermediates\verified_library_resources\release\verifyReleaseResources\compiled\drawable-hdpi-v4_abc_btn_radio_to_on_mtrl_000.png.flat
Compiling xml file C:\Users\dctm1\YongStudyApp\node_modules\@react-native-async-storage\async-storage\android\build\intermediates\merged_res\release\mergeReleaseResources\color\abc_primary_text_material_light.xml to C:\Users\dctm1\YongStudyApp\node_modules\@react-native-async-storage\async-storage\android\build\intermediates\verified_library_resources\release\verifyReleaseResources\compiled\color_abc_primary_text_material_light.xml.flat
Compiling xml file C:\Users\dctm1\YongStudyApp\node_modules\@react-native-async-storage\async-storage\android\build\intermediates\merged_res\release\mergeReleaseResources\color-v23\abc_tint_seek_thumb.xml to C:\Users\dctm1\YongStudyApp\node_modules\@react-native-async-storage\async-storage\android\build\intermediates\verified_library_resources\release\verifyReleaseResources\compiled\color-v23_abc_tint_seek_thumb.xml.flat
Compiling image file C:\Users\dctm1\YongStudyApp\node_modules\@react-native-async-storage\async-storage\android\build\intermediates\merged_res\release\mergeReleaseResources\drawable-hdpi-v4\ic_call_answer_video_low.png
Compiling file C:\Users\dctm1\YongStudyApp\node_modules\@react-native-async-storage\async-storage\android\build\intermediates\merged_res\release\mergeReleaseResources\drawable-hdpi-v4\ic_call_answer_video_low.png to C:\Users\dctm1\YongStudyApp\node_modules\@react-native-async-storage\async-storage\android\build\intermediates\verified_library_resources\release\verifyReleaseResources\compiled\drawable-hdpi-v4_ic_call_answer_video_low.png.flat
Compiling xml file C:\Users\dctm1\YongStudyApp\node_modules\@react-native-async-storage\async-storage\android\build\intermediates\merged_res\release\mergeReleaseResources\drawable\abc_ic_arrow_drop_right_black_24dp.xml to C:\Users\dctm1\YongStudyApp\node_modules\@react-native-async-storage\async-storage\android\build\intermediates\verified_library_resources\release\verifyReleaseResources\compiled\drawable_abc_ic_arrow_drop_right_black_24dp.xml.flat
Compiling image file C:\Users\dctm1\YongStudyApp\node_modules\@react-native-async-storage\async-storage\android\build\intermediates\merged_res\release\mergeReleaseResources\drawable-mdpi-v4\abc_btn_check_to_on_mtrl_000.png
Compiling file C:\Users\dctm1\YongStudyApp\node_modules\@react-native-async-storage\async-storage\android\build\intermediates\merged_res\release\mergeReleaseResources\drawable-mdpi-v4\abc_btn_check_to_on_mtrl_000.png to C:\Users\dctm1\YongStudyApp\node_modules\@react-native-async-storage\async-storage\android\build\intermediates\verified_library_resources\release\verifyReleaseResources\compiled\drawable-mdpi-v4_abc_btn_check_to_on_mtrl_000.png.flat
Compiling xml file C:\Users\dctm1\YongStudyApp\node_modules\@react-native-async-storage\async-storage\android\build\intermediates\merged_res\release\mergeReleaseResources\drawable\abc_item_background_holo_light.xml to C:\Users\dctm1\YongStudyApp\node_modules\@react-native-async-storage\async-storage\android\build\intermediates\verified_library_resources\release\verifyReleaseResources\compiled\drawable_abc_item_background_holo_light.xml.flat
Compiling xml file C:\Users\dctm1\YongStudyApp\node_modules\@react-native-async-storage\async-storage\android\build\intermediates\merged_res\release\mergeReleaseResources\drawable\abc_star_black_48dp.xml to C:\Users\dctm1\YongStudyApp\node_modules\@react-native-async-storage\async-storage\android\build\intermediates\verified_library_resources\release\verifyReleaseResources\compiled\drawable_abc_star_black_48dp.xml.flat
Compiling image file C:\Users\dctm1\YongStudyApp\node_modules\@react-native-async-storage\async-storage\android\build\intermediates\merged_res\release\mergeReleaseResources\drawable-mdpi-v4\ic_call_answer_low.png
Compiling file C:\Users\dctm1\YongStudyApp\node_modules\@react-native-async-storage\async-storage\android\build\intermediates\merged_res\release\mergeReleaseResources\drawable-mdpi-v4\ic_call_answer_low.png to C:\Users\dctm1\YongStudyApp\node_modules\@react-native-async-storage\async-storage\android\build\intermediates\verified_library_resources\release\verifyReleaseResources\compiled\drawable-mdpi-v4_ic_call_answer_low.png.flat
Compiling xml file C:\Users\dctm1\YongStudyApp\node_modules\@react-native-async-storage\async-storage\android\build\intermediates\merged_res\release\mergeReleaseResources\drawable-v21\notification_action_background.xml to C:\Users\dctm1\YongStudyApp\node_modules\@react-native-async-storage\async-storage\android\build\intermediates\verified_library_resources\release\verifyReleaseResources\compiled\drawable-v21_notification_action_background.xml.flat
Compiling xml file C:\Users\dctm1\YongStudyApp\node_modules\@react-native-async-storage\async-storage\android\build\intermediates\merged_res\release\mergeReleaseResources\drawable\btn_radio_off_to_on_mtrl_animation.xml to C:\Users\dctm1\YongStudyApp\node_modules\@react-native-async-storage\async-storage\android\build\intermediates\verified_library_resources\release\verifyReleaseResources\compiled\drawable_btn_radio_off_to_on_mtrl_animation.xml.flat
Compiling xml file C:\Users\dctm1\YongStudyApp\node_modules\@react-native-async-storage\async-storage\android\build\intermediates\merged_res\release\mergeReleaseResources\drawable\tooltip_frame_dark.xml to C:\Users\dctm1\YongStudyApp\node_modules\@react-native-async-storage\async-storage\android\build\intermediates\verified_library_resources\release\verifyReleaseResources\compiled\drawable_tooltip_frame_dark.xml.flat
Compiling image file C:\Users\dctm1\YongStudyApp\node_modules\@react-native-async-storage\async-storage\android\build\intermediates\merged_res\release\mergeReleaseResources\drawable-xhdpi-v4\abc_text_select_handle_left_mtrl.png
Compiling file C:\Users\dctm1\YongStudyApp\node_modules\@react-native-async-storage\async-storage\android\build\intermediates\merged_res\release\mergeReleaseResources\drawable-xhdpi-v4\abc_text_select_handle_left_mtrl.png to C:\Users\dctm1\YongStudyApp\node_modules\@react-native-async-storage\async-storage\android\build\intermediates\verified_library_resources\release\verifyReleaseResources\compiled\drawable-xhdpi-v4_abc_text_select_handle_left_mtrl.png.flat
Compiling image file C:\Users\dctm1\YongStudyApp\node_modules\@react-native-async-storage\async-storage\android\build\intermediates\merged_res\release\mergeReleaseResources\drawable-hdpi-v4\abc_ic_commit_search_api_mtrl_alpha.png
Compiling file C:\Users\dctm1\YongStudyApp\node_modules\@react-native-async-storage\async-storage\android\build\intermediates\merged_res\release\mergeReleaseResources\drawable-hdpi-v4\abc_ic_commit_search_api_mtrl_alpha.png to C:\Users\dctm1\YongStudyApp\node_modules\@react-native-async-storage\async-storage\android\build\intermediates\verified_library_resources\release\verifyReleaseResources\compiled\drawable-hdpi-v4_abc_ic_commit_search_api_mtrl_alpha.png.flat
Compiling image file C:\Users\dctm1\YongStudyApp\node_modules\@react-native-async-storage\async-storage\android\build\intermediates\merged_res\release\mergeReleaseResources\drawable-xxhdpi-v4\abc_btn_check_to_on_mtrl_015.png
Compiling file C:\Users\dctm1\YongStudyApp\node_modules\@react-native-async-storage\async-storage\android\build\intermediates\merged_res\release\mergeReleaseResources\drawable-xxhdpi-v4\abc_btn_check_to_on_mtrl_015.png to C:\Users\dctm1\YongStudyApp\node_modules\@react-native-async-storage\async-storage\android\build\intermediates\verified_library_resources\release\verifyReleaseResources\compiled\drawable-xxhdpi-v4_abc_btn_check_to_on_mtrl_015.png.flat
Compiling image file C:\Users\dctm1\YongStudyApp\node_modules\@react-native-async-storage\async-storage\android\build\intermediates\merged_res\release\mergeReleaseResources\drawable-hdpi-v4\ic_call_decline_low.png
Compiling file C:\Users\dctm1\YongStudyApp\node_modules\@react-native-async-storage\async-storage\android\build\intermediates\merged_res\release\mergeReleaseResources\drawable-hdpi-v4\ic_call_decline_low.png to C:\Users\dctm1\YongStudyApp\node_modules\@react-native-async-storage\async-storage\android\build\intermediates\verified_library_resources\release\verifyReleaseResources\compiled\drawable-hdpi-v4_ic_call_decline_low.png.flat
Compiling image file C:\Users\dctm1\YongStudyApp\node_modules\@react-native-async-storage\async-storage\android\build\intermediates\merged_res\release\mergeReleaseResources\drawable-xxhdpi-v4\ic_call_answer_video.png
Compiling file C:\Users\dctm1\YongStudyApp\node_modules\@react-native-async-storage\async-storage\android\build\intermediates\merged_res\release\mergeReleaseResources\drawable-xxhdpi-v4\ic_call_answer_video.png to C:\Users\dctm1\YongStudyApp\node_modules\@react-native-async-storage\async-storage\android\build\intermediates\verified_library_resources\release\verifyReleaseResources\compiled\drawable-xxhdpi-v4_ic_call_answer_video.png.flat
Compiling image file C:\Users\dctm1\YongStudyApp\node_modules\@react-native-async-storage\async-storage\android\build\intermediates\merged_res\release\mergeReleaseResources\drawable-mdpi-v4\abc_btn_radio_to_on_mtrl_000.png
Compiling file C:\Users\dctm1\YongStudyApp\node_modules\@react-native-async-storage\async-storage\android\build\intermediates\merged_res\release\mergeReleaseResources\drawable-mdpi-v4\abc_btn_radio_to_on_mtrl_000.png to C:\Users\dctm1\YongStudyApp\node_modules\@react-native-async-storage\async-storage\android\build\intermediates\verified_library_resources\release\verifyReleaseResources\compiled\drawable-mdpi-v4_abc_btn_radio_to_on_mtrl_000.png.flat
Compiling image file C:\Users\dctm1\YongStudyApp\node_modules\@react-native-async-storage\async-storage\android\build\intermediates\merged_res\release\mergeReleaseResources\drawable-xxxhdpi-v4\abc_text_select_handle_right_mtrl.png
Compiling file C:\Users\dctm1\YongStudyApp\node_modules\@react-native-async-storage\async-storage\android\build\intermediates\merged_res\release\mergeReleaseResources\drawable-xxxhdpi-v4\abc_text_select_handle_right_mtrl.png to C:\Users\dctm1\YongStudyApp\node_modules\@react-native-async-storage\async-storage\android\build\intermediates\verified_library_resources\release\verifyReleaseResources\compiled\drawable-xxxhdpi-v4_abc_text_select_handle_right_mtrl.png.flat
Compiling image file C:\Users\dctm1\YongStudyApp\node_modules\@react-native-async-storage\async-storage\android\build\intermediates\merged_res\release\mergeReleaseResources\drawable-mdpi-v4\ic_call_answer_video_low.png
Compiling file C:\Users\dctm1\YongStudyApp\node_modules\@react-native-async-storage\async-storage\android\build\intermediates\merged_res\release\mergeReleaseResources\drawable-mdpi-v4\ic_call_answer_video_low.png to C:\Users\dctm1\YongStudyApp\node_modules\@react-native-async-storage\async-storage\android\build\intermediates\verified_library_resources\release\verifyReleaseResources\compiled\drawable-mdpi-v4_ic_call_answer_video_low.png.flat
Compiling xml file C:\Users\dctm1\YongStudyApp\node_modules\@react-native-async-storage\async-storage\android\build\intermediates\merged_res\release\mergeReleaseResources\interpolator\btn_radio_to_off_mtrl_animation_interpolator_0.xml to C:\Users\dctm1\YongStudyApp\node_modules\@react-native-async-storage\async-storage\android\build\intermediates\verified_library_resources\release\verifyReleaseResources\compiled\interpolator_btn_radio_to_off_mtrl_animation_interpolator_0.xml.flat
Compiling xml file C:\Users\dctm1\YongStudyApp\node_modules\@react-native-async-storage\async-storage\android\build\intermediates\merged_res\release\mergeReleaseResources\drawable-v29\autofill_inline_suggestion_chip_background.xml to C:\Users\dctm1\YongStudyApp\node_modules\@react-native-async-storage\async-storage\android\build\intermediates\verified_library_resources\release\verifyReleaseResources\compiled\drawable-v29_autofill_inline_suggestion_chip_background.xml.flat
Compiling image file C:\Users\dctm1\YongStudyApp\node_modules\@react-native-async-storage\async-storage\android\build\intermediates\merged_res\release\mergeReleaseResources\drawable-xhdpi-v4\abc_text_select_handle_right_mtrl.png
Compiling file C:\Users\dctm1\YongStudyApp\node_modules\@react-native-async-storage\async-storage\android\build\intermediates\merged_res\release\mergeReleaseResources\drawable-xhdpi-v4\abc_text_select_handle_right_mtrl.png to C:\Users\dctm1\YongStudyApp\node_modules\@react-native-async-storage\async-storage\android\build\intermediates\verified_library_resources\release\verifyReleaseResources\compiled\drawable-xhdpi-v4_abc_text_select_handle_right_mtrl.png.flat
Compiling xml file C:\Users\dctm1\YongStudyApp\node_modules\@react-native-async-storage\async-storage\android\build\intermediates\merged_res\release\mergeReleaseResources\layout\abc_alert_dialog_material.xml to C:\Users\dctm1\YongStudyApp\node_modules\@react-native-async-storage\async-storage\android\build\intermediates\verified_library_resources\release\verifyReleaseResources\compiled\layout_abc_alert_dialog_material.xml.flat
Compiling image file C:\Users\dctm1\YongStudyApp\node_modules\@react-native-async-storage\async-storage\android\build\intermediates\merged_res\release\mergeReleaseResources\drawable-xxhdpi-v4\abc_btn_radio_to_on_mtrl_015.png
Compiling file C:\Users\dctm1\YongStudyApp\node_modules\@react-native-async-storage\async-storage\android\build\intermediates\merged_res\release\mergeReleaseResources\drawable-xxhdpi-v4\abc_btn_radio_to_on_mtrl_015.png to C:\Users\dctm1\YongStudyApp\node_modules\@react-native-async-storage\async-storage\android\build\intermediates\verified_library_resources\release\verifyReleaseResources\compiled\drawable-xxhdpi-v4_abc_btn_radio_to_on_mtrl_015.png.flat
Compiling image file C:\Users\dctm1\YongStudyApp\node_modules\@react-native-async-storage\async-storage\android\build\intermediates\merged_res\release\mergeReleaseResources\drawable-xxhdpi-v4\ic_call_decline.png
Compiling file C:\Users\dctm1\YongStudyApp\node_modules\@react-native-async-storage\async-storage\android\build\intermediates\merged_res\release\mergeReleaseResources\drawable-xxhdpi-v4\ic_call_decline.png to C:\Users\dctm1\YongStudyApp\node_modules\@react-native-async-storage\async-storage\android\build\intermediates\verified_library_resources\release\verifyReleaseResources\compiled\drawable-xxhdpi-v4_ic_call_decline.png.flat
Compiling xml file C:\Users\dctm1\YongStudyApp\node_modules\@react-native-async-storage\async-storage\android\build\intermediates\merged_res\release\mergeReleaseResources\layout\abc_screen_simple.xml to C:\Users\dctm1\YongStudyApp\node_modules\@react-native-async-storage\async-storage\android\build\intermediates\verified_library_resources\release\verifyReleaseResources\compiled\layout_abc_screen_simple.xml.flat
Compiling image file C:\Users\dctm1\YongStudyApp\node_modules\@react-native-async-storage\async-storage\android\build\intermediates\merged_res\release\mergeReleaseResources\drawable-xxxhdpi-v4\ic_call_answer_low.png
Compiling file C:\Users\dctm1\YongStudyApp\node_modules\@react-native-async-storage\async-storage\android\build\intermediates\merged_res\release\mergeReleaseResources\drawable-xxxhdpi-v4\ic_call_answer_low.png to C:\Users\dctm1\YongStudyApp\node_modules\@react-native-async-storage\async-storage\android\build\intermediates\verified_library_resources\release\verifyReleaseResources\compiled\drawable-xxxhdpi-v4_ic_call_answer_low.png.flat
Compiling XML table C:\Users\dctm1\YongStudyApp\node_modules\@react-native-async-storage\async-storage\android\build\intermediates\merged_res\release\mergeReleaseResources\values-en-rXC\values-en-rXC.xml to C:\Users\dctm1\YongStudyApp\node_modules\@react-native-async-storage\async-storage\android\build\intermediates\verified_library_resources\release\verifyReleaseResources\compiled\values-en-rXC_values-en-rXC.arsc.flat
Compiling xml file C:\Users\dctm1\YongStudyApp\node_modules\@react-native-async-storage\async-storage\android\build\intermediates\merged_res\release\mergeReleaseResources\layout\ime_base_split_test_activity.xml to C:\Users\dctm1\YongStudyApp\node_modules\@react-native-async-storage\async-storage\android\build\intermediates\verified_library_resources\release\verifyReleaseResources\compiled\layout_ime_base_split_test_activity.xml.flat
Compiling xml file C:\Users\dctm1\YongStudyApp\node_modules\@react-native-async-storage\async-storage\android\build\intermediates\merged_res\release\mergeReleaseResources\interpolator\fast_out_slow_in.xml to C:\Users\dctm1\YongStudyApp\node_modules\@react-native-async-storage\async-storage\android\build\intermediates\verified_library_resources\release\verifyReleaseResources\compiled\interpolator_fast_out_slow_in.xml.flat
Compiling xml file C:\Users\dctm1\YongStudyApp\node_modules\@react-native-async-storage\async-storage\android\build\intermediates\merged_res\release\mergeReleaseResources\layout-v21\notification_action.xml to C:\Users\dctm1\YongStudyApp\node_modules\@react-native-async-storage\async-storage\android\build\intermediates\verified_library_resources\release\verifyReleaseResources\compiled\layout-v21_notification_action.xml.flat
Compiling xml file C:\Users\dctm1\YongStudyApp\node_modules\@react-native-async-storage\async-storage\android\build\intermediates\merged_res\release\mergeReleaseResources\layout\abc_cascading_menu_item_layout.xml to C:\Users\dctm1\YongStudyApp\node_modules\@react-native-async-storage\async-storage\android\build\intermediates\verified_library_resources\release\verifyReleaseResources\compiled\layout_abc_cascading_menu_item_layout.xml.flat
Compiling XML table C:\Users\dctm1\YongStudyApp\node_modules\@react-native-async-storage\async-storage\android\build\intermediates\merged_res\release\mergeReleaseResources\values-h720dp-v13\values-h720dp-v13.xml to C:\Users\dctm1\YongStudyApp\node_modules\@react-native-async-storage\async-storage\android\build\intermediates\verified_library_resources\release\verifyReleaseResources\compiled\values-h720dp-v13_values-h720dp-v13.arsc.flat
Compiling XML table C:\Users\dctm1\YongStudyApp\node_modules\@react-native-async-storage\async-storage\android\build\intermediates\merged_res\release\mergeReleaseResources\values-az\values-az.xml to C:\Users\dctm1\YongStudyApp\node_modules\@react-native-async-storage\async-storage\android\build\intermediates\verified_library_resources\release\verifyReleaseResources\compiled\values-az_values-az.arsc.flat
Compiling xml file C:\Users\dctm1\YongStudyApp\node_modules\@react-native-async-storage\async-storage\android\build\intermediates\merged_res\release\mergeReleaseResources\layout\abc_screen_toolbar.xml to C:\Users\dctm1\YongStudyApp\node_modules\@react-native-async-storage\async-storage\android\build\intermediates\verified_library_resources\release\verifyReleaseResources\compiled\layout_abc_screen_toolbar.xml.flat
Compiling XML table C:\Users\dctm1\YongStudyApp\node_modules\@react-native-async-storage\async-storage\android\build\intermediates\merged_res\release\mergeReleaseResources\values-en-rCA\values-en-rCA.xml to C:\Users\dctm1\YongStudyApp\node_modules\@react-native-async-storage\async-storage\android\build\intermediates\verified_library_resources\release\verifyReleaseResources\compiled\values-en-rCA_values-en-rCA.arsc.flat
Compiling xml file C:\Users\dctm1\YongStudyApp\node_modules\@react-native-async-storage\async-storage\android\build\intermediates\merged_res\release\mergeReleaseResources\layout\notification_template_part_chronometer.xml to C:\Users\dctm1\YongStudyApp\node_modules\@react-native-async-storage\async-storage\android\build\intermediates\verified_library_resources\release\verifyReleaseResources\compiled\layout_notification_template_part_chronometer.xml.flat
Compiling XML table C:\Users\dctm1\YongStudyApp\node_modules\@react-native-async-storage\async-storage\android\build\intermediates\merged_res\release\mergeReleaseResources\values-fr-rCA\values-fr-rCA.xml to C:\Users\dctm1\YongStudyApp\node_modules\@react-native-async-storage\async-storage\android\build\intermediates\verified_library_resources\release\verifyReleaseResources\compiled\values-fr-rCA_values-fr-rCA.arsc.flat
Compiling xml file C:\Users\dctm1\YongStudyApp\node_modules\@react-native-async-storage\async-storage\android\build\intermediates\merged_res\release\mergeReleaseResources\layout-v21\notification_template_custom_big.xml to C:\Users\dctm1\YongStudyApp\node_modules\@react-native-async-storage\async-storage\android\build\intermediates\verified_library_resources\release\verifyReleaseResources\compiled\layout-v21_notification_template_custom_big.xml.flat
Compiling XML table C:\Users\dctm1\YongStudyApp\node_modules\@react-native-async-storage\async-storage\android\build\intermediates\merged_res\release\mergeReleaseResources\values-be\values-be.xml to C:\Users\dctm1\YongStudyApp\node_modules\@react-native-async-storage\async-storage\android\build\intermediates\verified_library_resources\release\verifyReleaseResources\compiled\values-be_values-be.arsc.flat
Compiling XML table C:\Users\dctm1\YongStudyApp\node_modules\@react-native-async-storage\async-storage\android\build\intermediates\merged_res\release\mergeReleaseResources\values-iw\values-iw.xml to C:\Users\dctm1\YongStudyApp\node_modules\@react-native-async-storage\async-storage\android\build\intermediates\verified_library_resources\release\verifyReleaseResources\compiled\values-iw_values-iw.arsc.flat
Compiling XML table C:\Users\dctm1\YongStudyApp\node_modules\@react-native-async-storage\async-storage\android\build\intermediates\merged_res\release\mergeReleaseResources\values-en-rIN\values-en-rIN.xml to C:\Users\dctm1\YongStudyApp\node_modules\@react-native-async-storage\async-storage\android\build\intermediates\verified_library_resources\release\verifyReleaseResources\compiled\values-en-rIN_values-en-rIN.arsc.flat
Compiling XML table C:\Users\dctm1\YongStudyApp\node_modules\@react-native-async-storage\async-storage\android\build\intermediates\merged_res\release\mergeReleaseResources\values-kk\values-kk.xml to C:\Users\dctm1\YongStudyApp\node_modules\@react-native-async-storage\async-storage\android\build\intermediates\verified_library_resources\release\verifyReleaseResources\compiled\values-kk_values-kk.arsc.flat
Compiling XML table C:\Users\dctm1\YongStudyApp\node_modules\@react-native-async-storage\async-storage\android\build\intermediates\merged_res\release\mergeReleaseResources\values-gu\values-gu.xml to C:\Users\dctm1\YongStudyApp\node_modules\@react-native-async-storage\async-storage\android\build\intermediates\verified_library_resources\release\verifyReleaseResources\compiled\values-gu_values-gu.arsc.flat
Compiling XML table C:\Users\dctm1\YongStudyApp\node_modules\@react-native-async-storage\async-storage\android\build\intermediates\merged_res\release\mergeReleaseResources\values-lt\values-lt.xml to C:\Users\dctm1\YongStudyApp\node_modules\@react-native-async-storage\async-storage\android\build\intermediates\verified_library_resources\release\verifyReleaseResources\compiled\values-lt_values-lt.arsc.flat
Compiling XML table C:\Users\dctm1\YongStudyApp\node_modules\@react-native-async-storage\async-storage\android\build\intermediates\merged_res\release\mergeReleaseResources\values-ka\values-ka.xml to C:\Users\dctm1\YongStudyApp\node_modules\@react-native-async-storage\async-storage\android\build\intermediates\verified_library_resources\release\verifyReleaseResources\compiled\values-ka_values-ka.arsc.flat
Compiling XML table C:\Users\dctm1\YongStudyApp\node_modules\@react-native-async-storage\async-storage\android\build\intermediates\merged_res\release\mergeReleaseResources\values-or\values-or.xml to C:\Users\dctm1\YongStudyApp\node_modules\@react-native-async-storage\async-storage\android\build\intermediates\verified_library_resources\release\verifyReleaseResources\compiled\values-or_values-or.arsc.flat
Compiling XML table C:\Users\dctm1\YongStudyApp\node_modules\@react-native-async-storage\async-storage\android\build\intermediates\merged_res\release\mergeReleaseResources\values-ml\values-ml.xml to C:\Users\dctm1\YongStudyApp\node_modules\@react-native-async-storage\async-storage\android\build\intermediates\verified_library_resources\release\verifyReleaseResources\compiled\values-ml_values-ml.arsc.flat
Compiling XML table C:\Users\dctm1\YongStudyApp\node_modules\@react-native-async-storage\async-storage\android\build\intermediates\merged_res\release\mergeReleaseResources\values-mk\values-mk.xml to C:\Users\dctm1\YongStudyApp\node_modules\@react-native-async-storage\async-storage\android\build\intermediates\verified_library_resources\release\verifyReleaseResources\compiled\values-mk_values-mk.arsc.flat
Compiling XML table C:\Users\dctm1\YongStudyApp\node_modules\@react-native-async-storage\async-storage\android\build\intermediates\merged_res\release\mergeReleaseResources\values-sq\values-sq.xml to C:\Users\dctm1\YongStudyApp\node_modules\@react-native-async-storage\async-storage\android\build\intermediates\verified_library_resources\release\verifyReleaseResources\compiled\values-sq_values-sq.arsc.flat
Compiling XML table C:\Users\dctm1\YongStudyApp\node_modules\@react-native-async-storage\async-storage\android\build\intermediates\merged_res\release\mergeReleaseResources\values-pl\values-pl.xml to C:\Users\dctm1\YongStudyApp\node_modules\@react-native-async-storage\async-storage\android\build\intermediates\verified_library_resources\release\verifyReleaseResources\compiled\values-pl_values-pl.arsc.flat
Compiling XML table C:\Users\dctm1\YongStudyApp\node_modules\@react-native-async-storage\async-storage\android\build\intermediates\merged_res\release\mergeReleaseResources\values-port\values-port.xml to C:\Users\dctm1\YongStudyApp\node_modules\@react-native-async-storage\async-storage\android\build\intermediates\verified_library_resources\release\verifyReleaseResources\compiled\values-port_values-port.arsc.flat
Compiling XML table C:\Users\dctm1\YongStudyApp\node_modules\@react-native-async-storage\async-storage\android\build\intermediates\merged_res\release\mergeReleaseResources\values-uz\values-uz.xml to C:\Users\dctm1\YongStudyApp\node_modules\@react-native-async-storage\async-storage\android\build\intermediates\verified_library_resources\release\verifyReleaseResources\compiled\values-uz_values-uz.arsc.flat
Compiling XML table C:\Users\dctm1\YongStudyApp\node_modules\@react-native-async-storage\async-storage\android\build\intermediates\merged_res\release\mergeReleaseResources\values-sv\values-sv.xml to C:\Users\dctm1\YongStudyApp\node_modules\@react-native-async-storage\async-storage\android\build\intermediates\verified_library_resources\release\verifyReleaseResources\compiled\values-sv_values-sv.arsc.flat
Compiling XML table C:\Users\dctm1\YongStudyApp\node_modules\@react-native-async-storage\async-storage\android\build\intermediates\merged_res\release\mergeReleaseResources\values-sw\values-sw.xml to C:\Users\dctm1\YongStudyApp\node_modules\@react-native-async-storage\async-storage\android\build\intermediates\verified_library_resources\release\verifyReleaseResources\compiled\values-sw_values-sw.arsc.flat
Compiling XML table C:\Users\dctm1\YongStudyApp\node_modules\@react-native-async-storage\async-storage\android\build\intermediates\merged_res\release\mergeReleaseResources\values-v17\values-v17.xml to C:\Users\dctm1\YongStudyApp\node_modules\@react-native-async-storage\async-storage\android\build\intermediates\verified_library_resources\release\verifyReleaseResources\compiled\values-v17_values-v17.arsc.flat
Compiling XML table C:\Users\dctm1\YongStudyApp\node_modules\@react-native-async-storage\async-storage\android\build\intermediates\merged_res\release\mergeReleaseResources\values-v18\values-v18.xml to C:\Users\dctm1\YongStudyApp\node_modules\@react-native-async-storage\async-storage\android\build\intermediates\verified_library_resources\release\verifyReleaseResources\compiled\values-v18_values-v18.arsc.flat
Compiling XML table C:\Users\dctm1\YongStudyApp\node_modules\@react-native-async-storage\async-storage\android\build\intermediates\merged_res\release\mergeReleaseResources\values-watch-v20\values-watch-v20.xml to C:\Users\dctm1\YongStudyApp\node_modules\@react-native-async-storage\async-storage\android\build\intermediates\verified_library_resources\release\verifyReleaseResources\compiled\values-watch-v20_values-watch-v20.arsc.flat
Compiling XML table C:\Users\dctm1\YongStudyApp\node_modules\@react-native-async-storage\async-storage\android\build\intermediates\merged_res\release\mergeReleaseResources\values-zh-rCN\values-zh-rCN.xml to C:\Users\dctm1\YongStudyApp\node_modules\@react-native-async-storage\async-storage\android\build\intermediates\verified_library_resources\release\verifyReleaseResources\compiled\values-zh-rCN_values-zh-rCN.arsc.flat
Compiling xml file C:\Users\dctm1\YongStudyApp\node_modules\@react-native-async-storage\async-storage\android\build\intermediates\merged_res\release\mergeReleaseResources\anim\abc_tooltip_exit.xml to C:\Users\dctm1\YongStudyApp\node_modules\@react-native-async-storage\async-storage\android\build\intermediates\verified_library_resources\release\verifyReleaseResources\compiled\anim_abc_tooltip_exit.xml.flat
Compiling xml file C:\Users\dctm1\YongStudyApp\node_modules\@react-native-async-storage\async-storage\android\build\intermediates\merged_res\release\mergeReleaseResources\anim\btn_radio_to_on_mtrl_ring_outer_path_animation.xml to C:\Users\dctm1\YongStudyApp\node_modules\@react-native-async-storage\async-storage\android\build\intermediates\verified_library_resources\release\verifyReleaseResources\compiled\anim_btn_radio_to_on_mtrl_ring_outer_path_animation.xml.flat
Compiling xml file C:\Users\dctm1\YongStudyApp\node_modules\@react-native-async-storage\async-storage\android\build\intermediates\merged_res\release\mergeReleaseResources\animator\fragment_open_enter.xml to C:\Users\dctm1\YongStudyApp\node_modules\@react-native-async-storage\async-storage\android\build\intermediates\verified_library_resources\release\verifyReleaseResources\compiled\animator_fragment_open_enter.xml.flat
Compiling xml file C:\Users\dctm1\YongStudyApp\node_modules\@react-native-async-storage\async-storage\android\build\intermediates\merged_res\release\mergeReleaseResources\color\abc_secondary_text_material_light.xml to C:\Users\dctm1\YongStudyApp\node_modules\@react-native-async-storage\async-storage\android\build\intermediates\verified_library_resources\release\verifyReleaseResources\compiled\color_abc_secondary_text_material_light.xml.flat
Compiling xml file C:\Users\dctm1\YongStudyApp\node_modules\@react-native-async-storage\async-storage\android\build\intermediates\merged_res\release\mergeReleaseResources\drawable\abc_btn_borderless_material.xml to C:\Users\dctm1\YongStudyApp\node_modules\@react-native-async-storage\async-storage\android\build\intermediates\verified_library_resources\release\verifyReleaseResources\compiled\drawable_abc_btn_borderless_material.xml.flat
Compiling xml file C:\Users\dctm1\YongStudyApp\node_modules\@react-native-async-storage\async-storage\android\build\intermediates\merged_res\release\mergeReleaseResources\drawable\abc_ic_menu_copy_mtrl_am_alpha.xml to C:\Users\dctm1\YongStudyApp\node_modules\@react-native-async-storage\async-storage\android\build\intermediates\verified_library_resources\release\verifyReleaseResources\compiled\drawable_abc_ic_menu_copy_mtrl_am_alpha.xml.flat
Compiling xml file C:\Users\dctm1\YongStudyApp\node_modules\@react-native-async-storage\async-storage\android\build\intermediates\merged_res\release\mergeReleaseResources\drawable\abc_list_selector_holo_dark.xml to C:\Users\dctm1\YongStudyApp\node_modules\@react-native-async-storage\async-storage\android\build\intermediates\verified_library_resources\release\verifyReleaseResources\compiled\drawable_abc_list_selector_holo_dark.xml.flat
Compiling xml file C:\Users\dctm1\YongStudyApp\node_modules\@react-native-async-storage\async-storage\android\build\intermediates\merged_res\release\mergeReleaseResources\drawable\abc_tab_indicator_material.xml to C:\Users\dctm1\YongStudyApp\node_modules\@react-native-async-storage\async-storage\android\build\intermediates\verified_library_resources\release\verifyReleaseResources\compiled\drawable_abc_tab_indicator_material.xml.flat
Compiling xml file C:\Users\dctm1\YongStudyApp\node_modules\@react-native-async-storage\async-storage\android\build\intermediates\merged_res\release\mergeReleaseResources\drawable\notification_bg.xml to C:\Users\dctm1\YongStudyApp\node_modules\@react-native-async-storage\async-storage\android\build\intermediates\verified_library_resources\release\verifyReleaseResources\compiled\drawable_notification_bg.xml.flat
Compiling xml file C:\Users\dctm1\YongStudyApp\node_modules\@react-native-async-storage\async-storage\android\build\intermediates\merged_res\release\mergeReleaseResources\drawable-anydpi-v21\ic_call_answer_low.xml to C:\Users\dctm1\YongStudyApp\node_modules\@react-native-async-storage\async-storage\android\build\intermediates\verified_library_resources\release\verifyReleaseResources\compiled\drawable-anydpi-v21_ic_call_answer_low.xml.flat
Compiling image file C:\Users\dctm1\YongStudyApp\node_modules\@react-native-async-storage\async-storage\android\build\intermediates\merged_res\release\mergeReleaseResources\drawable-hdpi-v4\abc_scrubber_control_to_pressed_mtrl_005.png
Compiling file C:\Users\dctm1\YongStudyApp\node_modules\@react-native-async-storage\async-storage\android\build\intermediates\merged_res\release\mergeReleaseResources\drawable-hdpi-v4\abc_scrubber_control_to_pressed_mtrl_005.png to C:\Users\dctm1\YongStudyApp\node_modules\@react-native-async-storage\async-storage\android\build\intermediates\verified_library_resources\release\verifyReleaseResources\compiled\drawable-hdpi-v4_abc_scrubber_control_to_pressed_mtrl_005.png.flat
Compiling XML table C:\Users\dctm1\YongStudyApp\node_modules\@react-native-async-storage\async-storage\android\build\intermediates\merged_res\release\mergeReleaseResources\values-xlarge-v4\values-xlarge-v4.xml to C:\Users\dctm1\YongStudyApp\node_modules\@react-native-async-storage\async-storage\android\build\intermediates\verified_library_resources\release\verifyReleaseResources\compiled\values-xlarge-v4_values-xlarge-v4.arsc.flat
Compiling xml file C:\Users\dctm1\YongStudyApp\node_modules\@react-native-async-storage\async-storage\android\build\intermediates\merged_res\release\mergeReleaseResources\anim\abc_slide_in_top.xml to C:\Users\dctm1\YongStudyApp\node_modules\@react-native-async-storage\async-storage\android\build\intermediates\verified_library_resources\release\verifyReleaseResources\compiled\anim_abc_slide_in_top.xml.flat
Compiling image file C:\Users\dctm1\YongStudyApp\node_modules\@react-native-async-storage\async-storage\android\build\intermediates\merged_res\release\mergeReleaseResources\drawable-hdpi-v4\notify_panel_notification_icon_bg.png
Compiling file C:\Users\dctm1\YongStudyApp\node_modules\@react-native-async-storage\async-storage\android\build\intermediates\merged_res\release\mergeReleaseResources\drawable-hdpi-v4\notify_panel_notification_icon_bg.png to C:\Users\dctm1\YongStudyApp\node_modules\@react-native-async-storage\async-storage\android\build\intermediates\verified_library_resources\release\verifyReleaseResources\compiled\drawable-hdpi-v4_notify_panel_notification_icon_bg.png.flat
Compiling xml file C:\Users\dctm1\YongStudyApp\node_modules\@react-native-async-storage\async-storage\android\build\intermediates\merged_res\release\mergeReleaseResources\anim\btn_radio_to_off_mtrl_ring_outer_animation.xml to C:\Users\dctm1\YongStudyApp\node_modules\@react-native-async-storage\async-storage\android\build\intermediates\verified_library_resources\release\verifyReleaseResources\compiled\anim_btn_radio_to_off_mtrl_ring_outer_animation.xml.flat
AAPT2 aapt2-8.11.0-12782657-windows Daemon #0: starting
AAPT2 aapt2-8.11.0-12782657-windows Daemon #1: starting
Compiling image file C:\Users\dctm1\YongStudyApp\node_modules\@react-native-async-storage\async-storage\android\build\intermediates\merged_res\release\mergeReleaseResources\drawable-mdpi-v4\abc_scrubber_control_off_mtrl_alpha.png
Compiling file C:\Users\dctm1\YongStudyApp\node_modules\@react-native-async-storage\async-storage\android\build\intermediates\merged_res\release\mergeReleaseResources\drawable-mdpi-v4\abc_scrubber_control_off_mtrl_alpha.png to C:\Users\dctm1\YongStudyApp\node_modules\@react-native-async-storage\async-storage\android\build\intermediates\verified_library_resources\release\verifyReleaseResources\compiled\drawable-mdpi-v4_abc_scrubber_control_off_mtrl_alpha.png.flat
Compiling xml file C:\Users\dctm1\YongStudyApp\node_modules\@react-native-async-storage\async-storage\android\build\intermediates\merged_res\release\mergeReleaseResources\animator\fragment_close_enter.xml to C:\Users\dctm1\YongStudyApp\node_modules\@react-native-async-storage\async-storage\android\build\intermediates\verified_library_resources\release\verifyReleaseResources\compiled\animator_fragment_close_enter.xml.flat
Compiling image file C:\Users\dctm1\YongStudyApp\node_modules\@react-native-async-storage\async-storage\android\build\intermediates\merged_res\release\mergeReleaseResources\drawable-mdpi-v4\ic_resume.png
Compiling file C:\Users\dctm1\YongStudyApp\node_modules\@react-native-async-storage\async-storage\android\build\intermediates\merged_res\release\mergeReleaseResources\drawable-mdpi-v4\ic_resume.png to C:\Users\dctm1\YongStudyApp\node_modules\@react-native-async-storage\async-storage\android\build\intermediates\verified_library_resources\release\verifyReleaseResources\compiled\drawable-mdpi-v4_ic_resume.png.flat
Compiling xml file C:\Users\dctm1\YongStudyApp\node_modules\@react-native-async-storage\async-storage\android\build\intermediates\merged_res\release\mergeReleaseResources\color\abc_primary_text_material_dark.xml to C:\Users\dctm1\YongStudyApp\node_modules\@react-native-async-storage\async-storage\android\build\intermediates\verified_library_resources\release\verifyReleaseResources\compiled\color_abc_primary_text_material_dark.xml.flat
Compiling image file C:\Users\dctm1\YongStudyApp\node_modules\@react-native-async-storage\async-storage\android\build\intermediates\merged_res\release\mergeReleaseResources\drawable-xhdpi-v4\abc_btn_check_to_on_mtrl_015.png
Compiling file C:\Users\dctm1\YongStudyApp\node_modules\@react-native-async-storage\async-storage\android\build\intermediates\merged_res\release\mergeReleaseResources\drawable-xhdpi-v4\abc_btn_check_to_on_mtrl_015.png to C:\Users\dctm1\YongStudyApp\node_modules\@react-native-async-storage\async-storage\android\build\intermediates\verified_library_resources\release\verifyReleaseResources\compiled\drawable-xhdpi-v4_abc_btn_check_to_on_mtrl_015.png.flat
Compiling xml file C:\Users\dctm1\YongStudyApp\node_modules\@react-native-async-storage\async-storage\android\build\intermediates\merged_res\release\mergeReleaseResources\color-v23\abc_tint_edittext.xml to C:\Users\dctm1\YongStudyApp\node_modules\@react-native-async-storage\async-storage\android\build\intermediates\verified_library_resources\release\verifyReleaseResources\compiled\color-v23_abc_tint_edittext.xml.flat
Compiling image file C:\Users\dctm1\YongStudyApp\node_modules\@react-native-async-storage\async-storage\android\build\intermediates\merged_res\release\mergeReleaseResources\drawable-xhdpi-v4\ic_call_answer_video.png
Compiling file C:\Users\dctm1\YongStudyApp\node_modules\@react-native-async-storage\async-storage\android\build\intermediates\merged_res\release\mergeReleaseResources\drawable-xhdpi-v4\ic_call_answer_video.png to C:\Users\dctm1\YongStudyApp\node_modules\@react-native-async-storage\async-storage\android\build\intermediates\verified_library_resources\release\verifyReleaseResources\compiled\drawable-xhdpi-v4_ic_call_answer_video.png.flat
Compiling xml file C:\Users\dctm1\YongStudyApp\node_modules\@react-native-async-storage\async-storage\android\build\intermediates\merged_res\release\mergeReleaseResources\drawable\abc_ic_ab_back_material.xml to C:\Users\dctm1\YongStudyApp\node_modules\@react-native-async-storage\async-storage\android\build\intermediates\verified_library_resources\release\verifyReleaseResources\compiled\drawable_abc_ic_ab_back_material.xml.flat
Compiling image file C:\Users\dctm1\YongStudyApp\node_modules\@react-native-async-storage\async-storage\android\build\intermediates\merged_res\release\mergeReleaseResources\drawable-xxhdpi-v4\abc_scrubber_control_to_pressed_mtrl_000.png
Compiling file C:\Users\dctm1\YongStudyApp\node_modules\@react-native-async-storage\async-storage\android\build\intermediates\merged_res\release\mergeReleaseResources\drawable-xxhdpi-v4\abc_scrubber_control_to_pressed_mtrl_000.png to C:\Users\dctm1\YongStudyApp\node_modules\@react-native-async-storage\async-storage\android\build\intermediates\verified_library_resources\release\verifyReleaseResources\compiled\drawable-xxhdpi-v4_abc_scrubber_control_to_pressed_mtrl_000.png.flat
Compiling xml file C:\Users\dctm1\YongStudyApp\node_modules\@react-native-async-storage\async-storage\android\build\intermediates\merged_res\release\mergeReleaseResources\drawable\abc_item_background_holo_dark.xml to C:\Users\dctm1\YongStudyApp\node_modules\@react-native-async-storage\async-storage\android\build\intermediates\verified_library_resources\release\verifyReleaseResources\compiled\drawable_abc_item_background_holo_dark.xml.flat
Compiling xml file C:\Users\dctm1\YongStudyApp\node_modules\@react-native-async-storage\async-storage\android\build\intermediates\merged_res\release\mergeReleaseResources\drawable\abc_spinner_textfield_background_material.xml to C:\Users\dctm1\YongStudyApp\node_modules\@react-native-async-storage\async-storage\android\build\intermediates\verified_library_resources\release\verifyReleaseResources\compiled\drawable_abc_spinner_textfield_background_material.xml.flat
Compiling image file C:\Users\dctm1\YongStudyApp\node_modules\@react-native-async-storage\async-storage\android\build\intermediates\merged_res\release\mergeReleaseResources\drawable-xxxhdpi-v4\abc_btn_check_to_on_mtrl_000.png
Compiling file C:\Users\dctm1\YongStudyApp\node_modules\@react-native-async-storage\async-storage\android\build\intermediates\merged_res\release\mergeReleaseResources\drawable-xxxhdpi-v4\abc_btn_check_to_on_mtrl_000.png to C:\Users\dctm1\YongStudyApp\node_modules\@react-native-async-storage\async-storage\android\build\intermediates\verified_library_resources\release\verifyReleaseResources\compiled\drawable-xxxhdpi-v4_abc_btn_check_to_on_mtrl_000.png.flat
Compiling xml file C:\Users\dctm1\YongStudyApp\node_modules\@react-native-async-storage\async-storage\android\build\intermediates\merged_res\release\mergeReleaseResources\drawable\btn_radio_off_mtrl.xml to C:\Users\dctm1\YongStudyApp\node_modules\@react-native-async-storage\async-storage\android\build\intermediates\verified_library_resources\release\verifyReleaseResources\compiled\drawable_btn_radio_off_mtrl.xml.flat
Compiling image file C:\Users\dctm1\YongStudyApp\node_modules\@react-native-async-storage\async-storage\android\build\intermediates\merged_res\release\mergeReleaseResources\drawable-xxxhdpi-v4\ic_call_decline.png
Compiling file C:\Users\dctm1\YongStudyApp\node_modules\@react-native-async-storage\async-storage\android\build\intermediates\merged_res\release\mergeReleaseResources\drawable-xxxhdpi-v4\ic_call_decline.png to C:\Users\dctm1\YongStudyApp\node_modules\@react-native-async-storage\async-storage\android\build\intermediates\verified_library_resources\release\verifyReleaseResources\compiled\drawable-xxxhdpi-v4_ic_call_decline.png.flat
Compiling xml file C:\Users\dctm1\YongStudyApp\node_modules\@react-native-async-storage\async-storage\android\build\intermediates\merged_res\release\mergeReleaseResources\drawable\test_level_drawable.xml to C:\Users\dctm1\YongStudyApp\node_modules\@react-native-async-storage\async-storage\android\build\intermediates\verified_library_resources\release\verifyReleaseResources\compiled\drawable_test_level_drawable.xml.flat
Compiling xml file C:\Users\dctm1\YongStudyApp\node_modules\@react-native-async-storage\async-storage\android\build\intermediates\merged_res\release\mergeReleaseResources\layout\abc_action_menu_item_layout.xml to C:\Users\dctm1\YongStudyApp\node_modules\@react-native-async-storage\async-storage\android\build\intermediates\verified_library_resources\release\verifyReleaseResources\compiled\layout_abc_action_menu_item_layout.xml.flat
Compiling image file C:\Users\dctm1\YongStudyApp\node_modules\@react-native-async-storage\async-storage\android\build\intermediates\merged_res\release\mergeReleaseResources\drawable-hdpi-v4\abc_btn_radio_to_on_mtrl_015.png
Compiling file C:\Users\dctm1\YongStudyApp\node_modules\@react-native-async-storage\async-storage\android\build\intermediates\merged_res\release\mergeReleaseResources\drawable-hdpi-v4\abc_btn_radio_to_on_mtrl_015.png to C:\Users\dctm1\YongStudyApp\node_modules\@react-native-async-storage\async-storage\android\build\intermediates\verified_library_resources\release\verifyReleaseResources\compiled\drawable-hdpi-v4_abc_btn_radio_to_on_mtrl_015.png.flat
Compiling image file C:\Users\dctm1\YongStudyApp\node_modules\@react-native-async-storage\async-storage\android\build\intermediates\merged_res\release\mergeReleaseResources\drawable-hdpi-v4\ic_call_decline.png
Compiling file C:\Users\dctm1\YongStudyApp\node_modules\@react-native-async-storage\async-storage\android\build\intermediates\merged_res\release\mergeReleaseResources\drawable-hdpi-v4\ic_call_decline.png to C:\Users\dctm1\YongStudyApp\node_modules\@react-native-async-storage\async-storage\android\build\intermediates\verified_library_resources\release\verifyReleaseResources\compiled\drawable-hdpi-v4_ic_call_decline.png.flat
Compiling xml file C:\Users\dctm1\YongStudyApp\node_modules\@react-native-async-storage\async-storage\android\build\intermediates\merged_res\release\mergeReleaseResources\layout\abc_list_menu_item_checkbox.xml to C:\Users\dctm1\YongStudyApp\node_modules\@react-native-async-storage\async-storage\android\build\intermediates\verified_library_resources\release\verifyReleaseResources\compiled\layout_abc_list_menu_item_checkbox.xml.flat
Compiling image file C:\Users\dctm1\YongStudyApp\node_modules\@react-native-async-storage\async-storage\android\build\intermediates\merged_res\release\mergeReleaseResources\drawable-mdpi-v4\abc_btn_check_to_on_mtrl_015.png
Compiling file C:\Users\dctm1\YongStudyApp\node_modules\@react-native-async-storage\async-storage\android\build\intermediates\merged_res\release\mergeReleaseResources\drawable-mdpi-v4\abc_btn_check_to_on_mtrl_015.png to C:\Users\dctm1\YongStudyApp\node_modules\@react-native-async-storage\async-storage\android\build\intermediates\verified_library_resources\release\verifyReleaseResources\compiled\drawable-mdpi-v4_abc_btn_check_to_on_mtrl_015.png.flat
Compiling image file C:\Users\dctm1\YongStudyApp\node_modules\@react-native-async-storage\async-storage\android\build\intermediates\merged_res\release\mergeReleaseResources\drawable-mdpi-v4\ic_call_answer_video.png
Compiling file C:\Users\dctm1\YongStudyApp\node_modules\@react-native-async-storage\async-storage\android\build\intermediates\merged_res\release\mergeReleaseResources\drawable-mdpi-v4\ic_call_answer_video.png to C:\Users\dctm1\YongStudyApp\node_modules\@react-native-async-storage\async-storage\android\build\intermediates\verified_library_resources\release\verifyReleaseResources\compiled\drawable-mdpi-v4_ic_call_answer_video.png.flat
Compiling xml file C:\Users\dctm1\YongStudyApp\node_modules\@react-native-async-storage\async-storage\android\build\intermediates\merged_res\release\mergeReleaseResources\layout\abc_select_dialog_material.xml to C:\Users\dctm1\YongStudyApp\node_modules\@react-native-async-storage\async-storage\android\build\intermediates\verified_library_resources\release\verifyReleaseResources\compiled\layout_abc_select_dialog_material.xml.flat
Compiling xml file C:\Users\dctm1\YongStudyApp\node_modules\@react-native-async-storage\async-storage\android\build\intermediates\merged_res\release\mergeReleaseResources\drawable-v23\abc_control_background_material.xml to C:\Users\dctm1\YongStudyApp\node_modules\@react-native-async-storage\async-storage\android\build\intermediates\verified_library_resources\release\verifyReleaseResources\compiled\drawable-v23_abc_control_background_material.xml.flat
Compiling xml file C:\Users\dctm1\YongStudyApp\node_modules\@react-native-async-storage\async-storage\android\build\intermediates\merged_res\release\mergeReleaseResources\layout\redbox_item_frame.xml to C:\Users\dctm1\YongStudyApp\node_modules\@react-native-async-storage\async-storage\android\build\intermediates\verified_library_resources\release\verifyReleaseResources\compiled\layout_redbox_item_frame.xml.flat
Compiling image file C:\Users\dctm1\YongStudyApp\node_modules\@react-native-async-storage\async-storage\android\build\intermediates\merged_res\release\mergeReleaseResources\drawable-xhdpi-v4\abc_text_select_handle_middle_mtrl.png
Compiling file C:\Users\dctm1\YongStudyApp\node_modules\@react-native-async-storage\async-storage\android\build\intermediates\merged_res\release\mergeReleaseResources\drawable-xhdpi-v4\abc_text_select_handle_middle_mtrl.png to C:\Users\dctm1\YongStudyApp\node_modules\@react-native-async-storage\async-storage\android\build\intermediates\verified_library_resources\release\verifyReleaseResources\compiled\drawable-xhdpi-v4_abc_text_select_handle_middle_mtrl.png.flat
Compiling image file C:\Users\dctm1\YongStudyApp\node_modules\@react-native-async-storage\async-storage\android\build\intermediates\merged_res\release\mergeReleaseResources\drawable-xxhdpi-v4\abc_btn_radio_to_on_mtrl_000.png
Compiling file C:\Users\dctm1\YongStudyApp\node_modules\@react-native-async-storage\async-storage\android\build\intermediates\merged_res\release\mergeReleaseResources\drawable-xxhdpi-v4\abc_btn_radio_to_on_mtrl_000.png to C:\Users\dctm1\YongStudyApp\node_modules\@react-native-async-storage\async-storage\android\build\intermediates\verified_library_resources\release\verifyReleaseResources\compiled\drawable-xxhdpi-v4_abc_btn_radio_to_on_mtrl_000.png.flat
Compiling xml file C:\Users\dctm1\YongStudyApp\node_modules\@react-native-async-storage\async-storage\android\build\intermediates\merged_res\release\mergeReleaseResources\layout-watch-v20\abc_alert_dialog_button_bar_material.xml to C:\Users\dctm1\YongStudyApp\node_modules\@react-native-async-storage\async-storage\android\build\intermediates\verified_library_resources\release\verifyReleaseResources\compiled\layout-watch-v20_abc_alert_dialog_button_bar_material.xml.flat
Compiling image file C:\Users\dctm1\YongStudyApp\node_modules\@react-native-async-storage\async-storage\android\build\intermediates\merged_res\release\mergeReleaseResources\drawable-xxhdpi-v4\ic_call_answer_video_low.png
Compiling file C:\Users\dctm1\YongStudyApp\node_modules\@react-native-async-storage\async-storage\android\build\intermediates\merged_res\release\mergeReleaseResources\drawable-xxhdpi-v4\ic_call_answer_video_low.png to C:\Users\dctm1\YongStudyApp\node_modules\@react-native-async-storage\async-storage\android\build\intermediates\verified_library_resources\release\verifyReleaseResources\compiled\drawable-xxhdpi-v4_ic_call_answer_video_low.png.flat
Compiling image file C:\Users\dctm1\YongStudyApp\node_modules\@react-native-async-storage\async-storage\android\build\intermediates\merged_res\release\mergeReleaseResources\drawable-xxxhdpi-v4\ic_call_answer.png
Compiling file C:\Users\dctm1\YongStudyApp\node_modules\@react-native-async-storage\async-storage\android\build\intermediates\merged_res\release\mergeReleaseResources\drawable-xxxhdpi-v4\ic_call_answer.png to C:\Users\dctm1\YongStudyApp\node_modules\@react-native-async-storage\async-storage\android\build\intermediates\verified_library_resources\release\verifyReleaseResources\compiled\drawable-xxxhdpi-v4_ic_call_answer.png.flat
Compiling XML table C:\Users\dctm1\YongStudyApp\node_modules\@react-native-async-storage\async-storage\android\build\intermediates\merged_res\release\mergeReleaseResources\values-bs\values-bs.xml to C:\Users\dctm1\YongStudyApp\node_modules\@react-native-async-storage\async-storage\android\build\intermediates\verified_library_resources\release\verifyReleaseResources\compiled\values-bs_values-bs.arsc.flat
Compiling xml file C:\Users\dctm1\YongStudyApp\node_modules\@react-native-async-storage\async-storage\android\build\intermediates\merged_res\release\mergeReleaseResources\interpolator\btn_radio_to_on_mtrl_animation_interpolator_0.xml to C:\Users\dctm1\YongStudyApp\node_modules\@react-native-async-storage\async-storage\android\build\intermediates\verified_library_resources\release\verifyReleaseResources\compiled\interpolator_btn_radio_to_on_mtrl_animation_interpolator_0.xml.flat
Compiling xml file C:\Users\dctm1\YongStudyApp\node_modules\@react-native-async-storage\async-storage\android\build\intermediates\merged_res\release\mergeReleaseResources\layout\abc_alert_dialog_title_material.xml to C:\Users\dctm1\YongStudyApp\node_modules\@react-native-async-storage\async-storage\android\build\intermediates\verified_library_resources\release\verifyReleaseResources\compiled\layout_abc_alert_dialog_title_material.xml.flat
Compiling XML table C:\Users\dctm1\YongStudyApp\node_modules\@react-native-async-storage\async-storage\android\build\intermediates\merged_res\release\mergeReleaseResources\values-es-rES\values-es-rES.xml to C:\Users\dctm1\YongStudyApp\node_modules\@react-native-async-storage\async-storage\android\build\intermediates\verified_library_resources\release\verifyReleaseResources\compiled\values-es-rES_values-es-rES.arsc.flat
Compiling xml file C:\Users\dctm1\YongStudyApp\node_modules\@react-native-async-storage\async-storage\android\build\intermediates\merged_res\release\mergeReleaseResources\layout\abc_screen_simple_overlay_action_mode.xml to C:\Users\dctm1\YongStudyApp\node_modules\@react-native-async-storage\async-storage\android\build\intermediates\verified_library_resources\release\verifyReleaseResources\compiled\layout_abc_screen_simple_overlay_action_mode.xml.flat
Compiling xml file C:\Users\dctm1\YongStudyApp\node_modules\@react-native-async-storage\async-storage\android\build\intermediates\merged_res\release\mergeReleaseResources\layout\ime_secondary_split_test_activity.xml to C:\Users\dctm1\YongStudyApp\node_modules\@react-native-async-storage\async-storage\android\build\intermediates\verified_library_resources\release\verifyReleaseResources\compiled\layout_ime_secondary_split_test_activity.xml.flat
Compiling XML table C:\Users\dctm1\YongStudyApp\node_modules\@react-native-async-storage\async-storage\android\build\intermediates\merged_res\release\mergeReleaseResources\values-hi\values-hi.xml to C:\Users\dctm1\YongStudyApp\node_modules\@react-native-async-storage\async-storage\android\build\intermediates\verified_library_resources\release\verifyReleaseResources\compiled\values-hi_values-hi.arsc.flat
Compiling xml file C:\Users\dctm1\YongStudyApp\node_modules\@react-native-async-storage\async-storage\android\build\intermediates\merged_res\release\mergeReleaseResources\layout-v21\notification_action_tombstone.xml to C:\Users\dctm1\YongStudyApp\node_modules\@react-native-async-storage\async-storage\android\build\intermediates\verified_library_resources\release\verifyReleaseResources\compiled\layout-v21_notification_action_tombstone.xml.flat
Compiling XML table C:\Users\dctm1\YongStudyApp\node_modules\@react-native-async-storage\async-storage\android\build\intermediates\merged_res\release\mergeReleaseResources\values-b+sr+Latn\values-b+sr+Latn.xml to C:\Users\dctm1\YongStudyApp\node_modules\@react-native-async-storage\async-storage\android\build\intermediates\verified_library_resources\release\verifyReleaseResources\compiled\values-b+sr+Latn_values-b+sr+Latn.arsc.flat
Compiling XML table C:\Users\dctm1\YongStudyApp\node_modules\@react-native-async-storage\async-storage\android\build\intermediates\merged_res\release\mergeReleaseResources\values-en-rGB\values-en-rGB.xml to C:\Users\dctm1\YongStudyApp\node_modules\@react-native-async-storage\async-storage\android\build\intermediates\verified_library_resources\release\verifyReleaseResources\compiled\values-en-rGB_values-en-rGB.arsc.flat
Compiling XML table C:\Users\dctm1\YongStudyApp\node_modules\@react-native-async-storage\async-storage\android\build\intermediates\merged_res\release\mergeReleaseResources\values-gl\values-gl.xml to C:\Users\dctm1\YongStudyApp\node_modules\@react-native-async-storage\async-storage\android\build\intermediates\verified_library_resources\release\verifyReleaseResources\compiled\values-gl_values-gl.arsc.flat
Compiling XML table C:\Users\dctm1\YongStudyApp\node_modules\@react-native-async-storage\async-storage\android\build\intermediates\merged_res\release\mergeReleaseResources\values-ja\values-ja.xml to C:\Users\dctm1\YongStudyApp\node_modules\@react-native-async-storage\async-storage\android\build\intermediates\verified_library_resources\release\verifyReleaseResources\compiled\values-ja_values-ja.arsc.flat
Compiling XML table C:\Users\dctm1\YongStudyApp\node_modules\@react-native-async-storage\async-storage\android\build\intermediates\merged_res\release\mergeReleaseResources\values-lv\values-lv.xml to C:\Users\dctm1\YongStudyApp\node_modules\@react-native-async-storage\async-storage\android\build\intermediates\verified_library_resources\release\verifyReleaseResources\compiled\values-lv_values-lv.arsc.flat
Compiling XML table C:\Users\dctm1\YongStudyApp\node_modules\@react-native-async-storage\async-storage\android\build\intermediates\merged_res\release\mergeReleaseResources\values-kn\values-kn.xml to C:\Users\dctm1\YongStudyApp\node_modules\@react-native-async-storage\async-storage\android\build\intermediates\verified_library_resources\release\verifyReleaseResources\compiled\values-kn_values-kn.arsc.flat
Compiling XML table C:\Users\dctm1\YongStudyApp\node_modules\@react-native-async-storage\async-storage\android\build\intermediates\merged_res\release\mergeReleaseResources\values-pa\values-pa.xml to C:\Users\dctm1\YongStudyApp\node_modules\@react-native-async-storage\async-storage\android\build\intermediates\verified_library_resources\release\verifyReleaseResources\compiled\values-pa_values-pa.arsc.flat
Compiling XML table C:\Users\dctm1\YongStudyApp\node_modules\@react-native-async-storage\async-storage\android\build\intermediates\merged_res\release\mergeReleaseResources\values-sr\values-sr.xml to C:\Users\dctm1\YongStudyApp\node_modules\@react-native-async-storage\async-storage\android\build\intermediates\verified_library_resources\release\verifyReleaseResources\compiled\values-sr_values-sr.arsc.flat
Compiling XML table C:\Users\dctm1\YongStudyApp\node_modules\@react-native-async-storage\async-storage\android\build\intermediates\merged_res\release\mergeReleaseResources\values-mr\values-mr.xml to C:\Users\dctm1\YongStudyApp\node_modules\@react-native-async-storage\async-storage\android\build\intermediates\verified_library_resources\release\verifyReleaseResources\compiled\values-mr_values-mr.arsc.flat
Compiling XML table C:\Users\dctm1\YongStudyApp\node_modules\@react-native-async-storage\async-storage\android\build\intermediates\merged_res\release\mergeReleaseResources\values-v16\values-v16.xml to C:\Users\dctm1\YongStudyApp\node_modules\@react-native-async-storage\async-storage\android\build\intermediates\verified_library_resources\release\verifyReleaseResources\compiled\values-v16_values-v16.arsc.flat
Compiling XML table C:\Users\dctm1\YongStudyApp\node_modules\@react-native-async-storage\async-storage\android\build\intermediates\merged_res\release\mergeReleaseResources\values-watch-v21\values-watch-v21.xml to C:\Users\dctm1\YongStudyApp\node_modules\@react-native-async-storage\async-storage\android\build\intermediates\verified_library_resources\release\verifyReleaseResources\compiled\values-watch-v21_values-watch-v21.arsc.flat
Compiling XML table C:\Users\dctm1\YongStudyApp\node_modules\@react-native-async-storage\async-storage\android\build\intermediates\merged_res\release\mergeReleaseResources\values-pt-rBR\values-pt-rBR.xml to C:\Users\dctm1\YongStudyApp\node_modules\@react-native-async-storage\async-storage\android\build\intermediates\verified_library_resources\release\verifyReleaseResources\compiled\values-pt-rBR_values-pt-rBR.arsc.flat
AAPT2 aapt2-8.11.0-12782657-windows Daemon #2: starting
Compiling XML table C:\Users\dctm1\YongStudyApp\node_modules\@react-native-async-storage\async-storage\android\build\intermediates\merged_res\release\mergeReleaseResources\values-ta\values-ta.xml to C:\Users\dctm1\YongStudyApp\node_modules\@react-native-async-storage\async-storage\android\build\intermediates\verified_library_resources\release\verifyReleaseResources\compiled\values-ta_values-ta.arsc.flat
Compiling XML table C:\Users\dctm1\YongStudyApp\node_modules\@react-native-async-storage\async-storage\android\build\intermediates\merged_res\release\mergeReleaseResources\values-v22\values-v22.xml to C:\Users\dctm1\YongStudyApp\node_modules\@react-native-async-storage\async-storage\android\build\intermediates\verified_library_resources\release\verifyReleaseResources\compiled\values-v22_values-v22.arsc.flat
Compiling XML table C:\Users\dctm1\YongStudyApp\node_modules\@react-native-async-storage\async-storage\android\build\intermediates\merged_res\release\mergeReleaseResources\values-zh-rTW\values-zh-rTW.xml to C:\Users\dctm1\YongStudyApp\node_modules\@react-native-async-storage\async-storage\android\build\intermediates\verified_library_resources\release\verifyReleaseResources\compiled\values-zh-rTW_values-zh-rTW.arsc.flat
AAPT2 aapt2-8.11.0-12782657-windows Daemon #3: starting
Compiling xml file C:\Users\dctm1\YongStudyApp\node_modules\@react-native-async-storage\async-storage\android\build\intermediates\merged_res\release\mergeReleaseResources\anim\abc_shrink_fade_out_from_bottom.xml to C:\Users\dctm1\YongStudyApp\node_modules\@react-native-async-storage\async-storage\android\build\intermediates\verified_library_resources\release\verifyReleaseResources\compiled\anim_abc_shrink_fade_out_from_bottom.xml.flat
Compiling xml file C:\Users\dctm1\YongStudyApp\node_modules\@react-native-async-storage\async-storage\android\build\intermediates\merged_res\release\mergeReleaseResources\anim\btn_checkbox_to_unchecked_icon_null_animation.xml to C:\Users\dctm1\YongStudyApp\node_modules\@react-native-async-storage\async-storage\android\build\intermediates\verified_library_resources\release\verifyReleaseResources\compiled\anim_btn_checkbox_to_unchecked_icon_null_animation.xml.flat
Compiling xml file C:\Users\dctm1\YongStudyApp\node_modules\@react-native-async-storage\async-storage\android\build\intermediates\merged_res\release\mergeReleaseResources\anim\catalyst_slide_up.xml to C:\Users\dctm1\YongStudyApp\node_modules\@react-native-async-storage\async-storage\android\build\intermediates\verified_library_resources\release\verifyReleaseResources\compiled\anim_catalyst_slide_up.xml.flat
Compiling xml file C:\Users\dctm1\YongStudyApp\node_modules\@react-native-async-storage\async-storage\android\build\intermediates\merged_res\release\mergeReleaseResources\color\abc_primary_text_disable_only_material_dark.xml to C:\Users\dctm1\YongStudyApp\node_modules\@react-native-async-storage\async-storage\android\build\intermediates\verified_library_resources\release\verifyReleaseResources\compiled\color_abc_primary_text_disable_only_material_dark.xml.flat
Compiling xml file C:\Users\dctm1\YongStudyApp\node_modules\@react-native-async-storage\async-storage\android\build\intermediates\merged_res\release\mergeReleaseResources\color-v23\abc_tint_btn_checkable.xml to C:\Users\dctm1\YongStudyApp\node_modules\@react-native-async-storage\async-storage\android\build\intermediates\verified_library_resources\release\verifyReleaseResources\compiled\color-v23_abc_tint_btn_checkable.xml.flat
Compiling xml file C:\Users\dctm1\YongStudyApp\node_modules\@react-native-async-storage\async-storage\android\build\intermediates\merged_res\release\mergeReleaseResources\drawable\abc_cab_background_internal_bg.xml to C:\Users\dctm1\YongStudyApp\node_modules\@react-native-async-storage\async-storage\android\build\intermediates\verified_library_resources\release\verifyReleaseResources\compiled\drawable_abc_cab_background_internal_bg.xml.flat
Compiling xml file C:\Users\dctm1\YongStudyApp\node_modules\@react-native-async-storage\async-storage\android\build\intermediates\merged_res\release\mergeReleaseResources\drawable\abc_ic_search_api_material.xml to C:\Users\dctm1\YongStudyApp\node_modules\@react-native-async-storage\async-storage\android\build\intermediates\verified_library_resources\release\verifyReleaseResources\compiled\drawable_abc_ic_search_api_material.xml.flat
Compiling xml file C:\Users\dctm1\YongStudyApp\node_modules\@react-native-async-storage\async-storage\android\build\intermediates\merged_res\release\mergeReleaseResources\drawable\abc_seekbar_tick_mark_material.xml to C:\Users\dctm1\YongStudyApp\node_modules\@react-native-async-storage\async-storage\android\build\intermediates\verified_library_resources\release\verifyReleaseResources\compiled\drawable_abc_seekbar_tick_mark_material.xml.flat
Compiling xml file C:\Users\dctm1\YongStudyApp\node_modules\@react-native-async-storage\async-storage\android\build\intermediates\merged_res\release\mergeReleaseResources\drawable\btn_checkbox_unchecked_mtrl.xml to C:\Users\dctm1\YongStudyApp\node_modules\@react-native-async-storage\async-storage\android\build\intermediates\verified_library_resources\release\verifyReleaseResources\compiled\drawable_btn_checkbox_unchecked_mtrl.xml.flat
Compiling xml file C:\Users\dctm1\YongStudyApp\node_modules\@react-native-async-storage\async-storage\android\build\intermediates\merged_res\release\mergeReleaseResources\drawable\redbox_top_border_background.xml to C:\Users\dctm1\YongStudyApp\node_modules\@react-native-async-storage\async-storage\android\build\intermediates\verified_library_resources\release\verifyReleaseResources\compiled\drawable_redbox_top_border_background.xml.flat
Compiling image file C:\Users\dctm1\YongStudyApp\node_modules\@react-native-async-storage\async-storage\android\build\intermediates\merged_res\release\mergeReleaseResources\drawable-hdpi-v4\abc_btn_check_to_on_mtrl_015.png
Compiling file C:\Users\dctm1\YongStudyApp\node_modules\@react-native-async-storage\async-storage\android\build\intermediates\merged_res\release\mergeReleaseResources\drawable-hdpi-v4\abc_btn_check_to_on_mtrl_015.png to C:\Users\dctm1\YongStudyApp\node_modules\@react-native-async-storage\async-storage\android\build\intermediates\verified_library_resources\release\verifyReleaseResources\compiled\drawable-hdpi-v4_abc_btn_check_to_on_mtrl_015.png.flat
Compiling xml file C:\Users\dctm1\YongStudyApp\node_modules\@react-native-async-storage\async-storage\android\build\intermediates\merged_res\release\mergeReleaseResources\anim\abc_tooltip_enter.xml to C:\Users\dctm1\YongStudyApp\node_modules\@react-native-async-storage\async-storage\android\build\intermediates\verified_library_resources\release\verifyReleaseResources\compiled\anim_abc_tooltip_enter.xml.flat
Compiling image file C:\Users\dctm1\YongStudyApp\node_modules\@react-native-async-storage\async-storage\android\build\intermediates\merged_res\release\mergeReleaseResources\drawable-hdpi-v4\ic_call_answer_video.png
Compiling file C:\Users\dctm1\YongStudyApp\node_modules\@react-native-async-storage\async-storage\android\build\intermediates\merged_res\release\mergeReleaseResources\drawable-hdpi-v4\ic_call_answer_video.png to C:\Users\dctm1\YongStudyApp\node_modules\@react-native-async-storage\async-storage\android\build\intermediates\verified_library_resources\release\verifyReleaseResources\compiled\drawable-hdpi-v4_ic_call_answer_video.png.flat
Compiling xml file C:\Users\dctm1\YongStudyApp\node_modules\@react-native-async-storage\async-storage\android\build\intermediates\merged_res\release\mergeReleaseResources\anim\btn_radio_to_on_mtrl_ring_outer_animation.xml to C:\Users\dctm1\YongStudyApp\node_modules\@react-native-async-storage\async-storage\android\build\intermediates\verified_library_resources\release\verifyReleaseResources\compiled\anim_btn_radio_to_on_mtrl_ring_outer_animation.xml.flat
Compiling image file C:\Users\dctm1\YongStudyApp\node_modules\@react-native-async-storage\async-storage\android\build\intermediates\merged_res\release\mergeReleaseResources\drawable-ldpi-v4\ic_call_decline_low.png
Compiling file C:\Users\dctm1\YongStudyApp\node_modules\@react-native-async-storage\async-storage\android\build\intermediates\merged_res\release\mergeReleaseResources\drawable-ldpi-v4\ic_call_decline_low.png to C:\Users\dctm1\YongStudyApp\node_modules\@react-native-async-storage\async-storage\android\build\intermediates\verified_library_resources\release\verifyReleaseResources\compiled\drawable-ldpi-v4_ic_call_decline_low.png.flat
Compiling image file C:\Users\dctm1\YongStudyApp\node_modules\@react-native-async-storage\async-storage\android\build\intermediates\merged_res\release\mergeReleaseResources\drawable-mdpi-v4\ic_call_answer.png
Compiling file C:\Users\dctm1\YongStudyApp\node_modules\@react-native-async-storage\async-storage\android\build\intermediates\merged_res\release\mergeReleaseResources\drawable-mdpi-v4\ic_call_answer.png to C:\Users\dctm1\YongStudyApp\node_modules\@react-native-async-storage\async-storage\android\build\intermediates\verified_library_resources\release\verifyReleaseResources\compiled\drawable-mdpi-v4_ic_call_answer.png.flat
Compiling xml file C:\Users\dctm1\YongStudyApp\node_modules\@react-native-async-storage\async-storage\android\build\intermediates\merged_res\release\mergeReleaseResources\animator\fragment_fade_exit.xml to C:\Users\dctm1\YongStudyApp\node_modules\@react-native-async-storage\async-storage\android\build\intermediates\verified_library_resources\release\verifyReleaseResources\compiled\animator_fragment_fade_exit.xml.flat
Compiling xml file C:\Users\dctm1\YongStudyApp\node_modules\@react-native-async-storage\async-storage\android\build\intermediates\merged_res\release\mergeReleaseResources\anim\abc_fade_in.xml to C:\Users\dctm1\YongStudyApp\node_modules\@react-native-async-storage\async-storage\android\build\intermediates\verified_library_resources\release\verifyReleaseResources\compiled\anim_abc_fade_in.xml.flat
Compiling xml file C:\Users\dctm1\YongStudyApp\node_modules\@react-native-async-storage\async-storage\android\build\intermediates\merged_res\release\mergeReleaseResources\drawable-v21\abc_list_divider_material.xml to C:\Users\dctm1\YongStudyApp\node_modules\@react-native-async-storage\async-storage\android\build\intermediates\verified_library_resources\release\verifyReleaseResources\compiled\drawable-v21_abc_list_divider_material.xml.flat
Compiling xml file C:\Users\dctm1\YongStudyApp\node_modules\@react-native-async-storage\async-storage\android\build\intermediates\merged_res\release\mergeReleaseResources\anim\btn_checkbox_to_checked_box_inner_merged_animation.xml to C:\Users\dctm1\YongStudyApp\node_modules\@react-native-async-storage\async-storage\android\build\intermediates\verified_library_resources\release\verifyReleaseResources\compiled\anim_btn_checkbox_to_checked_box_inner_merged_animation.xml.flat
Compiling xml file C:\Users\dctm1\YongStudyApp\node_modules\@react-native-async-storage\async-storage\android\build\intermediates\merged_res\release\mergeReleaseResources\color\abc_secondary_text_material_dark.xml to C:\Users\dctm1\YongStudyApp\node_modules\@react-native-async-storage\async-storage\android\build\intermediates\verified_library_resources\release\verifyReleaseResources\compiled\color_abc_secondary_text_material_dark.xml.flat
Compiling image file C:\Users\dctm1\YongStudyApp\node_modules\@react-native-async-storage\async-storage\android\build\intermediates\merged_res\release\mergeReleaseResources\drawable-xhdpi-v4\abc_scrubber_control_to_pressed_mtrl_005.png
Compiling file C:\Users\dctm1\YongStudyApp\node_modules\@react-native-async-storage\async-storage\android\build\intermediates\merged_res\release\mergeReleaseResources\drawable-xhdpi-v4\abc_scrubber_control_to_pressed_mtrl_005.png to C:\Users\dctm1\YongStudyApp\node_modules\@react-native-async-storage\async-storage\android\build\intermediates\verified_library_resources\release\verifyReleaseResources\compiled\drawable-xhdpi-v4_abc_scrubber_control_to_pressed_mtrl_005.png.flat
Compiling image file C:\Users\dctm1\YongStudyApp\node_modules\@react-native-async-storage\async-storage\android\build\intermediates\merged_res\release\mergeReleaseResources\drawable-xxhdpi-v4\abc_btn_check_to_on_mtrl_000.png
Compiling file C:\Users\dctm1\YongStudyApp\node_modules\@react-native-async-storage\async-storage\android\build\intermediates\merged_res\release\mergeReleaseResources\drawable-xxhdpi-v4\abc_btn_check_to_on_mtrl_000.png to C:\Users\dctm1\YongStudyApp\node_modules\@react-native-async-storage\async-storage\android\build\intermediates\verified_library_resources\release\verifyReleaseResources\compiled\drawable-xxhdpi-v4_abc_btn_check_to_on_mtrl_000.png.flat
Compiling xml file C:\Users\dctm1\YongStudyApp\node_modules\@react-native-async-storage\async-storage\android\build\intermediates\merged_res\release\mergeReleaseResources\color-v23\abc_tint_switch_track.xml to C:\Users\dctm1\YongStudyApp\node_modules\@react-native-async-storage\async-storage\android\build\intermediates\verified_library_resources\release\verifyReleaseResources\compiled\color-v23_abc_tint_switch_track.xml.flat
Compiling xml file C:\Users\dctm1\YongStudyApp\node_modules\@react-native-async-storage\async-storage\android\build\intermediates\merged_res\release\mergeReleaseResources\anim\catalyst_fade_in.xml to C:\Users\dctm1\YongStudyApp\node_modules\@react-native-async-storage\async-storage\android\build\intermediates\verified_library_resources\release\verifyReleaseResources\compiled\anim_catalyst_fade_in.xml.flat
Compiling image file C:\Users\dctm1\YongStudyApp\node_modules\@react-native-async-storage\async-storage\android\build\intermediates\merged_res\release\mergeReleaseResources\drawable-xxhdpi-v4\ic_call_answer_low.png
Compiling xml file C:\Users\dctm1\YongStudyApp\node_modules\@react-native-async-storage\async-storage\android\build\intermediates\merged_res\release\mergeReleaseResources\drawable\abc_ic_go_search_api_material.xml to C:\Users\dctm1\YongStudyApp\node_modules\@react-native-async-storage\async-storage\android\build\intermediates\verified_library_resources\release\verifyReleaseResources\compiled\drawable_abc_ic_go_search_api_material.xml.flat
Compiling file C:\Users\dctm1\YongStudyApp\node_modules\@react-native-async-storage\async-storage\android\build\intermediates\merged_res\release\mergeReleaseResources\drawable-xxhdpi-v4\ic_call_answer_low.png to C:\Users\dctm1\YongStudyApp\node_modules\@react-native-async-storage\async-storage\android\build\intermediates\verified_library_resources\release\verifyReleaseResources\compiled\drawable-xxhdpi-v4_ic_call_answer_low.png.flat
Compiling image file C:\Users\dctm1\YongStudyApp\node_modules\@react-native-async-storage\async-storage\android\build\intermediates\merged_res\release\mergeReleaseResources\drawable-xxxhdpi-v4\abc_text_select_handle_left_mtrl.png
Compiling file C:\Users\dctm1\YongStudyApp\node_modules\@react-native-async-storage\async-storage\android\build\intermediates\merged_res\release\mergeReleaseResources\drawable-xxxhdpi-v4\abc_text_select_handle_left_mtrl.png to C:\Users\dctm1\YongStudyApp\node_modules\@react-native-async-storage\async-storage\android\build\intermediates\verified_library_resources\release\verifyReleaseResources\compiled\drawable-xxxhdpi-v4_abc_text_select_handle_left_mtrl.png.flat
Compiling xml file C:\Users\dctm1\YongStudyApp\node_modules\@react-native-async-storage\async-storage\android\build\intermediates\merged_res\release\mergeReleaseResources\drawable\abc_list_selector_background_transition_holo_light.xml to C:\Users\dctm1\YongStudyApp\node_modules\@react-native-async-storage\async-storage\android\build\intermediates\verified_library_resources\release\verifyReleaseResources\compiled\drawable_abc_list_selector_background_transition_holo_light.xml.flat
Compiling xml file C:\Users\dctm1\YongStudyApp\node_modules\@react-native-async-storage\async-storage\android\build\intermediates\merged_res\release\mergeReleaseResources\interpolator\btn_checkbox_unchecked_mtrl_animation_interpolator_1.xml to C:\Users\dctm1\YongStudyApp\node_modules\@react-native-async-storage\async-storage\android\build\intermediates\verified_library_resources\release\verifyReleaseResources\compiled\interpolator_btn_checkbox_unchecked_mtrl_animation_interpolator_1.xml.flat
Compiling xml file C:\Users\dctm1\YongStudyApp\node_modules\@react-native-async-storage\async-storage\android\build\intermediates\merged_res\release\mergeReleaseResources\drawable\abc_switch_thumb_material.xml to C:\Users\dctm1\YongStudyApp\node_modules\@react-native-async-storage\async-storage\android\build\intermediates\verified_library_resources\release\verifyReleaseResources\compiled\drawable_abc_switch_thumb_material.xml.flat
Compiling xml file C:\Users\dctm1\YongStudyApp\node_modules\@react-native-async-storage\async-storage\android\build\intermediates\merged_res\release\mergeReleaseResources\layout\abc_alert_dialog_button_bar_material.xml to C:\Users\dctm1\YongStudyApp\node_modules\@react-native-async-storage\async-storage\android\build\intermediates\verified_library_resources\release\verifyReleaseResources\compiled\layout_abc_alert_dialog_button_bar_material.xml.flat
Compiling xml file C:\Users\dctm1\YongStudyApp\node_modules\@react-native-async-storage\async-storage\android\build\intermediates\merged_res\release\mergeReleaseResources\animator\fragment_open_exit.xml to C:\Users\dctm1\YongStudyApp\node_modules\@react-native-async-storage\async-storage\android\build\intermediates\verified_library_resources\release\verifyReleaseResources\compiled\animator_fragment_open_exit.xml.flat
Compiling xml file C:\Users\dctm1\YongStudyApp\node_modules\@react-native-async-storage\async-storage\android\build\intermediates\merged_res\release\mergeReleaseResources\color\switch_thumb_material_dark.xml to C:\Users\dctm1\YongStudyApp\node_modules\@react-native-async-storage\async-storage\android\build\intermediates\verified_library_resources\release\verifyReleaseResources\compiled\color_switch_thumb_material_dark.xml.flat
Compiling xml file C:\Users\dctm1\YongStudyApp\node_modules\@react-native-async-storage\async-storage\android\build\intermediates\merged_res\release\mergeReleaseResources\drawable\abc_btn_check_material.xml to C:\Users\dctm1\YongStudyApp\node_modules\@react-native-async-storage\async-storage\android\build\intermediates\verified_library_resources\release\verifyReleaseResources\compiled\drawable_abc_btn_check_material.xml.flat
Compiling xml file C:\Users\dctm1\YongStudyApp\node_modules\@react-native-async-storage\async-storage\android\build\intermediates\merged_res\release\mergeReleaseResources\drawable\btn_radio_on_to_off_mtrl_animation.xml to C:\Users\dctm1\YongStudyApp\node_modules\@react-native-async-storage\async-storage\android\build\intermediates\verified_library_resources\release\verifyReleaseResources\compiled\drawable_btn_radio_on_to_off_mtrl_animation.xml.flat
Compiling xml file C:\Users\dctm1\YongStudyApp\node_modules\@react-native-async-storage\async-storage\android\build\intermediates\merged_res\release\mergeReleaseResources\layout\abc_screen_content_include.xml to C:\Users\dctm1\YongStudyApp\node_modules\@react-native-async-storage\async-storage\android\build\intermediates\verified_library_resources\release\verifyReleaseResources\compiled\layout_abc_screen_content_include.xml.flat
Compiling xml file C:\Users\dctm1\YongStudyApp\node_modules\@react-native-async-storage\async-storage\android\build\intermediates\merged_res\release\mergeReleaseResources\drawable\abc_ic_menu_cut_mtrl_alpha.xml to C:\Users\dctm1\YongStudyApp\node_modules\@react-native-async-storage\async-storage\android\build\intermediates\verified_library_resources\release\verifyReleaseResources\compiled\drawable_abc_ic_menu_cut_mtrl_alpha.xml.flat
Compiling xml file C:\Users\dctm1\YongStudyApp\node_modules\@react-native-async-storage\async-storage\android\build\intermediates\merged_res\release\mergeReleaseResources\layout\fps_view.xml to C:\Users\dctm1\YongStudyApp\node_modules\@react-native-async-storage\async-storage\android\build\intermediates\verified_library_resources\release\verifyReleaseResources\compiled\layout_fps_view.xml.flat
Compiling xml file C:\Users\dctm1\YongStudyApp\node_modules\@react-native-async-storage\async-storage\android\build\intermediates\merged_res\release\mergeReleaseResources\layout\support_simple_spinner_dropdown_item.xml to C:\Users\dctm1\YongStudyApp\node_modules\@react-native-async-storage\async-storage\android\build\intermediates\verified_library_resources\release\verifyReleaseResources\compiled\layout_support_simple_spinner_dropdown_item.xml.flat
Compiling xml file C:\Users\dctm1\YongStudyApp\node_modules\@react-native-async-storage\async-storage\android\build\intermediates\merged_res\release\mergeReleaseResources\anim\abc_fade_out.xml to C:\Users\dctm1\YongStudyApp\node_modules\@react-native-async-storage\async-storage\android\build\intermediates\verified_library_resources\release\verifyReleaseResources\compiled\anim_abc_fade_out.xml.flat
Compiling XML table C:\Users\dctm1\YongStudyApp\node_modules\@react-native-async-storage\async-storage\android\build\intermediates\merged_res\release\mergeReleaseResources\values-as\values-as.xml to C:\Users\dctm1\YongStudyApp\node_modules\@react-native-async-storage\async-storage\android\build\intermediates\verified_library_resources\release\verifyReleaseResources\compiled\values-as_values-as.arsc.flat
Compiling xml file C:\Users\dctm1\YongStudyApp\node_modules\@react-native-async-storage\async-storage\android\build\intermediates\merged_res\release\mergeReleaseResources\anim\btn_checkbox_to_checked_box_outer_merged_animation.xml to C:\Users\dctm1\YongStudyApp\node_modules\@react-native-async-storage\async-storage\android\build\intermediates\verified_library_resources\release\verifyReleaseResources\compiled\anim_btn_checkbox_to_checked_box_outer_merged_animation.xml.flat
Compiling XML table C:\Users\dctm1\YongStudyApp\node_modules\@react-native-async-storage\async-storage\android\build\intermediates\merged_res\release\mergeReleaseResources\values-en-rAU\values-en-rAU.xml to C:\Users\dctm1\YongStudyApp\node_modules\@react-native-async-storage\async-storage\android\build\intermediates\verified_library_resources\release\verifyReleaseResources\compiled\values-en-rAU_values-en-rAU.arsc.flat
Compiling xml file C:\Users\dctm1\YongStudyApp\node_modules\@react-native-async-storage\async-storage\android\build\intermediates\merged_res\release\mergeReleaseResources\drawable-anydpi-v21\ic_call_answer.xml to C:\Users\dctm1\YongStudyApp\node_modules\@react-native-async-storage\async-storage\android\build\intermediates\verified_library_resources\release\verifyReleaseResources\compiled\drawable-anydpi-v21_ic_call_answer.xml.flat
Compiling xml file C:\Users\dctm1\YongStudyApp\node_modules\@react-native-async-storage\async-storage\android\build\intermediates\merged_res\release\mergeReleaseResources\drawable\abc_list_selector_holo_light.xml to C:\Users\dctm1\YongStudyApp\node_modules\@react-native-async-storage\async-storage\android\build\intermediates\verified_library_resources\release\verifyReleaseResources\compiled\drawable_abc_list_selector_holo_light.xml.flat
Compiling xml file C:\Users\dctm1\YongStudyApp\node_modules\@react-native-async-storage\async-storage\android\build\intermediates\merged_res\release\mergeReleaseResources\anim\catalyst_fade_out.xml to C:\Users\dctm1\YongStudyApp\node_modules\@react-native-async-storage\async-storage\android\build\intermediates\verified_library_resources\release\verifyReleaseResources\compiled\anim_catalyst_fade_out.xml.flat
Compiling XML table C:\Users\dctm1\YongStudyApp\node_modules\@react-native-async-storage\async-storage\android\build\intermediates\merged_res\release\mergeReleaseResources\values-fr\values-fr.xml to C:\Users\dctm1\YongStudyApp\node_modules\@react-native-async-storage\async-storage\android\build\intermediates\verified_library_resources\release\verifyReleaseResources\compiled\values-fr_values-fr.arsc.flat
Compiling image file C:\Users\dctm1\YongStudyApp\node_modules\@react-native-async-storage\async-storage\android\build\intermediates\merged_res\release\mergeReleaseResources\drawable-hdpi-v4\abc_scrubber_control_to_pressed_mtrl_000.png
Compiling xml file C:\Users\dctm1\YongStudyApp\node_modules\@react-native-async-storage\async-storage\android\build\intermediates\merged_res\release\mergeReleaseResources\color\abc_background_cache_hint_selector_material_dark.xml to C:\Users\dctm1\YongStudyApp\node_modules\@react-native-async-storage\async-storage\android\build\intermediates\verified_library_resources\release\verifyReleaseResources\compiled\color_abc_background_cache_hint_selector_material_dark.xml.flat
Compiling file C:\Users\dctm1\YongStudyApp\node_modules\@react-native-async-storage\async-storage\android\build\intermediates\merged_res\release\mergeReleaseResources\drawable-hdpi-v4\abc_scrubber_control_to_pressed_mtrl_000.png to C:\Users\dctm1\YongStudyApp\node_modules\@react-native-async-storage\async-storage\android\build\intermediates\verified_library_resources\release\verifyReleaseResources\compiled\drawable-hdpi-v4_abc_scrubber_control_to_pressed_mtrl_000.png.flat
Compiling XML table C:\Users\dctm1\YongStudyApp\node_modules\@react-native-async-storage\async-storage\android\build\intermediates\merged_res\release\mergeReleaseResources\values-it\values-it.xml to C:\Users\dctm1\YongStudyApp\node_modules\@react-native-async-storage\async-storage\android\build\intermediates\verified_library_resources\release\verifyReleaseResources\compiled\values-it_values-it.arsc.flat
Compiling xml file C:\Users\dctm1\YongStudyApp\node_modules\@react-native-async-storage\async-storage\android\build\intermediates\merged_res\release\mergeReleaseResources\drawable\abc_text_cursor_material.xml to C:\Users\dctm1\YongStudyApp\node_modules\@react-native-async-storage\async-storage\android\build\intermediates\verified_library_resources\release\verifyReleaseResources\compiled\drawable_abc_text_cursor_material.xml.flat
Compiling xml file C:\Users\dctm1\YongStudyApp\node_modules\@react-native-async-storage\async-storage\android\build\intermediates\merged_res\release\mergeReleaseResources\color\switch_thumb_material_light.xml to C:\Users\dctm1\YongStudyApp\node_modules\@react-native-async-storage\async-storage\android\build\intermediates\verified_library_resources\release\verifyReleaseResources\compiled\color_switch_thumb_material_light.xml.flat
Compiling image file C:\Users\dctm1\YongStudyApp\node_modules\@react-native-async-storage\async-storage\android\build\intermediates\merged_res\release\mergeReleaseResources\drawable-hdpi-v4\notification_oversize_large_icon_bg.png
Compiling file C:\Users\dctm1\YongStudyApp\node_modules\@react-native-async-storage\async-storage\android\build\intermediates\merged_res\release\mergeReleaseResources\drawable-hdpi-v4\notification_oversize_large_icon_bg.png to C:\Users\dctm1\YongStudyApp\node_modules\@react-native-async-storage\async-storage\android\build\intermediates\verified_library_resources\release\verifyReleaseResources\compiled\drawable-hdpi-v4_notification_oversize_large_icon_bg.png.flat
Compiling XML table C:\Users\dctm1\YongStudyApp\node_modules\@react-native-async-storage\async-storage\android\build\intermediates\merged_res\release\mergeReleaseResources\values-lo\values-lo.xml to C:\Users\dctm1\YongStudyApp\node_modules\@react-native-async-storage\async-storage\android\build\intermediates\verified_library_resources\release\verifyReleaseResources\compiled\values-lo_values-lo.arsc.flat
Compiling xml file C:\Users\dctm1\YongStudyApp\node_modules\@react-native-async-storage\async-storage\android\build\intermediates\merged_res\release\mergeReleaseResources\drawable\abc_btn_check_material_anim.xml to C:\Users\dctm1\YongStudyApp\node_modules\@react-native-async-storage\async-storage\android\build\intermediates\verified_library_resources\release\verifyReleaseResources\compiled\drawable_abc_btn_check_material_anim.xml.flat
Compiling xml file C:\Users\dctm1\YongStudyApp\node_modules\@react-native-async-storage\async-storage\android\build\intermediates\merged_res\release\mergeReleaseResources\drawable\notification_bg_low.xml to C:\Users\dctm1\YongStudyApp\node_modules\@react-native-async-storage\async-storage\android\build\intermediates\verified_library_resources\release\verifyReleaseResources\compiled\drawable_notification_bg_low.xml.flat
Compiling image file C:\Users\dctm1\YongStudyApp\node_modules\@react-native-async-storage\async-storage\android\build\intermediates\merged_res\release\mergeReleaseResources\drawable-mdpi-v4\abc_ic_commit_search_api_mtrl_alpha.png
Compiling file C:\Users\dctm1\YongStudyApp\node_modules\@react-native-async-storage\async-storage\android\build\intermediates\merged_res\release\mergeReleaseResources\drawable-mdpi-v4\abc_ic_commit_search_api_mtrl_alpha.png to C:\Users\dctm1\YongStudyApp\node_modules\@react-native-async-storage\async-storage\android\build\intermediates\verified_library_resources\release\verifyReleaseResources\compiled\drawable-mdpi-v4_abc_ic_commit_search_api_mtrl_alpha.png.flat
Compiling XML table C:\Users\dctm1\YongStudyApp\node_modules\@react-native-async-storage\async-storage\android\build\intermediates\merged_res\release\mergeReleaseResources\values-nl\values-nl.xml to C:\Users\dctm1\YongStudyApp\node_modules\@react-native-async-storage\async-storage\android\build\intermediates\verified_library_resources\release\verifyReleaseResources\compiled\values-nl_values-nl.arsc.flat
Compiling xml file C:\Users\dctm1\YongStudyApp\node_modules\@react-native-async-storage\async-storage\android\build\intermediates\merged_res\release\mergeReleaseResources\drawable\abc_ic_menu_overflow_material.xml to C:\Users\dctm1\YongStudyApp\node_modules\@react-native-async-storage\async-storage\android\build\intermediates\verified_library_resources\release\verifyReleaseResources\compiled\drawable_abc_ic_menu_overflow_material.xml.flat
Compiling image file C:\Users\dctm1\YongStudyApp\node_modules\@react-native-async-storage\async-storage\android\build\intermediates\merged_res\release\mergeReleaseResources\drawable-mdpi-v4\ic_call_decline_low.png
Compiling xml file C:\Users\dctm1\YongStudyApp\node_modules\@react-native-async-storage\async-storage\android\build\intermediates\merged_res\release\mergeReleaseResources\drawable\abc_ratingbar_indicator_material.xml to C:\Users\dctm1\YongStudyApp\node_modules\@react-native-async-storage\async-storage\android\build\intermediates\verified_library_resources\release\verifyReleaseResources\compiled\drawable_abc_ratingbar_indicator_material.xml.flat
Compiling xml file C:\Users\dctm1\YongStudyApp\node_modules\@react-native-async-storage\async-storage\android\build\intermediates\merged_res\release\mergeReleaseResources\drawable-anydpi-v21\ic_call_answer_video.xml to C:\Users\dctm1\YongStudyApp\node_modules\@react-native-async-storage\async-storage\android\build\intermediates\verified_library_resources\release\verifyReleaseResources\compiled\drawable-anydpi-v21_ic_call_answer_video.xml.flat
Compiling file C:\Users\dctm1\YongStudyApp\node_modules\@react-native-async-storage\async-storage\android\build\intermediates\merged_res\release\mergeReleaseResources\drawable-mdpi-v4\ic_call_decline_low.png to C:\Users\dctm1\YongStudyApp\node_modules\@react-native-async-storage\async-storage\android\build\intermediates\verified_library_resources\release\verifyReleaseResources\compiled\drawable-mdpi-v4_ic_call_decline_low.png.flat
Compiling XML table C:\Users\dctm1\YongStudyApp\node_modules\@react-native-async-storage\async-storage\android\build\intermediates\merged_res\release\mergeReleaseResources\values-sl\values-sl.xml to C:\Users\dctm1\YongStudyApp\node_modules\@react-native-async-storage\async-storage\android\build\intermediates\verified_library_resources\release\verifyReleaseResources\compiled\values-sl_values-sl.arsc.flat
Compiling xml file C:\Users\dctm1\YongStudyApp\node_modules\@react-native-async-storage\async-storage\android\build\intermediates\merged_res\release\mergeReleaseResources\drawable\abc_textfield_search_material.xml to C:\Users\dctm1\YongStudyApp\node_modules\@react-native-async-storage\async-storage\android\build\intermediates\verified_library_resources\release\verifyReleaseResources\compiled\drawable_abc_textfield_search_material.xml.flat
Compiling image file C:\Users\dctm1\YongStudyApp\node_modules\@react-native-async-storage\async-storage\android\build\intermediates\merged_res\release\mergeReleaseResources\drawable-xhdpi-v4\abc_btn_check_to_on_mtrl_000.png
Compiling file C:\Users\dctm1\YongStudyApp\node_modules\@react-native-async-storage\async-storage\android\build\intermediates\merged_res\release\mergeReleaseResources\drawable-xhdpi-v4\abc_btn_check_to_on_mtrl_000.png to C:\Users\dctm1\YongStudyApp\node_modules\@react-native-async-storage\async-storage\android\build\intermediates\verified_library_resources\release\verifyReleaseResources\compiled\drawable-xhdpi-v4_abc_btn_check_to_on_mtrl_000.png.flat
Compiling image file C:\Users\dctm1\YongStudyApp\node_modules\@react-native-async-storage\async-storage\android\build\intermediates\merged_res\release\mergeReleaseResources\drawable-hdpi-v4\abc_text_select_handle_left_mtrl.png
Compiling XML table C:\Users\dctm1\YongStudyApp\node_modules\@react-native-async-storage\async-storage\android\build\intermediates\merged_res\release\mergeReleaseResources\values-ur\values-ur.xml to C:\Users\dctm1\YongStudyApp\node_modules\@react-native-async-storage\async-storage\android\build\intermediates\verified_library_resources\release\verifyReleaseResources\compiled\values-ur_values-ur.arsc.flat
Compiling file C:\Users\dctm1\YongStudyApp\node_modules\@react-native-async-storage\async-storage\android\build\intermediates\merged_res\release\mergeReleaseResources\drawable-hdpi-v4\abc_text_select_handle_left_mtrl.png to C:\Users\dctm1\YongStudyApp\node_modules\@react-native-async-storage\async-storage\android\build\intermediates\verified_library_resources\release\verifyReleaseResources\compiled\drawable-hdpi-v4_abc_text_select_handle_left_mtrl.png.flat
Compiling xml file C:\Users\dctm1\YongStudyApp\node_modules\@react-native-async-storage\async-storage\android\build\intermediates\merged_res\release\mergeReleaseResources\drawable\notification_icon_background.xml to C:\Users\dctm1\YongStudyApp\node_modules\@react-native-async-storage\async-storage\android\build\intermediates\verified_library_resources\release\verifyReleaseResources\compiled\drawable_notification_icon_background.xml.flat
Compiling image file C:\Users\dctm1\YongStudyApp\node_modules\@react-native-async-storage\async-storage\android\build\intermediates\merged_res\release\mergeReleaseResources\drawable-xhdpi-v4\ic_call_answer_low.png
Compiling file C:\Users\dctm1\YongStudyApp\node_modules\@react-native-async-storage\async-storage\android\build\intermediates\merged_res\release\mergeReleaseResources\drawable-xhdpi-v4\ic_call_answer_low.png to C:\Users\dctm1\YongStudyApp\node_modules\@react-native-async-storage\async-storage\android\build\intermediates\verified_library_resources\release\verifyReleaseResources\compiled\drawable-xhdpi-v4_ic_call_answer_low.png.flat
Compiling xml file C:\Users\dctm1\YongStudyApp\node_modules\@react-native-async-storage\async-storage\android\build\intermediates\merged_res\release\mergeReleaseResources\drawable-anydpi-v21\ic_call_answer_video_low.xml to C:\Users\dctm1\YongStudyApp\node_modules\@react-native-async-storage\async-storage\android\build\intermediates\verified_library_resources\release\verifyReleaseResources\compiled\drawable-anydpi-v21_ic_call_answer_video_low.xml.flat
Compiling image file C:\Users\dctm1\YongStudyApp\node_modules\@react-native-async-storage\async-storage\android\build\intermediates\merged_res\release\mergeReleaseResources\drawable-xxhdpi-v4\abc_scrubber_control_off_mtrl_alpha.png
Compiling file C:\Users\dctm1\YongStudyApp\node_modules\@react-native-async-storage\async-storage\android\build\intermediates\merged_res\release\mergeReleaseResources\drawable-xxhdpi-v4\abc_scrubber_control_off_mtrl_alpha.png to C:\Users\dctm1\YongStudyApp\node_modules\@react-native-async-storage\async-storage\android\build\intermediates\verified_library_resources\release\verifyReleaseResources\compiled\drawable-xxhdpi-v4_abc_scrubber_control_off_mtrl_alpha.png.flat
Compiling image file C:\Users\dctm1\YongStudyApp\node_modules\@react-native-async-storage\async-storage\android\build\intermediates\merged_res\release\mergeReleaseResources\drawable-ldpi-v4\ic_call_answer.png
Compiling file C:\Users\dctm1\YongStudyApp\node_modules\@react-native-async-storage\async-storage\android\build\intermediates\merged_res\release\mergeReleaseResources\drawable-ldpi-v4\ic_call_answer.png to C:\Users\dctm1\YongStudyApp\node_modules\@react-native-async-storage\async-storage\android\build\intermediates\verified_library_resources\release\verifyReleaseResources\compiled\drawable-ldpi-v4_ic_call_answer.png.flat
Compiling XML table C:\Users\dctm1\YongStudyApp\node_modules\@react-native-async-storage\async-storage\android\build\intermediates\merged_res\release\mergeReleaseResources\values-vi\values-vi.xml to C:\Users\dctm1\YongStudyApp\node_modules\@react-native-async-storage\async-storage\android\build\intermediates\verified_library_resources\release\verifyReleaseResources\compiled\values-vi_values-vi.arsc.flat
Compiling image file C:\Users\dctm1\YongStudyApp\node_modules\@react-native-async-storage\async-storage\android\build\intermediates\merged_res\release\mergeReleaseResources\drawable-hdpi-v4\abc_text_select_handle_middle_mtrl.png
Compiling file C:\Users\dctm1\YongStudyApp\node_modules\@react-native-async-storage\async-storage\android\build\intermediates\merged_res\release\mergeReleaseResources\drawable-hdpi-v4\abc_text_select_handle_middle_mtrl.png to C:\Users\dctm1\YongStudyApp\node_modules\@react-native-async-storage\async-storage\android\build\intermediates\verified_library_resources\release\verifyReleaseResources\compiled\drawable-hdpi-v4_abc_text_select_handle_middle_mtrl.png.flat
Compiling image file C:\Users\dctm1\YongStudyApp\node_modules\@react-native-async-storage\async-storage\android\build\intermediates\merged_res\release\mergeReleaseResources\drawable-mdpi-v4\abc_scrubber_control_to_pressed_mtrl_000.png
Compiling file C:\Users\dctm1\YongStudyApp\node_modules\@react-native-async-storage\async-storage\android\build\intermediates\merged_res\release\mergeReleaseResources\drawable-mdpi-v4\abc_scrubber_control_to_pressed_mtrl_000.png to C:\Users\dctm1\YongStudyApp\node_modules\@react-native-async-storage\async-storage\android\build\intermediates\verified_library_resources\release\verifyReleaseResources\compiled\drawable-mdpi-v4_abc_scrubber_control_to_pressed_mtrl_000.png.flat
Compiling image file C:\Users\dctm1\YongStudyApp\node_modules\@react-native-async-storage\async-storage\android\build\intermediates\merged_res\release\mergeReleaseResources\drawable-xxhdpi-v4\ic_resume.png
Compiling file C:\Users\dctm1\YongStudyApp\node_modules\@react-native-async-storage\async-storage\android\build\intermediates\merged_res\release\mergeReleaseResources\drawable-xxhdpi-v4\ic_resume.png to C:\Users\dctm1\YongStudyApp\node_modules\@react-native-async-storage\async-storage\android\build\intermediates\verified_library_resources\release\verifyReleaseResources\compiled\drawable-xxhdpi-v4_ic_resume.png.flat
Compiling image file C:\Users\dctm1\YongStudyApp\node_modules\@react-native-async-storage\async-storage\android\build\intermediates\merged_res\release\mergeReleaseResources\drawable-ldpi-v4\ic_call_answer_low.png
Compiling file C:\Users\dctm1\YongStudyApp\node_modules\@react-native-async-storage\async-storage\android\build\intermediates\merged_res\release\mergeReleaseResources\drawable-ldpi-v4\ic_call_answer_low.png to C:\Users\dctm1\YongStudyApp\node_modules\@react-native-async-storage\async-storage\android\build\intermediates\verified_library_resources\release\verifyReleaseResources\compiled\drawable-ldpi-v4_ic_call_answer_low.png.flat
Compiling xml file C:\Users\dctm1\YongStudyApp\node_modules\@react-native-async-storage\async-storage\android\build\intermediates\merged_res\release\mergeReleaseResources\anim\abc_popup_exit.xml to C:\Users\dctm1\YongStudyApp\node_modules\@react-native-async-storage\async-storage\android\build\intermediates\verified_library_resources\release\verifyReleaseResources\compiled\anim_abc_popup_exit.xml.flat
Compiling image file C:\Users\dctm1\YongStudyApp\node_modules\@react-native-async-storage\async-storage\android\build\intermediates\merged_res\release\mergeReleaseResources\drawable-mdpi-v4\notify_panel_notification_icon_bg.png
Compiling file C:\Users\dctm1\YongStudyApp\node_modules\@react-native-async-storage\async-storage\android\build\intermediates\merged_res\release\mergeReleaseResources\drawable-mdpi-v4\notify_panel_notification_icon_bg.png to C:\Users\dctm1\YongStudyApp\node_modules\@react-native-async-storage\async-storage\android\build\intermediates\verified_library_resources\release\verifyReleaseResources\compiled\drawable-mdpi-v4_notify_panel_notification_icon_bg.png.flat
Compiling image file C:\Users\dctm1\YongStudyApp\node_modules\@react-native-async-storage\async-storage\android\build\intermediates\merged_res\release\mergeReleaseResources\drawable-xxxhdpi-v4\ic_call_answer_video_low.png
Compiling file C:\Users\dctm1\YongStudyApp\node_modules\@react-native-async-storage\async-storage\android\build\intermediates\merged_res\release\mergeReleaseResources\drawable-xxxhdpi-v4\ic_call_answer_video_low.png to C:\Users\dctm1\YongStudyApp\node_modules\@react-native-async-storage\async-storage\android\build\intermediates\verified_library_resources\release\verifyReleaseResources\compiled\drawable-xxxhdpi-v4_ic_call_answer_video_low.png.flat
Compiling image file C:\Users\dctm1\YongStudyApp\node_modules\@react-native-async-storage\async-storage\android\build\intermediates\merged_res\release\mergeReleaseResources\drawable-mdpi-v4\abc_scrubber_control_to_pressed_mtrl_005.png
Compiling xml file C:\Users\dctm1\YongStudyApp\node_modules\@react-native-async-storage\async-storage\android\build\intermediates\merged_res\release\mergeReleaseResources\anim\btn_checkbox_to_unchecked_check_path_merged_animation.xml to C:\Users\dctm1\YongStudyApp\node_modules\@react-native-async-storage\async-storage\android\build\intermediates\verified_library_resources\release\verifyReleaseResources\compiled\anim_btn_checkbox_to_unchecked_check_path_merged_animation.xml.flat
Compiling image file C:\Users\dctm1\YongStudyApp\node_modules\@react-native-async-storage\async-storage\android\build\intermediates\merged_res\release\mergeReleaseResources\drawable-xhdpi-v4\abc_btn_radio_to_on_mtrl_000.png
Compiling file C:\Users\dctm1\YongStudyApp\node_modules\@react-native-async-storage\async-storage\android\build\intermediates\merged_res\release\mergeReleaseResources\drawable-mdpi-v4\abc_scrubber_control_to_pressed_mtrl_005.png to C:\Users\dctm1\YongStudyApp\node_modules\@react-native-async-storage\async-storage\android\build\intermediates\verified_library_resources\release\verifyReleaseResources\compiled\drawable-mdpi-v4_abc_scrubber_control_to_pressed_mtrl_005.png.flat
Compiling file C:\Users\dctm1\YongStudyApp\node_modules\@react-native-async-storage\async-storage\android\build\intermediates\merged_res\release\mergeReleaseResources\drawable-xhdpi-v4\abc_btn_radio_to_on_mtrl_000.png to C:\Users\dctm1\YongStudyApp\node_modules\@react-native-async-storage\async-storage\android\build\intermediates\verified_library_resources\release\verifyReleaseResources\compiled\drawable-xhdpi-v4_abc_btn_radio_to_on_mtrl_000.png.flat
Compiling xml file C:\Users\dctm1\YongStudyApp\node_modules\@react-native-async-storage\async-storage\android\build\intermediates\merged_res\release\mergeReleaseResources\layout\abc_action_bar_up_container.xml to C:\Users\dctm1\YongStudyApp\node_modules\@react-native-async-storage\async-storage\android\build\intermediates\verified_library_resources\release\verifyReleaseResources\compiled\layout_abc_action_bar_up_container.xml.flat
Compiling image file C:\Users\dctm1\YongStudyApp\node_modules\@react-native-async-storage\async-storage\android\build\intermediates\merged_res\release\mergeReleaseResources\drawable-xhdpi-v4\ic_call_answer_video_low.png
Compiling xml file C:\Users\dctm1\YongStudyApp\node_modules\@react-native-async-storage\async-storage\android\build\intermediates\merged_res\release\mergeReleaseResources\drawable-v21\abc_action_bar_item_background_material.xml to C:\Users\dctm1\YongStudyApp\node_modules\@react-native-async-storage\async-storage\android\build\intermediates\verified_library_resources\release\verifyReleaseResources\compiled\drawable-v21_abc_action_bar_item_background_material.xml.flat
Compiling file C:\Users\dctm1\YongStudyApp\node_modules\@react-native-async-storage\async-storage\android\build\intermediates\merged_res\release\mergeReleaseResources\drawable-xhdpi-v4\ic_call_answer_video_low.png to C:\Users\dctm1\YongStudyApp\node_modules\@react-native-async-storage\async-storage\android\build\intermediates\verified_library_resources\release\verifyReleaseResources\compiled\drawable-xhdpi-v4_ic_call_answer_video_low.png.flat
Compiling image file C:\Users\dctm1\YongStudyApp\node_modules\@react-native-async-storage\async-storage\android\build\intermediates\merged_res\release\mergeReleaseResources\drawable-xhdpi-v4\abc_btn_radio_to_on_mtrl_015.png
Compiling file C:\Users\dctm1\YongStudyApp\node_modules\@react-native-async-storage\async-storage\android\build\intermediates\merged_res\release\mergeReleaseResources\drawable-xhdpi-v4\abc_btn_radio_to_on_mtrl_015.png to C:\Users\dctm1\YongStudyApp\node_modules\@react-native-async-storage\async-storage\android\build\intermediates\verified_library_resources\release\verifyReleaseResources\compiled\drawable-xhdpi-v4_abc_btn_radio_to_on_mtrl_015.png.flat
Compiling image file C:\Users\dctm1\YongStudyApp\node_modules\@react-native-async-storage\async-storage\android\build\intermediates\merged_res\release\mergeReleaseResources\drawable-xxhdpi-v4\abc_scrubber_control_to_pressed_mtrl_005.png
Compiling file C:\Users\dctm1\YongStudyApp\node_modules\@react-native-async-storage\async-storage\android\build\intermediates\merged_res\release\mergeReleaseResources\drawable-xxhdpi-v4\abc_scrubber_control_to_pressed_mtrl_005.png to C:\Users\dctm1\YongStudyApp\node_modules\@react-native-async-storage\async-storage\android\build\intermediates\verified_library_resources\release\verifyReleaseResources\compiled\drawable-xxhdpi-v4_abc_scrubber_control_to_pressed_mtrl_005.png.flat
Compiling image file C:\Users\dctm1\YongStudyApp\node_modules\@react-native-async-storage\async-storage\android\build\intermediates\merged_res\release\mergeReleaseResources\drawable-xhdpi-v4\ic_call_decline.png
Compiling file C:\Users\dctm1\YongStudyApp\node_modules\@react-native-async-storage\async-storage\android\build\intermediates\merged_res\release\mergeReleaseResources\drawable-xhdpi-v4\ic_call_decline.png to C:\Users\dctm1\YongStudyApp\node_modules\@react-native-async-storage\async-storage\android\build\intermediates\verified_library_resources\release\verifyReleaseResources\compiled\drawable-xhdpi-v4_ic_call_decline.png.flat
Compiling image file C:\Users\dctm1\YongStudyApp\node_modules\@react-native-async-storage\async-storage\android\build\intermediates\merged_res\release\mergeReleaseResources\drawable-xxxhdpi-v4\abc_btn_check_to_on_mtrl_015.png
Compiling file C:\Users\dctm1\YongStudyApp\node_modules\@react-native-async-storage\async-storage\android\build\intermediates\merged_res\release\mergeReleaseResources\drawable-xxxhdpi-v4\abc_btn_check_to_on_mtrl_015.png to C:\Users\dctm1\YongStudyApp\node_modules\@react-native-async-storage\async-storage\android\build\intermediates\verified_library_resources\release\verifyReleaseResources\compiled\drawable-xxxhdpi-v4_abc_btn_check_to_on_mtrl_015.png.flat
Compiling image file C:\Users\dctm1\YongStudyApp\node_modules\@react-native-async-storage\async-storage\android\build\intermediates\merged_res\release\mergeReleaseResources\drawable-xxhdpi-v4\abc_text_select_handle_left_mtrl.png
Compiling file C:\Users\dctm1\YongStudyApp\node_modules\@react-native-async-storage\async-storage\android\build\intermediates\merged_res\release\mergeReleaseResources\drawable-xxhdpi-v4\abc_text_select_handle_left_mtrl.png to C:\Users\dctm1\YongStudyApp\node_modules\@react-native-async-storage\async-storage\android\build\intermediates\verified_library_resources\release\verifyReleaseResources\compiled\drawable-xxhdpi-v4_abc_text_select_handle_left_mtrl.png.flat
Compiling image file C:\Users\dctm1\YongStudyApp\node_modules\@react-native-async-storage\async-storage\android\build\intermediates\merged_res\release\mergeReleaseResources\drawable-xxxhdpi-v4\ic_call_decline_low.png
Compiling file C:\Users\dctm1\YongStudyApp\node_modules\@react-native-async-storage\async-storage\android\build\intermediates\merged_res\release\mergeReleaseResources\drawable-xxxhdpi-v4\ic_call_decline_low.png to C:\Users\dctm1\YongStudyApp\node_modules\@react-native-async-storage\async-storage\android\build\intermediates\verified_library_resources\release\verifyReleaseResources\compiled\drawable-xxxhdpi-v4_ic_call_decline_low.png.flat
Compiling image file C:\Users\dctm1\YongStudyApp\node_modules\@react-native-async-storage\async-storage\android\build\intermediates\merged_res\release\mergeReleaseResources\drawable-xxxhdpi-v4\abc_btn_radio_to_on_mtrl_000.png
Compiling file C:\Users\dctm1\YongStudyApp\node_modules\@react-native-async-storage\async-storage\android\build\intermediates\merged_res\release\mergeReleaseResources\drawable-xxxhdpi-v4\abc_btn_radio_to_on_mtrl_000.png to C:\Users\dctm1\YongStudyApp\node_modules\@react-native-async-storage\async-storage\android\build\intermediates\verified_library_resources\release\verifyReleaseResources\compiled\drawable-xxxhdpi-v4_abc_btn_radio_to_on_mtrl_000.png.flat
Compiling xml file C:\Users\dctm1\YongStudyApp\node_modules\@react-native-async-storage\async-storage\android\build\intermediates\merged_res\release\mergeReleaseResources\layout\abc_action_menu_layout.xml to C:\Users\dctm1\YongStudyApp\node_modules\@react-native-async-storage\async-storage\android\build\intermediates\verified_library_resources\release\verifyReleaseResources\compiled\layout_abc_action_menu_layout.xml.flat
Compiling xml file C:\Users\dctm1\YongStudyApp\node_modules\@react-native-async-storage\async-storage\android\build\intermediates\merged_res\release\mergeReleaseResources\anim\catalyst_slide_down.xml to C:\Users\dctm1\YongStudyApp\node_modules\@react-native-async-storage\async-storage\android\build\intermediates\verified_library_resources\release\verifyReleaseResources\compiled\anim_catalyst_slide_down.xml.flat
Compiling xml file C:\Users\dctm1\YongStudyApp\node_modules\@react-native-async-storage\async-storage\android\build\intermediates\merged_res\release\mergeReleaseResources\layout\abc_list_menu_item_icon.xml to C:\Users\dctm1\YongStudyApp\node_modules\@react-native-async-storage\async-storage\android\build\intermediates\verified_library_resources\release\verifyReleaseResources\compiled\layout_abc_list_menu_item_icon.xml.flat
Compiling image file C:\Users\dctm1\YongStudyApp\node_modules\@react-native-async-storage\async-storage\android\build\intermediates\merged_res\release\mergeReleaseResources\drawable-xxxhdpi-v4\ic_resume.png
Compiling file C:\Users\dctm1\YongStudyApp\node_modules\@react-native-async-storage\async-storage\android\build\intermediates\merged_res\release\mergeReleaseResources\drawable-xxxhdpi-v4\ic_resume.png to C:\Users\dctm1\YongStudyApp\node_modules\@react-native-async-storage\async-storage\android\build\intermediates\verified_library_resources\release\verifyReleaseResources\compiled\drawable-xxxhdpi-v4_ic_resume.png.flat
Compiling xml file C:\Users\dctm1\YongStudyApp\node_modules\@react-native-async-storage\async-storage\android\build\intermediates\merged_res\release\mergeReleaseResources\layout\abc_expanded_menu_layout.xml to C:\Users\dctm1\YongStudyApp\node_modules\@react-native-async-storage\async-storage\android\build\intermediates\verified_library_resources\release\verifyReleaseResources\compiled\layout_abc_expanded_menu_layout.xml.flat
Compiling xml file C:\Users\dctm1\YongStudyApp\node_modules\@react-native-async-storage\async-storage\android\build\intermediates\merged_res\release\mergeReleaseResources\color\abc_hint_foreground_material_light.xml to C:\Users\dctm1\YongStudyApp\node_modules\@react-native-async-storage\async-storage\android\build\intermediates\verified_library_resources\release\verifyReleaseResources\compiled\color_abc_hint_foreground_material_light.xml.flat
Compiling xml file C:\Users\dctm1\YongStudyApp\node_modules\@react-native-async-storage\async-storage\android\build\intermediates\merged_res\release\mergeReleaseResources\layout\abc_search_view.xml to C:\Users\dctm1\YongStudyApp\node_modules\@react-native-async-storage\async-storage\android\build\intermediates\verified_library_resources\release\verifyReleaseResources\compiled\layout_abc_search_view.xml.flat
Compiling xml file C:\Users\dctm1\YongStudyApp\node_modules\@react-native-async-storage\async-storage\android\build\intermediates\merged_res\release\mergeReleaseResources\layout\abc_tooltip.xml to C:\Users\dctm1\YongStudyApp\node_modules\@react-native-async-storage\async-storage\android\build\intermediates\verified_library_resources\release\verifyReleaseResources\compiled\layout_abc_tooltip.xml.flat
Compiling xml file C:\Users\dctm1\YongStudyApp\node_modules\@react-native-async-storage\async-storage\android\build\intermediates\merged_res\release\mergeReleaseResources\layout\abc_action_mode_bar.xml to C:\Users\dctm1\YongStudyApp\node_modules\@react-native-async-storage\async-storage\android\build\intermediates\verified_library_resources\release\verifyReleaseResources\compiled\layout_abc_action_mode_bar.xml.flat
Compiling xml file C:\Users\dctm1\YongStudyApp\node_modules\@react-native-async-storage\async-storage\android\build\intermediates\merged_res\release\mergeReleaseResources\layout\paused_in_debugger_view.xml to C:\Users\dctm1\YongStudyApp\node_modules\@react-native-async-storage\async-storage\android\build\intermediates\verified_library_resources\release\verifyReleaseResources\compiled\layout_paused_in_debugger_view.xml.flat
Compiling xml file C:\Users\dctm1\YongStudyApp\node_modules\@react-native-async-storage\async-storage\android\build\intermediates\merged_res\release\mergeReleaseResources\color-v23\abc_color_highlight_material.xml to C:\Users\dctm1\YongStudyApp\node_modules\@react-native-async-storage\async-storage\android\build\intermediates\verified_library_resources\release\verifyReleaseResources\compiled\color-v23_abc_color_highlight_material.xml.flat
Compiling xml file C:\Users\dctm1\YongStudyApp\node_modules\@react-native-async-storage\async-storage\android\build\intermediates\merged_res\release\mergeReleaseResources\layout\abc_list_menu_item_layout.xml to C:\Users\dctm1\YongStudyApp\node_modules\@react-native-async-storage\async-storage\android\build\intermediates\verified_library_resources\release\verifyReleaseResources\compiled\layout_abc_list_menu_item_layout.xml.flat
Compiling xml file C:\Users\dctm1\YongStudyApp\node_modules\@react-native-async-storage\async-storage\android\build\intermediates\merged_res\release\mergeReleaseResources\drawable\abc_btn_radio_material_anim.xml to C:\Users\dctm1\YongStudyApp\node_modules\@react-native-async-storage\async-storage\android\build\intermediates\verified_library_resources\release\verifyReleaseResources\compiled\drawable_abc_btn_radio_material_anim.xml.flat
Compiling xml file C:\Users\dctm1\YongStudyApp\node_modules\@react-native-async-storage\async-storage\android\build\intermediates\merged_res\release\mergeReleaseResources\layout\redbox_item_title.xml to C:\Users\dctm1\YongStudyApp\node_modules\@react-native-async-storage\async-storage\android\build\intermediates\verified_library_resources\release\verifyReleaseResources\compiled\layout_redbox_item_title.xml.flat
Compiling xml file C:\Users\dctm1\YongStudyApp\node_modules\@react-native-async-storage\async-storage\android\build\intermediates\merged_res\release\mergeReleaseResources\layout-v26\abc_screen_toolbar.xml to C:\Users\dctm1\YongStudyApp\node_modules\@react-native-async-storage\async-storage\android\build\intermediates\verified_library_resources\release\verifyReleaseResources\compiled\layout-v26_abc_screen_toolbar.xml.flat
Compiling xml file C:\Users\dctm1\YongStudyApp\node_modules\@react-native-async-storage\async-storage\android\build\intermediates\merged_res\release\mergeReleaseResources\drawable\abc_ic_menu_share_mtrl_alpha.xml to C:\Users\dctm1\YongStudyApp\node_modules\@react-native-async-storage\async-storage\android\build\intermediates\verified_library_resources\release\verifyReleaseResources\compiled\drawable_abc_ic_menu_share_mtrl_alpha.xml.flat
Compiling xml file C:\Users\dctm1\YongStudyApp\node_modules\@react-native-async-storage\async-storage\android\build\intermediates\merged_res\release\mergeReleaseResources\layout\alert_title_layout.xml to C:\Users\dctm1\YongStudyApp\node_modules\@react-native-async-storage\async-storage\android\build\intermediates\verified_library_resources\release\verifyReleaseResources\compiled\layout_alert_title_layout.xml.flat
Compiling XML table C:\Users\dctm1\YongStudyApp\node_modules\@react-native-async-storage\async-storage\android\build\intermediates\merged_res\release\mergeReleaseResources\values-bn\values-bn.xml to C:\Users\dctm1\YongStudyApp\node_modules\@react-native-async-storage\async-storage\android\build\intermediates\verified_library_resources\release\verifyReleaseResources\compiled\values-bn_values-bn.arsc.flat
Compiling xml file C:\Users\dctm1\YongStudyApp\node_modules\@react-native-async-storage\async-storage\android\build\intermediates\merged_res\release\mergeReleaseResources\drawable\abc_seekbar_thumb_material.xml to C:\Users\dctm1\YongStudyApp\node_modules\@react-native-async-storage\async-storage\android\build\intermediates\verified_library_resources\release\verifyReleaseResources\compiled\drawable_abc_seekbar_thumb_material.xml.flat
Compiling xml file C:\Users\dctm1\YongStudyApp\node_modules\@react-native-async-storage\async-storage\android\build\intermediates\merged_res\release\mergeReleaseResources\layout\redbox_view.xml to C:\Users\dctm1\YongStudyApp\node_modules\@react-native-async-storage\async-storage\android\build\intermediates\verified_library_resources\release\verifyReleaseResources\compiled\layout_redbox_view.xml.flat
Compiling xml file C:\Users\dctm1\YongStudyApp\node_modules\@react-native-async-storage\async-storage\android\build\intermediates\merged_res\release\mergeReleaseResources\layout-watch-v20\abc_alert_dialog_title_material.xml to C:\Users\dctm1\YongStudyApp\node_modules\@react-native-async-storage\async-storage\android\build\intermediates\verified_library_resources\release\verifyReleaseResources\compiled\layout-watch-v20_abc_alert_dialog_title_material.xml.flat
Compiling XML table C:\Users\dctm1\YongStudyApp\node_modules\@react-native-async-storage\async-storage\android\build\intermediates\merged_res\release\mergeReleaseResources\values\values.xml to C:\Users\dctm1\YongStudyApp\node_modules\@react-native-async-storage\async-storage\android\build\intermediates\verified_library_resources\release\verifyReleaseResources\compiled\values_values.arsc.flat
Compiling xml file C:\Users\dctm1\YongStudyApp\node_modules\@react-native-async-storage\async-storage\android\build\intermediates\merged_res\release\mergeReleaseResources\drawable\btn_checkbox_checked_to_unchecked_mtrl_animation.xml to C:\Users\dctm1\YongStudyApp\node_modules\@react-native-async-storage\async-storage\android\build\intermediates\verified_library_resources\release\verifyReleaseResources\compiled\drawable_btn_checkbox_checked_to_unchecked_mtrl_animation.xml.flat
Compiling XML table C:\Users\dctm1\YongStudyApp\node_modules\@react-native-async-storage\async-storage\android\build\intermediates\merged_res\release\mergeReleaseResources\values-es\values-es.xml to C:\Users\dctm1\YongStudyApp\node_modules\@react-native-async-storage\async-storage\android\build\intermediates\verified_library_resources\release\verifyReleaseResources\compiled\values-es_values-es.arsc.flat
Compiling XML table C:\Users\dctm1\YongStudyApp\node_modules\@react-native-async-storage\async-storage\android\build\intermediates\merged_res\release\mergeReleaseResources\values-hdpi-v4\values-hdpi-v4.xml to C:\Users\dctm1\YongStudyApp\node_modules\@react-native-async-storage\async-storage\android\build\intermediates\verified_library_resources\release\verifyReleaseResources\compiled\values-hdpi-v4_values-hdpi-v4.arsc.flat
Compiling XML table C:\Users\dctm1\YongStudyApp\node_modules\@react-native-async-storage\async-storage\android\build\intermediates\merged_res\release\mergeReleaseResources\values-ca\values-ca.xml to C:\Users\dctm1\YongStudyApp\node_modules\@react-native-async-storage\async-storage\android\build\intermediates\verified_library_resources\release\verifyReleaseResources\compiled\values-ca_values-ca.arsc.flat
Compiling xml file C:\Users\dctm1\YongStudyApp\node_modules\@react-native-async-storage\async-storage\android\build\intermediates\merged_res\release\mergeReleaseResources\drawable\paused_in_debugger_dialog_background.xml to C:\Users\dctm1\YongStudyApp\node_modules\@react-native-async-storage\async-storage\android\build\intermediates\verified_library_resources\release\verifyReleaseResources\compiled\drawable_paused_in_debugger_dialog_background.xml.flat
Compiling image file C:\Users\dctm1\YongStudyApp\node_modules\@react-native-async-storage\async-storage\android\build\intermediates\merged_res\release\mergeReleaseResources\drawable-hdpi-v4\abc_btn_check_to_on_mtrl_000.png
Compiling file C:\Users\dctm1\YongStudyApp\node_modules\@react-native-async-storage\async-storage\android\build\intermediates\merged_res\release\mergeReleaseResources\drawable-hdpi-v4\abc_btn_check_to_on_mtrl_000.png to C:\Users\dctm1\YongStudyApp\node_modules\@react-native-async-storage\async-storage\android\build\intermediates\verified_library_resources\release\verifyReleaseResources\compiled\drawable-hdpi-v4_abc_btn_check_to_on_mtrl_000.png.flat
Compiling XML table C:\Users\dctm1\YongStudyApp\node_modules\@react-native-async-storage\async-storage\android\build\intermediates\merged_res\release\mergeReleaseResources\values-km\values-km.xml to C:\Users\dctm1\YongStudyApp\node_modules\@react-native-async-storage\async-storage\android\build\intermediates\verified_library_resources\release\verifyReleaseResources\compiled\values-km_values-km.arsc.flat
Compiling XML table C:\Users\dctm1\YongStudyApp\node_modules\@react-native-async-storage\async-storage\android\build\intermediates\merged_res\release\mergeReleaseResources\values-mn\values-mn.xml to C:\Users\dctm1\YongStudyApp\node_modules\@react-native-async-storage\async-storage\android\build\intermediates\verified_library_resources\release\verifyReleaseResources\compiled\values-mn_values-mn.arsc.flat
Compiling XML table C:\Users\dctm1\YongStudyApp\node_modules\@react-native-async-storage\async-storage\android\build\intermediates\merged_res\release\mergeReleaseResources\values-es-rUS\values-es-rUS.xml to C:\Users\dctm1\YongStudyApp\node_modules\@react-native-async-storage\async-storage\android\build\intermediates\verified_library_resources\release\verifyReleaseResources\compiled\values-es-rUS_values-es-rUS.arsc.flat
Compiling image file C:\Users\dctm1\YongStudyApp\node_modules\@react-native-async-storage\async-storage\android\build\intermediates\merged_res\release\mergeReleaseResources\drawable-hdpi-v4\ic_call_answer_low.png
Compiling file C:\Users\dctm1\YongStudyApp\node_modules\@react-native-async-storage\async-storage\android\build\intermediates\merged_res\release\mergeReleaseResources\drawable-hdpi-v4\ic_call_answer_low.png to C:\Users\dctm1\YongStudyApp\node_modules\@react-native-async-storage\async-storage\android\build\intermediates\verified_library_resources\release\verifyReleaseResources\compiled\drawable-hdpi-v4_ic_call_answer_low.png.flat
Compiling XML table C:\Users\dctm1\YongStudyApp\node_modules\@react-native-async-storage\async-storage\android\build\intermediates\merged_res\release\mergeReleaseResources\values-hr\values-hr.xml to C:\Users\dctm1\YongStudyApp\node_modules\@react-native-async-storage\async-storage\android\build\intermediates\verified_library_resources\release\verifyReleaseResources\compiled\values-hr_values-hr.arsc.flat
Compiling XML table C:\Users\dctm1\YongStudyApp\node_modules\@react-native-async-storage\async-storage\android\build\intermediates\merged_res\release\mergeReleaseResources\values-pt\values-pt.xml to C:\Users\dctm1\YongStudyApp\node_modules\@react-native-async-storage\async-storage\android\build\intermediates\verified_library_resources\release\verifyReleaseResources\compiled\values-pt_values-pt.arsc.flat
Compiling image file C:\Users\dctm1\YongStudyApp\node_modules\@react-native-async-storage\async-storage\android\build\intermediates\merged_res\release\mergeReleaseResources\drawable-ldpi-v4\ic_call_decline.png
Compiling file C:\Users\dctm1\YongStudyApp\node_modules\@react-native-async-storage\async-storage\android\build\intermediates\merged_res\release\mergeReleaseResources\drawable-ldpi-v4\ic_call_decline.png to C:\Users\dctm1\YongStudyApp\node_modules\@react-native-async-storage\async-storage\android\build\intermediates\verified_library_resources\release\verifyReleaseResources\compiled\drawable-ldpi-v4_ic_call_decline.png.flat
Compiling XML table C:\Users\dctm1\YongStudyApp\node_modules\@react-native-async-storage\async-storage\android\build\intermediates\merged_res\release\mergeReleaseResources\values-ko\values-ko.xml to C:\Users\dctm1\YongStudyApp\node_modules\@react-native-async-storage\async-storage\android\build\intermediates\verified_library_resources\release\verifyReleaseResources\compiled\values-ko_values-ko.arsc.flat
Compiling XML table C:\Users\dctm1\YongStudyApp\node_modules\@react-native-async-storage\async-storage\android\build\intermediates\merged_res\release\mergeReleaseResources\values-sw600dp-v13\values-sw600dp-v13.xml to C:\Users\dctm1\YongStudyApp\node_modules\@react-native-async-storage\async-storage\android\build\intermediates\verified_library_resources\release\verifyReleaseResources\compiled\values-sw600dp-v13_values-sw600dp-v13.arsc.flat
Compiling image file C:\Users\dctm1\YongStudyApp\node_modules\@react-native-async-storage\async-storage\android\build\intermediates\merged_res\release\mergeReleaseResources\drawable-mdpi-v4\abc_text_select_handle_right_mtrl.png
Compiling file C:\Users\dctm1\YongStudyApp\node_modules\@react-native-async-storage\async-storage\android\build\intermediates\merged_res\release\mergeReleaseResources\drawable-mdpi-v4\abc_text_select_handle_right_mtrl.png to C:\Users\dctm1\YongStudyApp\node_modules\@react-native-async-storage\async-storage\android\build\intermediates\verified_library_resources\release\verifyReleaseResources\compiled\drawable-mdpi-v4_abc_text_select_handle_right_mtrl.png.flat
Compiling xml file C:\Users\dctm1\YongStudyApp\node_modules\@react-native-async-storage\async-storage\android\build\intermediates\merged_res\release\mergeReleaseResources\drawable-v21\abc_edit_text_material.xml to C:\Users\dctm1\YongStudyApp\node_modules\@react-native-async-storage\async-storage\android\build\intermediates\verified_library_resources\release\verifyReleaseResources\compiled\drawable-v21_abc_edit_text_material.xml.flat
Compiling XML table C:\Users\dctm1\YongStudyApp\node_modules\@react-native-async-storage\async-storage\android\build\intermediates\merged_res\release\mergeReleaseResources\values-ms\values-ms.xml to C:\Users\dctm1\YongStudyApp\node_modules\@react-native-async-storage\async-storage\android\build\intermediates\verified_library_resources\release\verifyReleaseResources\compiled\values-ms_values-ms.arsc.flat
Compiling image file C:\Users\dctm1\YongStudyApp\node_modules\@react-native-async-storage\async-storage\android\build\intermediates\merged_res\release\mergeReleaseResources\drawable-xhdpi-v4\abc_scrubber_control_to_pressed_mtrl_000.png
Compiling file C:\Users\dctm1\YongStudyApp\node_modules\@react-native-async-storage\async-storage\android\build\intermediates\merged_res\release\mergeReleaseResources\drawable-xhdpi-v4\abc_scrubber_control_to_pressed_mtrl_000.png to C:\Users\dctm1\YongStudyApp\node_modules\@react-native-async-storage\async-storage\android\build\intermediates\verified_library_resources\release\verifyReleaseResources\compiled\drawable-xhdpi-v4_abc_scrubber_control_to_pressed_mtrl_000.png.flat
Compiling XML table C:\Users\dctm1\YongStudyApp\node_modules\@react-native-async-storage\async-storage\android\build\intermediates\merged_res\release\mergeReleaseResources\values-v21\values-v21.xml to C:\Users\dctm1\YongStudyApp\node_modules\@react-native-async-storage\async-storage\android\build\intermediates\verified_library_resources\release\verifyReleaseResources\compiled\values-v21_values-v21.arsc.flat
Compiling XML table C:\Users\dctm1\YongStudyApp\node_modules\@react-native-async-storage\async-storage\android\build\intermediates\merged_res\release\mergeReleaseResources\values-pt-rPT\values-pt-rPT.xml to C:\Users\dctm1\YongStudyApp\node_modules\@react-native-async-storage\async-storage\android\build\intermediates\verified_library_resources\release\verifyReleaseResources\compiled\values-pt-rPT_values-pt-rPT.arsc.flat
Compiling image file C:\Users\dctm1\YongStudyApp\node_modules\@react-native-async-storage\async-storage\android\build\intermediates\merged_res\release\mergeReleaseResources\drawable-xhdpi-v4\notify_panel_notification_icon_bg.png
Compiling file C:\Users\dctm1\YongStudyApp\node_modules\@react-native-async-storage\async-storage\android\build\intermediates\merged_res\release\mergeReleaseResources\drawable-xhdpi-v4\notify_panel_notification_icon_bg.png to C:\Users\dctm1\YongStudyApp\node_modules\@react-native-async-storage\async-storage\android\build\intermediates\verified_library_resources\release\verifyReleaseResources\compiled\drawable-xhdpi-v4_notify_panel_notification_icon_bg.png.flat
Compiling XML table C:\Users\dctm1\YongStudyApp\node_modules\@react-native-async-storage\async-storage\android\build\intermediates\merged_res\release\mergeReleaseResources\values-zh-rHK\values-zh-rHK.xml to C:\Users\dctm1\YongStudyApp\node_modules\@react-native-async-storage\async-storage\android\build\intermediates\verified_library_resources\release\verifyReleaseResources\compiled\values-zh-rHK_values-zh-rHK.arsc.flat
Compiling image file C:\Users\dctm1\YongStudyApp\node_modules\@react-native-async-storage\async-storage\android\build\intermediates\merged_res\release\mergeReleaseResources\drawable-xxhdpi-v4\ic_call_answer.png
Compiling file C:\Users\dctm1\YongStudyApp\node_modules\@react-native-async-storage\async-storage\android\build\intermediates\merged_res\release\mergeReleaseResources\drawable-xxhdpi-v4\ic_call_answer.png to C:\Users\dctm1\YongStudyApp\node_modules\@react-native-async-storage\async-storage\android\build\intermediates\verified_library_resources\release\verifyReleaseResources\compiled\drawable-xxhdpi-v4_ic_call_answer.png.flat
Compiling XML table C:\Users\dctm1\YongStudyApp\node_modules\@react-native-async-storage\async-storage\android\build\intermediates\merged_res\release\mergeReleaseResources\values-cs\values-cs.xml to C:\Users\dctm1\YongStudyApp\node_modules\@react-native-async-storage\async-storage\android\build\intermediates\verified_library_resources\release\verifyReleaseResources\compiled\values-cs_values-cs.arsc.flat
Compiling image file C:\Users\dctm1\YongStudyApp\node_modules\@react-native-async-storage\async-storage\android\build\intermediates\merged_res\release\mergeReleaseResources\drawable-xxxhdpi-v4\abc_scrubber_control_to_pressed_mtrl_005.png
Compiling file C:\Users\dctm1\YongStudyApp\node_modules\@react-native-async-storage\async-storage\android\build\intermediates\merged_res\release\mergeReleaseResources\drawable-xxxhdpi-v4\abc_scrubber_control_to_pressed_mtrl_005.png to C:\Users\dctm1\YongStudyApp\node_modules\@react-native-async-storage\async-storage\android\build\intermediates\verified_library_resources\release\verifyReleaseResources\compiled\drawable-xxxhdpi-v4_abc_scrubber_control_to_pressed_mtrl_005.png.flat
Compiling XML table C:\Users\dctm1\YongStudyApp\node_modules\@react-native-async-storage\async-storage\android\build\intermediates\merged_res\release\mergeReleaseResources\values-et\values-et.xml to C:\Users\dctm1\YongStudyApp\node_modules\@react-native-async-storage\async-storage\android\build\intermediates\verified_library_resources\release\verifyReleaseResources\compiled\values-et_values-et.arsc.flat
Compiling XML table C:\Users\dctm1\YongStudyApp\node_modules\@react-native-async-storage\async-storage\android\build\intermediates\merged_res\release\mergeReleaseResources\values-te\values-te.xml to C:\Users\dctm1\YongStudyApp\node_modules\@react-native-async-storage\async-storage\android\build\intermediates\verified_library_resources\release\verifyReleaseResources\compiled\values-te_values-te.arsc.flat
Compiling xml file C:\Users\dctm1\YongStudyApp\node_modules\@react-native-async-storage\async-storage\android\build\intermediates\merged_res\release\mergeReleaseResources\interpolator\btn_checkbox_unchecked_mtrl_animation_interpolator_0.xml to C:\Users\dctm1\YongStudyApp\node_modules\@react-native-async-storage\async-storage\android\build\intermediates\verified_library_resources\release\verifyReleaseResources\compiled\interpolator_btn_checkbox_unchecked_mtrl_animation_interpolator_0.xml.flat
Compiling xml file C:\Users\dctm1\YongStudyApp\node_modules\@react-native-async-storage\async-storage\android\build\intermediates\merged_res\release\mergeReleaseResources\layout\abc_activity_chooser_view_list_item.xml to C:\Users\dctm1\YongStudyApp\node_modules\@react-native-async-storage\async-storage\android\build\intermediates\verified_library_resources\release\verifyReleaseResources\compiled\layout_abc_activity_chooser_view_list_item.xml.flat
Compiling XML table C:\Users\dctm1\YongStudyApp\node_modules\@react-native-async-storage\async-storage\android\build\intermediates\merged_res\release\mergeReleaseResources\values-hu\values-hu.xml to C:\Users\dctm1\YongStudyApp\node_modules\@react-native-async-storage\async-storage\android\build\intermediates\verified_library_resources\release\verifyReleaseResources\compiled\values-hu_values-hu.arsc.flat
Compiling XML table C:\Users\dctm1\YongStudyApp\node_modules\@react-native-async-storage\async-storage\android\build\intermediates\merged_res\release\mergeReleaseResources\values-v23\values-v23.xml to C:\Users\dctm1\YongStudyApp\node_modules\@react-native-async-storage\async-storage\android\build\intermediates\verified_library_resources\release\verifyReleaseResources\compiled\values-v23_values-v23.arsc.flat
Compiling xml file C:\Users\dctm1\YongStudyApp\node_modules\@react-native-async-storage\async-storage\android\build\intermediates\merged_res\release\mergeReleaseResources\layout\abc_popup_menu_item_layout.xml to C:\Users\dctm1\YongStudyApp\node_modules\@react-native-async-storage\async-storage\android\build\intermediates\verified_library_resources\release\verifyReleaseResources\compiled\layout_abc_popup_menu_item_layout.xml.flat
Compiling XML table C:\Users\dctm1\YongStudyApp\node_modules\@react-native-async-storage\async-storage\android\build\intermediates\merged_res\release\mergeReleaseResources\values-ky\values-ky.xml to C:\Users\dctm1\YongStudyApp\node_modules\@react-native-async-storage\async-storage\android\build\intermediates\verified_library_resources\release\verifyReleaseResources\compiled\values-ky_values-ky.arsc.flat
Compiling XML table C:\Users\dctm1\YongStudyApp\node_modules\@react-native-async-storage\async-storage\android\build\intermediates\merged_res\release\mergeReleaseResources\values-zu\values-zu.xml to C:\Users\dctm1\YongStudyApp\node_modules\@react-native-async-storage\async-storage\android\build\intermediates\verified_library_resources\release\verifyReleaseResources\compiled\values-zu_values-zu.arsc.flat
Compiling xml file C:\Users\dctm1\YongStudyApp\node_modules\@react-native-async-storage\async-storage\android\build\intermediates\merged_res\release\mergeReleaseResources\layout\dev_loading_view.xml to C:\Users\dctm1\YongStudyApp\node_modules\@react-native-async-storage\async-storage\android\build\intermediates\verified_library_resources\release\verifyReleaseResources\compiled\layout_dev_loading_view.xml.flat
Compiling XML table C:\Users\dctm1\YongStudyApp\node_modules\@react-native-async-storage\async-storage\android\build\intermediates\merged_res\release\mergeReleaseResources\values-my\values-my.xml to C:\Users\dctm1\YongStudyApp\node_modules\@react-native-async-storage\async-storage\android\build\intermediates\verified_library_resources\release\verifyReleaseResources\compiled\values-my_values-my.arsc.flat
Compiling xml file C:\Users\dctm1\YongStudyApp\node_modules\@react-native-async-storage\async-storage\android\build\intermediates\merged_res\release\mergeReleaseResources\layout\select_dialog_singlechoice_material.xml to C:\Users\dctm1\YongStudyApp\node_modules\@react-native-async-storage\async-storage\android\build\intermediates\verified_library_resources\release\verifyReleaseResources\compiled\layout_select_dialog_singlechoice_material.xml.flat
Compiling XML table C:\Users\dctm1\YongStudyApp\node_modules\@react-native-async-storage\async-storage\android\build\intermediates\merged_res\release\mergeReleaseResources\values-ro\values-ro.xml to C:\Users\dctm1\YongStudyApp\node_modules\@react-native-async-storage\async-storage\android\build\intermediates\verified_library_resources\release\verifyReleaseResources\compiled\values-ro_values-ro.arsc.flat
Compiling XML table C:\Users\dctm1\YongStudyApp\node_modules\@react-native-async-storage\async-storage\android\build\intermediates\merged_res\release\mergeReleaseResources\values-ar\values-ar.xml to C:\Users\dctm1\YongStudyApp\node_modules\@react-native-async-storage\async-storage\android\build\intermediates\verified_library_resources\release\verifyReleaseResources\compiled\values-ar_values-ar.arsc.flat
Compiling XML table C:\Users\dctm1\YongStudyApp\node_modules\@react-native-async-storage\async-storage\android\build\intermediates\merged_res\release\mergeReleaseResources\values-th\values-th.xml to C:\Users\dctm1\YongStudyApp\node_modules\@react-native-async-storage\async-storage\android\build\intermediates\verified_library_resources\release\verifyReleaseResources\compiled\values-th_values-th.arsc.flat
Compiling XML table C:\Users\dctm1\YongStudyApp\node_modules\@react-native-async-storage\async-storage\android\build\intermediates\merged_res\release\mergeReleaseResources\values-el\values-el.xml to C:\Users\dctm1\YongStudyApp\node_modules\@react-native-async-storage\async-storage\android\build\intermediates\verified_library_resources\release\verifyReleaseResources\compiled\values-el_values-el.arsc.flat
Compiling XML table C:\Users\dctm1\YongStudyApp\node_modules\@react-native-async-storage\async-storage\android\build\intermediates\merged_res\release\mergeReleaseResources\values-v24\values-v24.xml to C:\Users\dctm1\YongStudyApp\node_modules\@react-native-async-storage\async-storage\android\build\intermediates\verified_library_resources\release\verifyReleaseResources\compiled\values-v24_values-v24.arsc.flat
Compiling XML table C:\Users\dctm1\YongStudyApp\node_modules\@react-native-async-storage\async-storage\android\build\intermediates\merged_res\release\mergeReleaseResources\values-fi\values-fi.xml to C:\Users\dctm1\YongStudyApp\node_modules\@react-native-async-storage\async-storage\android\build\intermediates\verified_library_resources\release\verifyReleaseResources\compiled\values-fi_values-fi.arsc.flat
Compiling xml file C:\Users\dctm1\YongStudyApp\node_modules\@react-native-async-storage\async-storage\android\build\intermediates\merged_res\release\mergeReleaseResources\xml\rn_dev_preferences.xml to C:\Users\dctm1\YongStudyApp\node_modules\@react-native-async-storage\async-storage\android\build\intermediates\verified_library_resources\release\verifyReleaseResources\compiled\xml_rn_dev_preferences.xml.flat
Compiling XML table C:\Users\dctm1\YongStudyApp\node_modules\@react-native-async-storage\async-storage\android\build\intermediates\merged_res\release\mergeReleaseResources\values-is\values-is.xml to C:\Users\dctm1\YongStudyApp\node_modules\@react-native-async-storage\async-storage\android\build\intermediates\verified_library_resources\release\verifyReleaseResources\compiled\values-is_values-is.arsc.flat
Compiling XML table C:\Users\dctm1\YongStudyApp\node_modules\@react-native-async-storage\async-storage\android\build\intermediates\merged_res\release\mergeReleaseResources\values-ldltr-v21\values-ldltr-v21.xml to C:\Users\dctm1\YongStudyApp\node_modules\@react-native-async-storage\async-storage\android\build\intermediates\verified_library_resources\release\verifyReleaseResources\compiled\values-ldltr-v21_values-ldltr-v21.arsc.flat
Compiling XML table C:\Users\dctm1\YongStudyApp\node_modules\@react-native-async-storage\async-storage\android\build\intermediates\merged_res\release\mergeReleaseResources\values-night-v8\values-night-v8.xml to C:\Users\dctm1\YongStudyApp\node_modules\@react-native-async-storage\async-storage\android\build\intermediates\verified_library_resources\release\verifyReleaseResources\compiled\values-night-v8_values-night-v8.arsc.flat
Compiling XML table C:\Users\dctm1\YongStudyApp\node_modules\@react-native-async-storage\async-storage\android\build\intermediates\merged_res\release\mergeReleaseResources\values-sk\values-sk.xml to C:\Users\dctm1\YongStudyApp\node_modules\@react-native-async-storage\async-storage\android\build\intermediates\verified_library_resources\release\verifyReleaseResources\compiled\values-sk_values-sk.arsc.flat
Compiling XML table C:\Users\dctm1\YongStudyApp\node_modules\@react-native-async-storage\async-storage\android\build\intermediates\merged_res\release\mergeReleaseResources\values-uk\values-uk.xml to C:\Users\dctm1\YongStudyApp\node_modules\@react-native-async-storage\async-storage\android\build\intermediates\verified_library_resources\release\verifyReleaseResources\compiled\values-uk_values-uk.arsc.flat
Compiling XML table C:\Users\dctm1\YongStudyApp\node_modules\@react-native-async-storage\async-storage\android\build\intermediates\merged_res\release\mergeReleaseResources\values-v28\values-v28.xml to C:\Users\dctm1\YongStudyApp\node_modules\@react-native-async-storage\async-storage\android\build\intermediates\verified_library_resources\release\verifyReleaseResources\compiled\values-v28_values-v28.arsc.flat
Compiling xml file C:\Users\dctm1\YongStudyApp\node_modules\@react-native-async-storage\async-storage\android\build\intermediates\merged_res\release\mergeReleaseResources\anim\abc_popup_enter.xml to C:\Users\dctm1\YongStudyApp\node_modules\@react-native-async-storage\async-storage\android\build\intermediates\verified_library_resources\release\verifyReleaseResources\compiled\anim_abc_popup_enter.xml.flat
Compiling xml file C:\Users\dctm1\YongStudyApp\node_modules\@react-native-async-storage\async-storage\android\build\intermediates\merged_res\release\mergeReleaseResources\anim\btn_checkbox_to_unchecked_box_inner_merged_animation.xml to C:\Users\dctm1\YongStudyApp\node_modules\@react-native-async-storage\async-storage\android\build\intermediates\verified_library_resources\release\verifyReleaseResources\compiled\anim_btn_checkbox_to_unchecked_box_inner_merged_animation.xml.flat
Compiling xml file C:\Users\dctm1\YongStudyApp\node_modules\@react-native-async-storage\async-storage\android\build\intermediates\merged_res\release\mergeReleaseResources\anim\catalyst_push_up_out.xml to C:\Users\dctm1\YongStudyApp\node_modules\@react-native-async-storage\async-storage\android\build\intermediates\verified_library_resources\release\verifyReleaseResources\compiled\anim_catalyst_push_up_out.xml.flat
Compiling xml file C:\Users\dctm1\YongStudyApp\node_modules\@react-native-async-storage\async-storage\android\build\intermediates\merged_res\release\mergeReleaseResources\color\abc_hint_foreground_material_dark.xml to C:\Users\dctm1\YongStudyApp\node_modules\@react-native-async-storage\async-storage\android\build\intermediates\verified_library_resources\release\verifyReleaseResources\compiled\color_abc_hint_foreground_material_dark.xml.flat
Compiling xml file C:\Users\dctm1\YongStudyApp\node_modules\@react-native-async-storage\async-storage\android\build\intermediates\merged_res\release\mergeReleaseResources\color-v23\abc_btn_colored_text_material.xml to C:\Users\dctm1\YongStudyApp\node_modules\@react-native-async-storage\async-storage\android\build\intermediates\verified_library_resources\release\verifyReleaseResources\compiled\color-v23_abc_btn_colored_text_material.xml.flat
Compiling xml file C:\Users\dctm1\YongStudyApp\node_modules\@react-native-async-storage\async-storage\android\build\intermediates\merged_res\release\mergeReleaseResources\drawable\abc_btn_radio_material.xml to C:\Users\dctm1\YongStudyApp\node_modules\@react-native-async-storage\async-storage\android\build\intermediates\verified_library_resources\release\verifyReleaseResources\compiled\drawable_abc_btn_radio_material.xml.flat
Compiling xml file C:\Users\dctm1\YongStudyApp\node_modules\@react-native-async-storage\async-storage\android\build\intermediates\merged_res\release\mergeReleaseResources\drawable\abc_ic_menu_selectall_mtrl_alpha.xml to C:\Users\dctm1\YongStudyApp\node_modules\@react-native-async-storage\async-storage\android\build\intermediates\verified_library_resources\release\verifyReleaseResources\compiled\drawable_abc_ic_menu_selectall_mtrl_alpha.xml.flat
Compiling xml file C:\Users\dctm1\YongStudyApp\node_modules\@react-native-async-storage\async-storage\android\build\intermediates\merged_res\release\mergeReleaseResources\drawable\abc_ratingbar_small_material.xml to C:\Users\dctm1\YongStudyApp\node_modules\@react-native-async-storage\async-storage\android\build\intermediates\verified_library_resources\release\verifyReleaseResources\compiled\drawable_abc_ratingbar_small_material.xml.flat
Compiling xml file C:\Users\dctm1\YongStudyApp\node_modules\@react-native-async-storage\async-storage\android\build\intermediates\merged_res\release\mergeReleaseResources\drawable\btn_checkbox_checked_mtrl.xml to C:\Users\dctm1\YongStudyApp\node_modules\@react-native-async-storage\async-storage\android\build\intermediates\verified_library_resources\release\verifyReleaseResources\compiled\drawable_btn_checkbox_checked_mtrl.xml.flat
Compiling xml file C:\Users\dctm1\YongStudyApp\node_modules\@react-native-async-storage\async-storage\android\build\intermediates\merged_res\release\mergeReleaseResources\drawable\paused_in_debugger_background.xml to C:\Users\dctm1\YongStudyApp\node_modules\@react-native-async-storage\async-storage\android\build\intermediates\verified_library_resources\release\verifyReleaseResources\compiled\drawable_paused_in_debugger_background.xml.flat
Compiling xml file C:\Users\dctm1\YongStudyApp\node_modules\@react-native-async-storage\async-storage\android\build\intermediates\merged_res\release\mergeReleaseResources\drawable-anydpi-v21\ic_call_decline_low.xml to C:\Users\dctm1\YongStudyApp\node_modules\@react-native-async-storage\async-storage\android\build\intermediates\verified_library_resources\release\verifyReleaseResources\compiled\drawable-anydpi-v21_ic_call_decline_low.xml.flat
Compiling image file C:\Users\dctm1\YongStudyApp\node_modules\@react-native-async-storage\async-storage\android\build\intermediates\merged_res\release\mergeReleaseResources\drawable-hdpi-v4\ic_call_answer.png
Compiling file C:\Users\dctm1\YongStudyApp\node_modules\@react-native-async-storage\async-storage\android\build\intermediates\merged_res\release\mergeReleaseResources\drawable-hdpi-v4\ic_call_answer.png to C:\Users\dctm1\YongStudyApp\node_modules\@react-native-async-storage\async-storage\android\build\intermediates\verified_library_resources\release\verifyReleaseResources\compiled\drawable-hdpi-v4_ic_call_answer.png.flat
Compiling image file C:\Users\dctm1\YongStudyApp\node_modules\@react-native-async-storage\async-storage\android\build\intermediates\merged_res\release\mergeReleaseResources\drawable-ldpi-v4\ic_call_answer_video_low.png
Compiling file C:\Users\dctm1\YongStudyApp\node_modules\@react-native-async-storage\async-storage\android\build\intermediates\merged_res\release\mergeReleaseResources\drawable-ldpi-v4\ic_call_answer_video_low.png to C:\Users\dctm1\YongStudyApp\node_modules\@react-native-async-storage\async-storage\android\build\intermediates\verified_library_resources\release\verifyReleaseResources\compiled\drawable-ldpi-v4_ic_call_answer_video_low.png.flat
Compiling image file C:\Users\dctm1\YongStudyApp\node_modules\@react-native-async-storage\async-storage\android\build\intermediates\merged_res\release\mergeReleaseResources\drawable-mdpi-v4\abc_text_select_handle_middle_mtrl.png
Compiling file C:\Users\dctm1\YongStudyApp\node_modules\@react-native-async-storage\async-storage\android\build\intermediates\merged_res\release\mergeReleaseResources\drawable-mdpi-v4\abc_text_select_handle_middle_mtrl.png to C:\Users\dctm1\YongStudyApp\node_modules\@react-native-async-storage\async-storage\android\build\intermediates\verified_library_resources\release\verifyReleaseResources\compiled\drawable-mdpi-v4_abc_text_select_handle_middle_mtrl.png.flat
Compiling xml file C:\Users\dctm1\YongStudyApp\node_modules\@react-native-async-storage\async-storage\android\build\intermediates\merged_res\release\mergeReleaseResources\drawable-v21\abc_dialog_material_background.xml to C:\Users\dctm1\YongStudyApp\node_modules\@react-native-async-storage\async-storage\android\build\intermediates\verified_library_resources\release\verifyReleaseResources\compiled\drawable-v21_abc_dialog_material_background.xml.flat
Compiling image file C:\Users\dctm1\YongStudyApp\node_modules\@react-native-async-storage\async-storage\android\build\intermediates\merged_res\release\mergeReleaseResources\drawable-xhdpi-v4\abc_scrubber_control_off_mtrl_alpha.png
Compiling file C:\Users\dctm1\YongStudyApp\node_modules\@react-native-async-storage\async-storage\android\build\intermediates\merged_res\release\mergeReleaseResources\drawable-xhdpi-v4\abc_scrubber_control_off_mtrl_alpha.png to C:\Users\dctm1\YongStudyApp\node_modules\@react-native-async-storage\async-storage\android\build\intermediates\verified_library_resources\release\verifyReleaseResources\compiled\drawable-xhdpi-v4_abc_scrubber_control_off_mtrl_alpha.png.flat
Compiling image file C:\Users\dctm1\YongStudyApp\node_modules\@react-native-async-storage\async-storage\android\build\intermediates\merged_res\release\mergeReleaseResources\drawable-xhdpi-v4\ic_resume.png
Compiling file C:\Users\dctm1\YongStudyApp\node_modules\@react-native-async-storage\async-storage\android\build\intermediates\merged_res\release\mergeReleaseResources\drawable-xhdpi-v4\ic_resume.png to C:\Users\dctm1\YongStudyApp\node_modules\@react-native-async-storage\async-storage\android\build\intermediates\verified_library_resources\release\verifyReleaseResources\compiled\drawable-xhdpi-v4_ic_resume.png.flat
Compiling image file C:\Users\dctm1\YongStudyApp\node_modules\@react-native-async-storage\async-storage\android\build\intermediates\merged_res\release\mergeReleaseResources\drawable-xxhdpi-v4\abc_text_select_handle_right_mtrl.png
Compiling file C:\Users\dctm1\YongStudyApp\node_modules\@react-native-async-storage\async-storage\android\build\intermediates\merged_res\release\mergeReleaseResources\drawable-xxhdpi-v4\abc_text_select_handle_right_mtrl.png to C:\Users\dctm1\YongStudyApp\node_modules\@react-native-async-storage\async-storage\android\build\intermediates\verified_library_resources\release\verifyReleaseResources\compiled\drawable-xxhdpi-v4_abc_text_select_handle_right_mtrl.png.flat
Compiling image file C:\Users\dctm1\YongStudyApp\node_modules\@react-native-async-storage\async-storage\android\build\intermediates\merged_res\release\mergeReleaseResources\drawable-xxxhdpi-v4\abc_scrubber_control_to_pressed_mtrl_000.png
Compiling file C:\Users\dctm1\YongStudyApp\node_modules\@react-native-async-storage\async-storage\android\build\intermediates\merged_res\release\mergeReleaseResources\drawable-xxxhdpi-v4\abc_scrubber_control_to_pressed_mtrl_000.png to C:\Users\dctm1\YongStudyApp\node_modules\@react-native-async-storage\async-storage\android\build\intermediates\verified_library_resources\release\verifyReleaseResources\compiled\drawable-xxxhdpi-v4_abc_scrubber_control_to_pressed_mtrl_000.png.flat
Compiling xml file C:\Users\dctm1\YongStudyApp\node_modules\@react-native-async-storage\async-storage\android\build\intermediates\merged_res\release\mergeReleaseResources\interpolator\btn_checkbox_checked_mtrl_animation_interpolator_1.xml to C:\Users\dctm1\YongStudyApp\node_modules\@react-native-async-storage\async-storage\android\build\intermediates\verified_library_resources\release\verifyReleaseResources\compiled\interpolator_btn_checkbox_checked_mtrl_animation_interpolator_1.xml.flat
Compiling xml file C:\Users\dctm1\YongStudyApp\node_modules\@react-native-async-storage\async-storage\android\build\intermediates\merged_res\release\mergeReleaseResources\layout\abc_activity_chooser_view.xml to C:\Users\dctm1\YongStudyApp\node_modules\@react-native-async-storage\async-storage\android\build\intermediates\verified_library_resources\release\verifyReleaseResources\compiled\layout_abc_activity_chooser_view.xml.flat
Compiling xml file C:\Users\dctm1\YongStudyApp\node_modules\@react-native-async-storage\async-storage\android\build\intermediates\merged_res\release\mergeReleaseResources\layout\abc_popup_menu_header_item_layout.xml to C:\Users\dctm1\YongStudyApp\node_modules\@react-native-async-storage\async-storage\android\build\intermediates\verified_library_resources\release\verifyReleaseResources\compiled\layout_abc_popup_menu_header_item_layout.xml.flat
Compiling xml file C:\Users\dctm1\YongStudyApp\node_modules\@react-native-async-storage\async-storage\android\build\intermediates\merged_res\release\mergeReleaseResources\layout\custom_dialog.xml to C:\Users\dctm1\YongStudyApp\node_modules\@react-native-async-storage\async-storage\android\build\intermediates\verified_library_resources\release\verifyReleaseResources\compiled\layout_custom_dialog.xml.flat
Compiling xml file C:\Users\dctm1\YongStudyApp\node_modules\@react-native-async-storage\async-storage\android\build\intermediates\merged_res\release\mergeReleaseResources\layout\select_dialog_multichoice_material.xml to C:\Users\dctm1\YongStudyApp\node_modules\@react-native-async-storage\async-storage\android\build\intermediates\verified_library_resources\release\verifyReleaseResources\compiled\layout_select_dialog_multichoice_material.xml.flat
Compiling XML table C:\Users\dctm1\YongStudyApp\node_modules\@react-native-async-storage\async-storage\android\build\intermediates\merged_res\release\mergeReleaseResources\values-am\values-am.xml to C:\Users\dctm1\YongStudyApp\node_modules\@react-native-async-storage\async-storage\android\build\intermediates\verified_library_resources\release\verifyReleaseResources\compiled\values-am_values-am.arsc.flat
Compiling XML table C:\Users\dctm1\YongStudyApp\node_modules\@react-native-async-storage\async-storage\android\build\intermediates\merged_res\release\mergeReleaseResources\values-de\values-de.xml to C:\Users\dctm1\YongStudyApp\node_modules\@react-native-async-storage\async-storage\android\build\intermediates\verified_library_resources\release\verifyReleaseResources\compiled\values-de_values-de.arsc.flat
Compiling XML table C:\Users\dctm1\YongStudyApp\node_modules\@react-native-async-storage\async-storage\android\build\intermediates\merged_res\release\mergeReleaseResources\values-fa\values-fa.xml to C:\Users\dctm1\YongStudyApp\node_modules\@react-native-async-storage\async-storage\android\build\intermediates\verified_library_resources\release\verifyReleaseResources\compiled\values-fa_values-fa.arsc.flat
Compiling XML table C:\Users\dctm1\YongStudyApp\node_modules\@react-native-async-storage\async-storage\android\build\intermediates\merged_res\release\mergeReleaseResources\values-in\values-in.xml to C:\Users\dctm1\YongStudyApp\node_modules\@react-native-async-storage\async-storage\android\build\intermediates\verified_library_resources\release\verifyReleaseResources\compiled\values-in_values-in.arsc.flat
Compiling XML table C:\Users\dctm1\YongStudyApp\node_modules\@react-native-async-storage\async-storage\android\build\intermediates\merged_res\release\mergeReleaseResources\values-large-v4\values-large-v4.xml to C:\Users\dctm1\YongStudyApp\node_modules\@react-native-async-storage\async-storage\android\build\intermediates\verified_library_resources\release\verifyReleaseResources\compiled\values-large-v4_values-large-v4.arsc.flat
Compiling XML table C:\Users\dctm1\YongStudyApp\node_modules\@react-native-async-storage\async-storage\android\build\intermediates\merged_res\release\mergeReleaseResources\values-ne\values-ne.xml to C:\Users\dctm1\YongStudyApp\node_modules\@react-native-async-storage\async-storage\android\build\intermediates\verified_library_resources\release\verifyReleaseResources\compiled\values-ne_values-ne.arsc.flat
Compiling XML table C:\Users\dctm1\YongStudyApp\node_modules\@react-native-async-storage\async-storage\android\build\intermediates\merged_res\release\mergeReleaseResources\values-si\values-si.xml to C:\Users\dctm1\YongStudyApp\node_modules\@react-native-async-storage\async-storage\android\build\intermediates\verified_library_resources\release\verifyReleaseResources\compiled\values-si_values-si.arsc.flat
Compiling XML table C:\Users\dctm1\YongStudyApp\node_modules\@react-native-async-storage\async-storage\android\build\intermediates\merged_res\release\mergeReleaseResources\values-tr\values-tr.xml to C:\Users\dctm1\YongStudyApp\node_modules\@react-native-async-storage\async-storage\android\build\intermediates\verified_library_resources\release\verifyReleaseResources\compiled\values-tr_values-tr.arsc.flat
Compiling XML table C:\Users\dctm1\YongStudyApp\node_modules\@react-native-async-storage\async-storage\android\build\intermediates\merged_res\release\mergeReleaseResources\values-v26\values-v26.xml to C:\Users\dctm1\YongStudyApp\node_modules\@react-native-async-storage\async-storage\android\build\intermediates\verified_library_resources\release\verifyReleaseResources\compiled\values-v26_values-v26.arsc.flat
Compiling xml file C:\Users\dctm1\YongStudyApp\node_modules\@react-native-async-storage\async-storage\android\build\intermediates\merged_res\release\mergeReleaseResources\anim\abc_grow_fade_in_from_bottom.xml to C:\Users\dctm1\YongStudyApp\node_modules\@react-native-async-storage\async-storage\android\build\intermediates\verified_library_resources\release\verifyReleaseResources\compiled\anim_abc_grow_fade_in_from_bottom.xml.flat
Compiling xml file C:\Users\dctm1\YongStudyApp\node_modules\@react-native-async-storage\async-storage\android\build\intermediates\merged_res\release\mergeReleaseResources\anim\btn_checkbox_to_checked_icon_null_animation.xml to C:\Users\dctm1\YongStudyApp\node_modules\@react-native-async-storage\async-storage\android\build\intermediates\verified_library_resources\release\verifyReleaseResources\compiled\anim_btn_checkbox_to_checked_icon_null_animation.xml.flat
Compiling xml file C:\Users\dctm1\YongStudyApp\node_modules\@react-native-async-storage\async-storage\android\build\intermediates\merged_res\release\mergeReleaseResources\anim\catalyst_push_up_in.xml to C:\Users\dctm1\YongStudyApp\node_modules\@react-native-async-storage\async-storage\android\build\intermediates\verified_library_resources\release\verifyReleaseResources\compiled\anim_catalyst_push_up_in.xml.flat
Compiling xml file C:\Users\dctm1\YongStudyApp\node_modules\@react-native-async-storage\async-storage\android\build\intermediates\merged_res\release\mergeReleaseResources\color\abc_background_cache_hint_selector_material_light.xml to C:\Users\dctm1\YongStudyApp\node_modules\@react-native-async-storage\async-storage\android\build\intermediates\verified_library_resources\release\verifyReleaseResources\compiled\color_abc_background_cache_hint_selector_material_light.xml.flat
Compiling xml file C:\Users\dctm1\YongStudyApp\node_modules\@react-native-async-storage\async-storage\android\build\intermediates\merged_res\release\mergeReleaseResources\color-v23\abc_btn_colored_borderless_text_material.xml to C:\Users\dctm1\YongStudyApp\node_modules\@react-native-async-storage\async-storage\android\build\intermediates\verified_library_resources\release\verifyReleaseResources\compiled\color-v23_abc_btn_colored_borderless_text_material.xml.flat
Compiling xml file C:\Users\dctm1\YongStudyApp\node_modules\@react-native-async-storage\async-storage\android\build\intermediates\merged_res\release\mergeReleaseResources\drawable\abc_btn_default_mtrl_shape.xml to C:\Users\dctm1\YongStudyApp\node_modules\@react-native-async-storage\async-storage\android\build\intermediates\verified_library_resources\release\verifyReleaseResources\compiled\drawable_abc_btn_default_mtrl_shape.xml.flat
Compiling xml file C:\Users\dctm1\YongStudyApp\node_modules\@react-native-async-storage\async-storage\android\build\intermediates\merged_res\release\mergeReleaseResources\drawable\abc_ic_menu_paste_mtrl_am_alpha.xml to C:\Users\dctm1\YongStudyApp\node_modules\@react-native-async-storage\async-storage\android\build\intermediates\verified_library_resources\release\verifyReleaseResources\compiled\drawable_abc_ic_menu_paste_mtrl_am_alpha.xml.flat
Compiling xml file C:\Users\dctm1\YongStudyApp\node_modules\@react-native-async-storage\async-storage\android\build\intermediates\merged_res\release\mergeReleaseResources\drawable\abc_ratingbar_material.xml to C:\Users\dctm1\YongStudyApp\node_modules\@react-native-async-storage\async-storage\android\build\intermediates\verified_library_resources\release\verifyReleaseResources\compiled\drawable_abc_ratingbar_material.xml.flat
Compiling xml file C:\Users\dctm1\YongStudyApp\node_modules\@react-native-async-storage\async-storage\android\build\intermediates\merged_res\release\mergeReleaseResources\drawable\abc_vector_test.xml to C:\Users\dctm1\YongStudyApp\node_modules\@react-native-async-storage\async-storage\android\build\intermediates\verified_library_resources\release\verifyReleaseResources\compiled\drawable_abc_vector_test.xml.flat
Compiling xml file C:\Users\dctm1\YongStudyApp\node_modules\@react-native-async-storage\async-storage\android\build\intermediates\merged_res\release\mergeReleaseResources\drawable\notification_tile_bg.xml to C:\Users\dctm1\YongStudyApp\node_modules\@react-native-async-storage\async-storage\android\build\intermediates\verified_library_resources\release\verifyReleaseResources\compiled\drawable_notification_tile_bg.xml.flat
Compiling xml file C:\Users\dctm1\YongStudyApp\node_modules\@react-native-async-storage\async-storage\android\build\intermediates\merged_res\release\mergeReleaseResources\drawable-anydpi-v21\ic_call_decline.xml to C:\Users\dctm1\YongStudyApp\node_modules\@react-native-async-storage\async-storage\android\build\intermediates\verified_library_resources\release\verifyReleaseResources\compiled\drawable-anydpi-v21_ic_call_decline.xml.flat
Compiling image file C:\Users\dctm1\YongStudyApp\node_modules\@react-native-async-storage\async-storage\android\build\intermediates\merged_res\release\mergeReleaseResources\drawable-hdpi-v4\abc_text_select_handle_right_mtrl.png
Compiling file C:\Users\dctm1\YongStudyApp\node_modules\@react-native-async-storage\async-storage\android\build\intermediates\merged_res\release\mergeReleaseResources\drawable-hdpi-v4\abc_text_select_handle_right_mtrl.png to C:\Users\dctm1\YongStudyApp\node_modules\@react-native-async-storage\async-storage\android\build\intermediates\verified_library_resources\release\verifyReleaseResources\compiled\drawable-hdpi-v4_abc_text_select_handle_right_mtrl.png.flat
Compiling image file C:\Users\dctm1\YongStudyApp\node_modules\@react-native-async-storage\async-storage\android\build\intermediates\merged_res\release\mergeReleaseResources\drawable-ldpi-v4\ic_call_answer_video.png
Compiling file C:\Users\dctm1\YongStudyApp\node_modules\@react-native-async-storage\async-storage\android\build\intermediates\merged_res\release\mergeReleaseResources\drawable-ldpi-v4\ic_call_answer_video.png to C:\Users\dctm1\YongStudyApp\node_modules\@react-native-async-storage\async-storage\android\build\intermediates\verified_library_resources\release\verifyReleaseResources\compiled\drawable-ldpi-v4_ic_call_answer_video.png.flat
Compiling image file C:\Users\dctm1\YongStudyApp\node_modules\@react-native-async-storage\async-storage\android\build\intermediates\merged_res\release\mergeReleaseResources\drawable-mdpi-v4\abc_text_select_handle_left_mtrl.png
Compiling file C:\Users\dctm1\YongStudyApp\node_modules\@react-native-async-storage\async-storage\android\build\intermediates\merged_res\release\mergeReleaseResources\drawable-mdpi-v4\abc_text_select_handle_left_mtrl.png to C:\Users\dctm1\YongStudyApp\node_modules\@react-native-async-storage\async-storage\android\build\intermediates\verified_library_resources\release\verifyReleaseResources\compiled\drawable-mdpi-v4_abc_text_select_handle_left_mtrl.png.flat
Compiling xml file C:\Users\dctm1\YongStudyApp\node_modules\@react-native-async-storage\async-storage\android\build\intermediates\merged_res\release\mergeReleaseResources\drawable-v21\abc_btn_colored_material.xml to C:\Users\dctm1\YongStudyApp\node_modules\@react-native-async-storage\async-storage\android\build\intermediates\verified_library_resources\release\verifyReleaseResources\compiled\drawable-v21_abc_btn_colored_material.xml.flat
Compiling image file C:\Users\dctm1\YongStudyApp\node_modules\@react-native-async-storage\async-storage\android\build\intermediates\merged_res\release\mergeReleaseResources\drawable-xhdpi-v4\abc_ic_commit_search_api_mtrl_alpha.png
Compiling file C:\Users\dctm1\YongStudyApp\node_modules\@react-native-async-storage\async-storage\android\build\intermediates\merged_res\release\mergeReleaseResources\drawable-xhdpi-v4\abc_ic_commit_search_api_mtrl_alpha.png to C:\Users\dctm1\YongStudyApp\node_modules\@react-native-async-storage\async-storage\android\build\intermediates\verified_library_resources\release\verifyReleaseResources\compiled\drawable-xhdpi-v4_abc_ic_commit_search_api_mtrl_alpha.png.flat
Compiling image file C:\Users\dctm1\YongStudyApp\node_modules\@react-native-async-storage\async-storage\android\build\intermediates\merged_res\release\mergeReleaseResources\drawable-xhdpi-v4\ic_call_decline_low.png
Compiling file C:\Users\dctm1\YongStudyApp\node_modules\@react-native-async-storage\async-storage\android\build\intermediates\merged_res\release\mergeReleaseResources\drawable-xhdpi-v4\ic_call_decline_low.png to C:\Users\dctm1\YongStudyApp\node_modules\@react-native-async-storage\async-storage\android\build\intermediates\verified_library_resources\release\verifyReleaseResources\compiled\drawable-xhdpi-v4_ic_call_decline_low.png.flat

> Task :react-native-gesture-handler:bundleLibCompileToJarRelease
Caching disabled for task ':react-native-gesture-handler:bundleLibCompileToJarRelease' because:
  Build cache is disabled
  Simple merging task
Task ':react-native-gesture-handler:bundleLibCompileToJarRelease' is not up-to-date because:
  Output property 'output' file C:\Users\dctm1\YongStudyApp\node_modules\react-native-gesture-handler\android\build\intermediates\compile_library_classes_jar\release\bundleLibCompileToJarRelease\classes.jar has been removed.
work action resolve classes.jar (project :react-native-gesture-handler) (Thread[Execution worker Thread 11,5,main]) started.
Resolve mutations for :react-native-gesture-handler:processReleaseJavaRes (Thread[Execution worker Thread 11,5,main]) started.
:react-native-gesture-handler:processReleaseJavaRes (Thread[Execution worker Thread 11,5,main]) started.

> Task :app:createBundleReleaseJsAndAssets
Using src/app as the root directory for Expo Router.

> Task :react-native-gesture-handler:bundleLibRuntimeToJarRelease
Caching disabled for task ':react-native-gesture-handler:bundleLibRuntimeToJarRelease' because:
  Build cache is disabled
  Simple merging task
Task ':react-native-gesture-handler:bundleLibRuntimeToJarRelease' is not up-to-date because:
  Output property 'output' file C:\Users\dctm1\YongStudyApp\node_modules\react-native-gesture-handler\android\build\intermediates\runtime_library_classes_jar\release\bundleLibRuntimeToJarRelease\classes.jar has been removed.

> Task :expo-modules-core:compileReleaseJavaWithJavac
Note: Some input files use or override a deprecated API.
Note: Recompile with -Xlint:deprecation for details.
Class dependency analysis for incremental compilation took 0.422 secs.

> Task :react-native-gesture-handler:processReleaseJavaRes
file or directory 'C:\Users\dctm1\YongStudyApp\node_modules\react-native-gesture-handler\android\src\main\resources', not found
file or directory 'C:\Users\dctm1\YongStudyApp\node_modules\react-native-gesture-handler\android\src\release\resources', not found
file or directory 'C:\Users\dctm1\YongStudyApp\node_modules\react-native-gesture-handler\android\src\main\resources', not found
file or directory 'C:\Users\dctm1\YongStudyApp\node_modules\react-native-gesture-handler\android\src\release\resources', not found
Caching disabled for task ':react-native-gesture-handler:processReleaseJavaRes' because:
  Build cache is disabled
  Caching has been disabled for the task
Task ':react-native-gesture-handler:processReleaseJavaRes' is not up-to-date because:
  Output property 'destinationDir' file C:\Users\dctm1\YongStudyApp\node_modules\react-native-gesture-handler\android\build\intermediates\java_res\release\processReleaseJavaRes\out has been removed.
  Output property 'destinationDir' file C:\Users\dctm1\YongStudyApp\node_modules\react-native-gesture-handler\android\build\intermediates\java_res\release\processReleaseJavaRes\out\com has been removed.
  Output property 'destinationDir' file C:\Users\dctm1\YongStudyApp\node_modules\react-native-gesture-handler\android\build\intermediates\java_res\release\processReleaseJavaRes\out\com\swmansion has been removed.
  and more...
file or directory 'C:\Users\dctm1\YongStudyApp\node_modules\react-native-gesture-handler\android\src\main\resources', not found
file or directory 'C:\Users\dctm1\YongStudyApp\node_modules\react-native-gesture-handler\android\src\release\resources', not found
file or directory 'C:\Users\dctm1\YongStudyApp\node_modules\react-native-gesture-handler\android\src\main\resources', not found
file or directory 'C:\Users\dctm1\YongStudyApp\node_modules\react-native-gesture-handler\android\src\release\resources', not found
work action resolve classes.jar (project :react-native-gesture-handler) (Thread[Execution worker Thread 11,5,main]) started.
work action resolve out (project :react-native-gesture-handler) (Thread[Execution worker Thread 11,5,main]) started.
IdentityTransform (Thread[Execution worker Thread 11,5,main]) started.
DexingNoClasspathTransform (Thread[Execution worker Thread 11,5,main]) started.

> Task :react-native-webview:mergeReleaseResources
Caching disabled for task ':react-native-webview:mergeReleaseResources' because:
  Build cache is disabled
Task ':react-native-webview:mergeReleaseResources' is not up-to-date because:
  Output property 'blameLogOutputFolder' file C:\Users\dctm1\YongStudyApp\node_modules\react-native-webview\android\build\intermediates\merged_res_blame_folder\release\mergeReleaseResources\out has been removed.
  Output property 'blameLogOutputFolder' file C:\Users\dctm1\YongStudyApp\node_modules\react-native-webview\android\build\intermediates\merged_res_blame_folder\release\mergeReleaseResources\out\multi-v2 has been removed.
  Output property 'blameLogOutputFolder' file C:\Users\dctm1\YongStudyApp\node_modules\react-native-webview\android\build\intermediates\merged_res_blame_folder\release\mergeReleaseResources\out\multi-v2\values-af.json has been removed.
  and more...
The input changes require a full rebuild for incremental task ':react-native-webview:mergeReleaseResources'.
[MergeResources] Inputs are non-incremental full task action.

> Task :react-native-gesture-handler:bundleLibRuntimeToDirRelease
Caching disabled for task ':react-native-gesture-handler:bundleLibRuntimeToDirRelease' because:
  Build cache is disabled
  Simple merging task
Task ':react-native-gesture-handler:bundleLibRuntimeToDirRelease' is not up-to-date because:
  Output property 'output' file C:\Users\dctm1\YongStudyApp\node_modules\react-native-gesture-handler\android\build\intermediates\runtime_library_classes_dir\release\bundleLibRuntimeToDirRelease has been removed.
  Output property 'output' file C:\Users\dctm1\YongStudyApp\node_modules\react-native-gesture-handler\android\build\intermediates\runtime_library_classes_dir\release\bundleLibRuntimeToDirRelease\com has been removed.
  Output property 'output' file C:\Users\dctm1\YongStudyApp\node_modules\react-native-gesture-handler\android\build\intermediates\runtime_library_classes_dir\release\bundleLibRuntimeToDirRelease\com\facebook has been removed.
  and more...
The input changes require a full rebuild for incremental task ':react-native-gesture-handler:bundleLibRuntimeToDirRelease'.
work action resolve bundleLibRuntimeToDirRelease (project :react-native-gesture-handler) (Thread[Execution worker Thread 7,5,main]) started.
ClassesDirToClassesTransform (Thread[Execution worker Thread 7,5,main]) started.
DexingNoClasspathTransform (Thread[Execution worker Thread 7,5,main]) started.

> Task :expo:verifyReleaseResources
Caching disabled for task ':expo:verifyReleaseResources' because:
  Build cache is disabled
Task ':expo:verifyReleaseResources' is not up-to-date because:
  Output property 'compiledDirectory' file C:\Users\dctm1\YongStudyApp\node_modules\expo\android\build\intermediates\verified_library_resources\release\verifyReleaseResources has been removed.
  Output property 'compiledDirectory' file C:\Users\dctm1\YongStudyApp\node_modules\expo\android\build\intermediates\verified_library_resources\release\verifyReleaseResources\compiled has been removed.
  Output property 'compiledDirectory' file C:\Users\dctm1\YongStudyApp\node_modules\expo\android\build\intermediates\verified_library_resources\release\verifyReleaseResources\compiled\anim-v21_fragment_fast_out_extra_slow_in.xml.flat has been removed.
  and more...
The input changes require a full rebuild for incremental task ':expo:verifyReleaseResources'.
Compiling xml file C:\Users\dctm1\YongStudyApp\node_modules\expo\android\build\intermediates\merged_res\release\mergeReleaseResources\anim\abc_popup_exit.xml to C:\Users\dctm1\YongStudyApp\node_modules\expo\android\build\intermediates\verified_library_resources\release\verifyReleaseResources\compiled\anim_abc_popup_exit.xml.flat
Compiling xml file C:\Users\dctm1\YongStudyApp\node_modules\expo\android\build\intermediates\merged_res\release\mergeReleaseResources\anim\btn_checkbox_to_unchecked_check_path_merged_animation.xml to C:\Users\dctm1\YongStudyApp\node_modules\expo\android\build\intermediates\verified_library_resources\release\verifyReleaseResources\compiled\anim_btn_checkbox_to_unchecked_check_path_merged_animation.xml.flat
Compiling xml file C:\Users\dctm1\YongStudyApp\node_modules\expo\android\build\intermediates\merged_res\release\mergeReleaseResources\anim\catalyst_slide_down.xml to C:\Users\dctm1\YongStudyApp\node_modules\expo\android\build\intermediates\verified_library_resources\release\verifyReleaseResources\compiled\anim_catalyst_slide_down.xml.flat
Compiling xml file C:\Users\dctm1\YongStudyApp\node_modules\expo\android\build\intermediates\merged_res\release\mergeReleaseResources\color\abc_hint_foreground_material_light.xml to C:\Users\dctm1\YongStudyApp\node_modules\expo\android\build\intermediates\verified_library_resources\release\verifyReleaseResources\compiled\color_abc_hint_foreground_material_light.xml.flat
Compiling xml file C:\Users\dctm1\YongStudyApp\node_modules\expo\android\build\intermediates\merged_res\release\mergeReleaseResources\color\switch_thumb_material_light.xml to C:\Users\dctm1\YongStudyApp\node_modules\expo\android\build\intermediates\verified_library_resources\release\verifyReleaseResources\compiled\color_switch_thumb_material_light.xml.flat
Compiling xml file C:\Users\dctm1\YongStudyApp\node_modules\expo\android\build\intermediates\merged_res\release\mergeReleaseResources\drawable\abc_btn_check_material_anim.xml to C:\Users\dctm1\YongStudyApp\node_modules\expo\android\build\intermediates\verified_library_resources\release\verifyReleaseResources\compiled\drawable_abc_btn_check_material_anim.xml.flat
Compiling xml file C:\Users\dctm1\YongStudyApp\node_modules\expo\android\build\intermediates\merged_res\release\mergeReleaseResources\drawable\abc_ic_menu_overflow_material.xml to C:\Users\dctm1\YongStudyApp\node_modules\expo\android\build\intermediates\verified_library_resources\release\verifyReleaseResources\compiled\drawable_abc_ic_menu_overflow_material.xml.flat
Compiling xml file C:\Users\dctm1\YongStudyApp\node_modules\expo\android\build\intermediates\merged_res\release\mergeReleaseResources\drawable\abc_ratingbar_indicator_material.xml to C:\Users\dctm1\YongStudyApp\node_modules\expo\android\build\intermediates\verified_library_resources\release\verifyReleaseResources\compiled\drawable_abc_ratingbar_indicator_material.xml.flat
Compiling xml file C:\Users\dctm1\YongStudyApp\node_modules\expo\android\build\intermediates\merged_res\release\mergeReleaseResources\drawable\abc_textfield_search_material.xml to C:\Users\dctm1\YongStudyApp\node_modules\expo\android\build\intermediates\verified_library_resources\release\verifyReleaseResources\compiled\drawable_abc_textfield_search_material.xml.flat
Compiling xml file C:\Users\dctm1\YongStudyApp\node_modules\expo\android\build\intermediates\merged_res\release\mergeReleaseResources\drawable\common_google_signin_btn_icon_dark_normal.xml to C:\Users\dctm1\YongStudyApp\node_modules\expo\android\build\intermediates\verified_library_resources\release\verifyReleaseResources\compiled\drawable_common_google_signin_btn_icon_dark_normal.xml.flat
Compiling xml file C:\Users\dctm1\YongStudyApp\node_modules\expo\android\build\intermediates\merged_res\release\mergeReleaseResources\drawable\notification_bg.xml to C:\Users\dctm1\YongStudyApp\node_modules\expo\android\build\intermediates\verified_library_resources\release\verifyReleaseResources\compiled\drawable_notification_bg.xml.flat
Compiling xml file C:\Users\dctm1\YongStudyApp\node_modules\expo\android\build\intermediates\merged_res\release\mergeReleaseResources\drawable-anydpi-v21\ic_call_answer_low.xml to C:\Users\dctm1\YongStudyApp\node_modules\expo\android\build\intermediates\verified_library_resources\release\verifyReleaseResources\compiled\drawable-anydpi-v21_ic_call_answer_low.xml.flat
Compiling image file C:\Users\dctm1\YongStudyApp\node_modules\expo\android\build\intermediates\merged_res\release\mergeReleaseResources\drawable-hdpi-v4\abc_scrubber_control_to_pressed_mtrl_005.png
Compiling file C:\Users\dctm1\YongStudyApp\node_modules\expo\android\build\intermediates\merged_res\release\mergeReleaseResources\drawable-hdpi-v4\abc_scrubber_control_to_pressed_mtrl_005.png to C:\Users\dctm1\YongStudyApp\node_modules\expo\android\build\intermediates\verified_library_resources\release\verifyReleaseResources\compiled\drawable-hdpi-v4_abc_scrubber_control_to_pressed_mtrl_005.png.flat
Compiling image file C:\Users\dctm1\YongStudyApp\node_modules\expo\android\build\intermediates\merged_res\release\mergeReleaseResources\drawable-hdpi-v4\ic_call_decline_low.png
Compiling file C:\Users\dctm1\YongStudyApp\node_modules\expo\android\build\intermediates\merged_res\release\mergeReleaseResources\drawable-hdpi-v4\ic_call_decline_low.png to C:\Users\dctm1\YongStudyApp\node_modules\expo\android\build\intermediates\verified_library_resources\release\verifyReleaseResources\compiled\drawable-hdpi-v4_ic_call_decline_low.png.flat
Compiling image file C:\Users\dctm1\YongStudyApp\node_modules\expo\android\build\intermediates\merged_res\release\mergeReleaseResources\drawable-mdpi-v4\abc_btn_radio_to_on_mtrl_000.png
Compiling file C:\Users\dctm1\YongStudyApp\node_modules\expo\android\build\intermediates\merged_res\release\mergeReleaseResources\drawable-mdpi-v4\abc_btn_radio_to_on_mtrl_000.png to C:\Users\dctm1\YongStudyApp\node_modules\expo\android\build\intermediates\verified_library_resources\release\verifyReleaseResources\compiled\drawable-mdpi-v4_abc_btn_radio_to_on_mtrl_000.png.flat
Compiling image file C:\Users\dctm1\YongStudyApp\node_modules\expo\android\build\intermediates\merged_res\release\mergeReleaseResources\drawable-mdpi-v4\ic_call_answer_low.png
Compiling file C:\Users\dctm1\YongStudyApp\node_modules\expo\android\build\intermediates\merged_res\release\mergeReleaseResources\drawable-mdpi-v4\ic_call_answer_low.png to C:\Users\dctm1\YongStudyApp\node_modules\expo\android\build\intermediates\verified_library_resources\release\verifyReleaseResources\compiled\drawable-mdpi-v4_ic_call_answer_low.png.flat
Compiling xml file C:\Users\dctm1\YongStudyApp\node_modules\expo\android\build\intermediates\merged_res\release\mergeReleaseResources\drawable-v21\notification_action_background.xml to C:\Users\dctm1\YongStudyApp\node_modules\expo\android\build\intermediates\verified_library_resources\release\verifyReleaseResources\compiled\drawable-v21_notification_action_background.xml.flat
Compiling image file C:\Users\dctm1\YongStudyApp\node_modules\expo\android\build\intermediates\merged_res\release\mergeReleaseResources\drawable-xhdpi-v4\abc_text_select_handle_left_mtrl.png
Compiling file C:\Users\dctm1\YongStudyApp\node_modules\expo\android\build\intermediates\merged_res\release\mergeReleaseResources\drawable-xhdpi-v4\abc_text_select_handle_left_mtrl.png to C:\Users\dctm1\YongStudyApp\node_modules\expo\android\build\intermediates\verified_library_resources\release\verifyReleaseResources\compiled\drawable-xhdpi-v4_abc_text_select_handle_left_mtrl.png.flat
Compiling image file C:\Users\dctm1\YongStudyApp\node_modules\expo\android\build\intermediates\merged_res\release\mergeReleaseResources\drawable-xhdpi-v4\ic_resume.png
Compiling file C:\Users\dctm1\YongStudyApp\node_modules\expo\android\build\intermediates\merged_res\release\mergeReleaseResources\drawable-xhdpi-v4\ic_resume.png to C:\Users\dctm1\YongStudyApp\node_modules\expo\android\build\intermediates\verified_library_resources\release\verifyReleaseResources\compiled\drawable-xhdpi-v4_ic_resume.png.flat
Compiling image file C:\Users\dctm1\YongStudyApp\node_modules\expo\android\build\intermediates\merged_res\release\mergeReleaseResources\drawable-xxhdpi-v4\abc_text_select_handle_right_mtrl.png
Compiling file C:\Users\dctm1\YongStudyApp\node_modules\expo\android\build\intermediates\merged_res\release\mergeReleaseResources\drawable-xxhdpi-v4\abc_text_select_handle_right_mtrl.png to C:\Users\dctm1\YongStudyApp\node_modules\expo\android\build\intermediates\verified_library_resources\release\verifyReleaseResources\compiled\drawable-xxhdpi-v4_abc_text_select_handle_right_mtrl.png.flat
Compiling image file C:\Users\dctm1\YongStudyApp\node_modules\expo\android\build\intermediates\merged_res\release\mergeReleaseResources\drawable-xxxhdpi-v4\abc_btn_radio_to_on_mtrl_000.png
Compiling file C:\Users\dctm1\YongStudyApp\node_modules\expo\android\build\intermediates\merged_res\release\mergeReleaseResources\drawable-xxxhdpi-v4\abc_btn_radio_to_on_mtrl_000.png to C:\Users\dctm1\YongStudyApp\node_modules\expo\android\build\intermediates\verified_library_resources\release\verifyReleaseResources\compiled\drawable-xxxhdpi-v4_abc_btn_radio_to_on_mtrl_000.png.flat
Compiling image file C:\Users\dctm1\YongStudyApp\node_modules\expo\android\build\intermediates\merged_res\release\mergeReleaseResources\drawable-xxxhdpi-v4\ic_resume.png
Compiling file C:\Users\dctm1\YongStudyApp\node_modules\expo\android\build\intermediates\merged_res\release\mergeReleaseResources\drawable-xxxhdpi-v4\ic_resume.png to C:\Users\dctm1\YongStudyApp\node_modules\expo\android\build\intermediates\verified_library_resources\release\verifyReleaseResources\compiled\drawable-xxxhdpi-v4_ic_resume.png.flat
Compiling xml file C:\Users\dctm1\YongStudyApp\node_modules\expo\android\build\intermediates\merged_res\release\mergeReleaseResources\layout\abc_action_mode_bar.xml to C:\Users\dctm1\YongStudyApp\node_modules\expo\android\build\intermediates\verified_library_resources\release\verifyReleaseResources\compiled\layout_abc_action_mode_bar.xml.flat
Compiling xml file C:\Users\dctm1\YongStudyApp\node_modules\expo\android\build\intermediates\merged_res\release\mergeReleaseResources\layout\abc_list_menu_item_layout.xml to C:\Users\dctm1\YongStudyApp\node_modules\expo\android\build\intermediates\verified_library_resources\release\verifyReleaseResources\compiled\layout_abc_list_menu_item_layout.xml.flat
Compiling xml file C:\Users\dctm1\YongStudyApp\node_modules\expo\android\build\intermediates\merged_res\release\mergeReleaseResources\layout\alert_title_layout.xml to C:\Users\dctm1\YongStudyApp\node_modules\expo\android\build\intermediates\verified_library_resources\release\verifyReleaseResources\compiled\layout_alert_title_layout.xml.flat
Compiling xml file C:\Users\dctm1\YongStudyApp\node_modules\expo\android\build\intermediates\merged_res\release\mergeReleaseResources\layout\notification_template_big_media_narrow_custom.xml to C:\Users\dctm1\YongStudyApp\node_modules\expo\android\build\intermediates\verified_library_resources\release\verifyReleaseResources\compiled\layout_notification_template_big_media_narrow_custom.xml.flat
Compiling xml file C:\Users\dctm1\YongStudyApp\node_modules\expo\android\build\intermediates\merged_res\release\mergeReleaseResources\layout\select_dialog_singlechoice_material.xml to C:\Users\dctm1\YongStudyApp\node_modules\expo\android\build\intermediates\verified_library_resources\release\verifyReleaseResources\compiled\layout_select_dialog_singlechoice_material.xml.flat
Compiling XML table C:\Users\dctm1\YongStudyApp\node_modules\expo\android\build\intermediates\merged_res\release\mergeReleaseResources\values-am\values-am.xml to C:\Users\dctm1\YongStudyApp\node_modules\expo\android\build\intermediates\verified_library_resources\release\verifyReleaseResources\compiled\values-am_values-am.arsc.flat
Compiling XML table C:\Users\dctm1\YongStudyApp\node_modules\expo\android\build\intermediates\merged_res\release\mergeReleaseResources\values-de\values-de.xml to C:\Users\dctm1\YongStudyApp\node_modules\expo\android\build\intermediates\verified_library_resources\release\verifyReleaseResources\compiled\values-de_values-de.arsc.flat
Compiling XML table C:\Users\dctm1\YongStudyApp\node_modules\expo\android\build\intermediates\merged_res\release\mergeReleaseResources\values-fa\values-fa.xml to C:\Users\dctm1\YongStudyApp\node_modules\expo\android\build\intermediates\verified_library_resources\release\verifyReleaseResources\compiled\values-fa_values-fa.arsc.flat
Compiling XML table C:\Users\dctm1\YongStudyApp\node_modules\expo\android\build\intermediates\merged_res\release\mergeReleaseResources\values-in\values-in.xml to C:\Users\dctm1\YongStudyApp\node_modules\expo\android\build\intermediates\verified_library_resources\release\verifyReleaseResources\compiled\values-in_values-in.arsc.flat
Compiling xml file C:\Users\dctm1\YongStudyApp\node_modules\expo\android\build\intermediates\merged_res\release\mergeReleaseResources\anim\abc_shrink_fade_out_from_bottom.xml to C:\Users\dctm1\YongStudyApp\node_modules\expo\android\build\intermediates\verified_library_resources\release\verifyReleaseResources\compiled\anim_abc_shrink_fade_out_from_bottom.xml.flat
Compiling XML table C:\Users\dctm1\YongStudyApp\node_modules\expo\android\build\intermediates\merged_res\release\mergeReleaseResources\values-large-v4\values-large-v4.xml to C:\Users\dctm1\YongStudyApp\node_modules\expo\android\build\intermediates\verified_library_resources\release\verifyReleaseResources\compiled\values-large-v4_values-large-v4.arsc.flat
Compiling xml file C:\Users\dctm1\YongStudyApp\node_modules\expo\android\build\intermediates\merged_res\release\mergeReleaseResources\anim\btn_checkbox_to_unchecked_icon_null_animation.xml to C:\Users\dctm1\YongStudyApp\node_modules\expo\android\build\intermediates\verified_library_resources\release\verifyReleaseResources\compiled\anim_btn_checkbox_to_unchecked_icon_null_animation.xml.flat
Compiling xml file C:\Users\dctm1\YongStudyApp\node_modules\expo\android\build\intermediates\merged_res\release\mergeReleaseResources\anim\abc_slide_in_bottom.xml to C:\Users\dctm1\YongStudyApp\node_modules\expo\android\build\intermediates\verified_library_resources\release\verifyReleaseResources\compiled\anim_abc_slide_in_bottom.xml.flat
Compiling XML table C:\Users\dctm1\YongStudyApp\node_modules\expo\android\build\intermediates\merged_res\release\mergeReleaseResources\values-ne\values-ne.xml to C:\Users\dctm1\YongStudyApp\node_modules\expo\android\build\intermediates\verified_library_resources\release\verifyReleaseResources\compiled\values-ne_values-ne.arsc.flat
Compiling xml file C:\Users\dctm1\YongStudyApp\node_modules\expo\android\build\intermediates\merged_res\release\mergeReleaseResources\anim\catalyst_slide_up.xml to C:\Users\dctm1\YongStudyApp\node_modules\expo\android\build\intermediates\verified_library_resources\release\verifyReleaseResources\compiled\anim_catalyst_slide_up.xml.flat
Compiling xml file C:\Users\dctm1\YongStudyApp\node_modules\expo\android\build\intermediates\merged_res\release\mergeReleaseResources\color\abc_primary_text_disable_only_material_dark.xml to C:\Users\dctm1\YongStudyApp\node_modules\expo\android\build\intermediates\verified_library_resources\release\verifyReleaseResources\compiled\color_abc_primary_text_disable_only_material_dark.xml.flat
Compiling xml file C:\Users\dctm1\YongStudyApp\node_modules\expo\android\build\intermediates\merged_res\release\mergeReleaseResources\anim\btn_radio_to_off_mtrl_dot_group_animation.xml to C:\Users\dctm1\YongStudyApp\node_modules\expo\android\build\intermediates\verified_library_resources\release\verifyReleaseResources\compiled\anim_btn_radio_to_off_mtrl_dot_group_animation.xml.flat
Compiling XML table C:\Users\dctm1\YongStudyApp\node_modules\expo\android\build\intermediates\merged_res\release\mergeReleaseResources\values-si\values-si.xml to C:\Users\dctm1\YongStudyApp\node_modules\expo\android\build\intermediates\verified_library_resources\release\verifyReleaseResources\compiled\values-si_values-si.arsc.flat
Compiling xml file C:\Users\dctm1\YongStudyApp\node_modules\expo\android\build\intermediates\merged_res\release\mergeReleaseResources\color-v23\abc_btn_colored_borderless_text_material.xml to C:\Users\dctm1\YongStudyApp\node_modules\expo\android\build\intermediates\verified_library_resources\release\verifyReleaseResources\compiled\color-v23_abc_btn_colored_borderless_text_material.xml.flat
Compiling xml file C:\Users\dctm1\YongStudyApp\node_modules\expo\android\build\intermediates\merged_res\release\mergeReleaseResources\anim-v21\fragment_fast_out_extra_slow_in.xml to C:\Users\dctm1\YongStudyApp\node_modules\expo\android\build\intermediates\verified_library_resources\release\verifyReleaseResources\compiled\anim-v21_fragment_fast_out_extra_slow_in.xml.flat
Compiling XML table C:\Users\dctm1\YongStudyApp\node_modules\expo\android\build\intermediates\merged_res\release\mergeReleaseResources\values-tr\values-tr.xml to C:\Users\dctm1\YongStudyApp\node_modules\expo\android\build\intermediates\verified_library_resources\release\verifyReleaseResources\compiled\values-tr_values-tr.arsc.flat
Compiling xml file C:\Users\dctm1\YongStudyApp\node_modules\expo\android\build\intermediates\merged_res\release\mergeReleaseResources\drawable\abc_btn_default_mtrl_shape.xml to C:\Users\dctm1\YongStudyApp\node_modules\expo\android\build\intermediates\verified_library_resources\release\verifyReleaseResources\compiled\drawable_abc_btn_default_mtrl_shape.xml.flat
Compiling xml file C:\Users\dctm1\YongStudyApp\node_modules\expo\android\build\intermediates\merged_res\release\mergeReleaseResources\color\abc_primary_text_disable_only_material_light.xml to C:\Users\dctm1\YongStudyApp\node_modules\expo\android\build\intermediates\verified_library_resources\release\verifyReleaseResources\compiled\color_abc_primary_text_disable_only_material_light.xml.flat
Compiling xml file C:\Users\dctm1\YongStudyApp\node_modules\expo\android\build\intermediates\merged_res\release\mergeReleaseResources\color-v23\abc_btn_colored_text_material.xml to C:\Users\dctm1\YongStudyApp\node_modules\expo\android\build\intermediates\verified_library_resources\release\verifyReleaseResources\compiled\color-v23_abc_btn_colored_text_material.xml.flat
Compiling xml file C:\Users\dctm1\YongStudyApp\node_modules\expo\android\build\intermediates\merged_res\release\mergeReleaseResources\drawable\abc_ic_menu_paste_mtrl_am_alpha.xml to C:\Users\dctm1\YongStudyApp\node_modules\expo\android\build\intermediates\verified_library_resources\release\verifyReleaseResources\compiled\drawable_abc_ic_menu_paste_mtrl_am_alpha.xml.flat
Compiling XML table C:\Users\dctm1\YongStudyApp\node_modules\expo\android\build\intermediates\merged_res\release\mergeReleaseResources\values-v26\values-v26.xml to C:\Users\dctm1\YongStudyApp\node_modules\expo\android\build\intermediates\verified_library_resources\release\verifyReleaseResources\compiled\values-v26_values-v26.arsc.flat
Compiling xml file C:\Users\dctm1\YongStudyApp\node_modules\expo\android\build\intermediates\merged_res\release\mergeReleaseResources\drawable\abc_btn_radio_material.xml to C:\Users\dctm1\YongStudyApp\node_modules\expo\android\build\intermediates\verified_library_resources\release\verifyReleaseResources\compiled\drawable_abc_btn_radio_material.xml.flat
Compiling xml file C:\Users\dctm1\YongStudyApp\node_modules\expo\android\build\intermediates\merged_res\release\mergeReleaseResources\drawable\abc_ratingbar_material.xml to C:\Users\dctm1\YongStudyApp\node_modules\expo\android\build\intermediates\verified_library_resources\release\verifyReleaseResources\compiled\drawable_abc_ratingbar_material.xml.flat
Compiling xml file C:\Users\dctm1\YongStudyApp\node_modules\expo\android\build\intermediates\merged_res\release\mergeReleaseResources\drawable\abc_ic_menu_selectall_mtrl_alpha.xml to C:\Users\dctm1\YongStudyApp\node_modules\expo\android\build\intermediates\verified_library_resources\release\verifyReleaseResources\compiled\drawable_abc_ic_menu_selectall_mtrl_alpha.xml.flat
Compiling xml file C:\Users\dctm1\YongStudyApp\node_modules\expo\android\build\intermediates\merged_res\release\mergeReleaseResources\drawable\abc_vector_test.xml to C:\Users\dctm1\YongStudyApp\node_modules\expo\android\build\intermediates\verified_library_resources\release\verifyReleaseResources\compiled\drawable_abc_vector_test.xml.flat
Compiling xml file C:\Users\dctm1\YongStudyApp\node_modules\expo\android\build\intermediates\merged_res\release\mergeReleaseResources\anim\abc_slide_in_top.xml to C:\Users\dctm1\YongStudyApp\node_modules\expo\android\build\intermediates\verified_library_resources\release\verifyReleaseResources\compiled\anim_abc_slide_in_top.xml.flat
Compiling xml file C:\Users\dctm1\YongStudyApp\node_modules\expo\android\build\intermediates\merged_res\release\mergeReleaseResources\drawable\abc_ratingbar_small_material.xml to C:\Users\dctm1\YongStudyApp\node_modules\expo\android\build\intermediates\verified_library_resources\release\verifyReleaseResources\compiled\drawable_abc_ratingbar_small_material.xml.flat
Compiling xml file C:\Users\dctm1\YongStudyApp\node_modules\expo\android\build\intermediates\merged_res\release\mergeReleaseResources\drawable\common_google_signin_btn_icon_disabled.xml to C:\Users\dctm1\YongStudyApp\node_modules\expo\android\build\intermediates\verified_library_resources\release\verifyReleaseResources\compiled\drawable_common_google_signin_btn_icon_disabled.xml.flat
Compiling xml file C:\Users\dctm1\YongStudyApp\node_modules\expo\android\build\intermediates\merged_res\release\mergeReleaseResources\anim\btn_radio_to_off_mtrl_ring_outer_animation.xml to C:\Users\dctm1\YongStudyApp\node_modules\expo\android\build\intermediates\verified_library_resources\release\verifyReleaseResources\compiled\anim_btn_radio_to_off_mtrl_ring_outer_animation.xml.flat
Compiling xml file C:\Users\dctm1\YongStudyApp\node_modules\expo\android\build\intermediates\merged_res\release\mergeReleaseResources\drawable\btn_checkbox_checked_mtrl.xml to C:\Users\dctm1\YongStudyApp\node_modules\expo\android\build\intermediates\verified_library_resources\release\verifyReleaseResources\compiled\drawable_btn_checkbox_checked_mtrl.xml.flat
Compiling xml file C:\Users\dctm1\YongStudyApp\node_modules\expo\android\build\intermediates\merged_res\release\mergeReleaseResources\drawable\notification_bg_low.xml to C:\Users\dctm1\YongStudyApp\node_modules\expo\android\build\intermediates\verified_library_resources\release\verifyReleaseResources\compiled\drawable_notification_bg_low.xml.flat
Compiling xml file C:\Users\dctm1\YongStudyApp\node_modules\expo\android\build\intermediates\merged_res\release\mergeReleaseResources\animator\fragment_close_enter.xml to C:\Users\dctm1\YongStudyApp\node_modules\expo\android\build\intermediates\verified_library_resources\release\verifyReleaseResources\compiled\animator_fragment_close_enter.xml.flat
Compiling xml file C:\Users\dctm1\YongStudyApp\node_modules\expo\android\build\intermediates\merged_res\release\mergeReleaseResources\drawable\common_google_signin_btn_icon_light.xml to C:\Users\dctm1\YongStudyApp\node_modules\expo\android\build\intermediates\verified_library_resources\release\verifyReleaseResources\compiled\drawable_common_google_signin_btn_icon_light.xml.flat
Compiling xml file C:\Users\dctm1\YongStudyApp\node_modules\expo\android\build\intermediates\merged_res\release\mergeReleaseResources\drawable-anydpi-v21\ic_call_answer_video.xml to C:\Users\dctm1\YongStudyApp\node_modules\expo\android\build\intermediates\verified_library_resources\release\verifyReleaseResources\compiled\drawable-anydpi-v21_ic_call_answer_video.xml.flat
Compiling image file C:\Users\dctm1\YongStudyApp\node_modules\expo\android\build\intermediates\merged_res\release\mergeReleaseResources\drawable-hdpi-v4\abc_text_select_handle_left_mtrl.png
Compiling file C:\Users\dctm1\YongStudyApp\node_modules\expo\android\build\intermediates\merged_res\release\mergeReleaseResources\drawable-hdpi-v4\abc_text_select_handle_left_mtrl.png to C:\Users\dctm1\YongStudyApp\node_modules\expo\android\build\intermediates\verified_library_resources\release\verifyReleaseResources\compiled\drawable-hdpi-v4_abc_text_select_handle_left_mtrl.png.flat
Compiling xml file C:\Users\dctm1\YongStudyApp\node_modules\expo\android\build\intermediates\merged_res\release\mergeReleaseResources\drawable\notification_icon_background.xml to C:\Users\dctm1\YongStudyApp\node_modules\expo\android\build\intermediates\verified_library_resources\release\verifyReleaseResources\compiled\drawable_notification_icon_background.xml.flat
Compiling xml file C:\Users\dctm1\YongStudyApp\node_modules\expo\android\build\intermediates\merged_res\release\mergeReleaseResources\drawable-anydpi-v21\ic_call_answer_video_low.xml to C:\Users\dctm1\YongStudyApp\node_modules\expo\android\build\intermediates\verified_library_resources\release\verifyReleaseResources\compiled\drawable-anydpi-v21_ic_call_answer_video_low.xml.flat
Compiling image file C:\Users\dctm1\YongStudyApp\node_modules\expo\android\build\intermediates\merged_res\release\mergeReleaseResources\drawable-hdpi-v4\ic_resume.png
Compiling file C:\Users\dctm1\YongStudyApp\node_modules\expo\android\build\intermediates\merged_res\release\mergeReleaseResources\drawable-hdpi-v4\ic_resume.png to C:\Users\dctm1\YongStudyApp\node_modules\expo\android\build\intermediates\verified_library_resources\release\verifyReleaseResources\compiled\drawable-hdpi-v4_ic_resume.png.flat
Compiling xml file C:\Users\dctm1\YongStudyApp\node_modules\expo\android\build\intermediates\merged_res\release\mergeReleaseResources\color\abc_primary_text_material_dark.xml to C:\Users\dctm1\YongStudyApp\node_modules\expo\android\build\intermediates\verified_library_resources\release\verifyReleaseResources\compiled\color_abc_primary_text_material_dark.xml.flat
Compiling image file C:\Users\dctm1\YongStudyApp\node_modules\expo\android\build\intermediates\merged_res\release\mergeReleaseResources\drawable-hdpi-v4\abc_text_select_handle_middle_mtrl.png
Compiling file C:\Users\dctm1\YongStudyApp\node_modules\expo\android\build\intermediates\merged_res\release\mergeReleaseResources\drawable-hdpi-v4\abc_text_select_handle_middle_mtrl.png to C:\Users\dctm1\YongStudyApp\node_modules\expo\android\build\intermediates\verified_library_resources\release\verifyReleaseResources\compiled\drawable-hdpi-v4_abc_text_select_handle_middle_mtrl.png.flat
Compiling image file C:\Users\dctm1\YongStudyApp\node_modules\expo\android\build\intermediates\merged_res\release\mergeReleaseResources\drawable-mdpi-v4\abc_btn_radio_to_on_mtrl_015.png
Compiling file C:\Users\dctm1\YongStudyApp\node_modules\expo\android\build\intermediates\merged_res\release\mergeReleaseResources\drawable-mdpi-v4\abc_btn_radio_to_on_mtrl_015.png to C:\Users\dctm1\YongStudyApp\node_modules\expo\android\build\intermediates\verified_library_resources\release\verifyReleaseResources\compiled\drawable-mdpi-v4_abc_btn_radio_to_on_mtrl_015.png.flat
Compiling image file C:\Users\dctm1\YongStudyApp\node_modules\expo\android\build\intermediates\merged_res\release\mergeReleaseResources\drawable-hdpi-v4\notification_oversize_large_icon_bg.png
Compiling file C:\Users\dctm1\YongStudyApp\node_modules\expo\android\build\intermediates\merged_res\release\mergeReleaseResources\drawable-hdpi-v4\notification_oversize_large_icon_bg.png to C:\Users\dctm1\YongStudyApp\node_modules\expo\android\build\intermediates\verified_library_resources\release\verifyReleaseResources\compiled\drawable-hdpi-v4_notification_oversize_large_icon_bg.png.flat
Compiling xml file C:\Users\dctm1\YongStudyApp\node_modules\expo\android\build\intermediates\merged_res\release\mergeReleaseResources\color-v23\abc_color_highlight_material.xml to C:\Users\dctm1\YongStudyApp\node_modules\expo\android\build\intermediates\verified_library_resources\release\verifyReleaseResources\compiled\color-v23_abc_color_highlight_material.xml.flat
Compiling image file C:\Users\dctm1\YongStudyApp\node_modules\expo\android\build\intermediates\merged_res\release\mergeReleaseResources\drawable-mdpi-v4\ic_call_answer_video.png
Compiling file C:\Users\dctm1\YongStudyApp\node_modules\expo\android\build\intermediates\merged_res\release\mergeReleaseResources\drawable-mdpi-v4\ic_call_answer_video.png to C:\Users\dctm1\YongStudyApp\node_modules\expo\android\build\intermediates\verified_library_resources\release\verifyReleaseResources\compiled\drawable-mdpi-v4_ic_call_answer_video.png.flat
Compiling image file C:\Users\dctm1\YongStudyApp\node_modules\expo\android\build\intermediates\merged_res\release\mergeReleaseResources\drawable-mdpi-v4\abc_ic_commit_search_api_mtrl_alpha.png
Compiling file C:\Users\dctm1\YongStudyApp\node_modules\expo\android\build\intermediates\merged_res\release\mergeReleaseResources\drawable-mdpi-v4\abc_ic_commit_search_api_mtrl_alpha.png to C:\Users\dctm1\YongStudyApp\node_modules\expo\android\build\intermediates\verified_library_resources\release\verifyReleaseResources\compiled\drawable-mdpi-v4_abc_ic_commit_search_api_mtrl_alpha.png.flat
Compiling xml file C:\Users\dctm1\YongStudyApp\node_modules\expo\android\build\intermediates\merged_res\release\mergeReleaseResources\drawable\abc_btn_radio_material_anim.xml to C:\Users\dctm1\YongStudyApp\node_modules\expo\android\build\intermediates\verified_library_resources\release\verifyReleaseResources\compiled\drawable_abc_btn_radio_material_anim.xml.flat
Compiling image file C:\Users\dctm1\YongStudyApp\node_modules\expo\android\build\intermediates\merged_res\release\mergeReleaseResources\drawable-mdpi-v4\ic_call_answer_video_low.png
Compiling file C:\Users\dctm1\YongStudyApp\node_modules\expo\android\build\intermediates\merged_res\release\mergeReleaseResources\drawable-mdpi-v4\ic_call_answer_video_low.png to C:\Users\dctm1\YongStudyApp\node_modules\expo\android\build\intermediates\verified_library_resources\release\verifyReleaseResources\compiled\drawable-mdpi-v4_ic_call_answer_video_low.png.flat
Compiling xml file C:\Users\dctm1\YongStudyApp\node_modules\expo\android\build\intermediates\merged_res\release\mergeReleaseResources\drawable-v23\abc_control_background_material.xml to C:\Users\dctm1\YongStudyApp\node_modules\expo\android\build\intermediates\verified_library_resources\release\verifyReleaseResources\compiled\drawable-v23_abc_control_background_material.xml.flat
Compiling xml file C:\Users\dctm1\YongStudyApp\node_modules\expo\android\build\intermediates\merged_res\release\mergeReleaseResources\drawable-v29\autofill_inline_suggestion_chip_background.xml to C:\Users\dctm1\YongStudyApp\node_modules\expo\android\build\intermediates\verified_library_resources\release\verifyReleaseResources\compiled\drawable-v29_autofill_inline_suggestion_chip_background.xml.flat
Compiling xml file C:\Users\dctm1\YongStudyApp\node_modules\expo\android\build\intermediates\merged_res\release\mergeReleaseResources\drawable\abc_ic_menu_share_mtrl_alpha.xml to C:\Users\dctm1\YongStudyApp\node_modules\expo\android\build\intermediates\verified_library_resources\release\verifyReleaseResources\compiled\drawable_abc_ic_menu_share_mtrl_alpha.xml.flat
Compiling image file C:\Users\dctm1\YongStudyApp\node_modules\expo\android\build\intermediates\merged_res\release\mergeReleaseResources\drawable-xhdpi-v4\abc_text_select_handle_middle_mtrl.png
Compiling image file C:\Users\dctm1\YongStudyApp\node_modules\expo\android\build\intermediates\merged_res\release\mergeReleaseResources\drawable-xhdpi-v4\abc_text_select_handle_right_mtrl.png
Compiling file C:\Users\dctm1\YongStudyApp\node_modules\expo\android\build\intermediates\merged_res\release\mergeReleaseResources\drawable-xhdpi-v4\abc_text_select_handle_middle_mtrl.png to C:\Users\dctm1\YongStudyApp\node_modules\expo\android\build\intermediates\verified_library_resources\release\verifyReleaseResources\compiled\drawable-xhdpi-v4_abc_text_select_handle_middle_mtrl.png.flat
Compiling file C:\Users\dctm1\YongStudyApp\node_modules\expo\android\build\intermediates\merged_res\release\mergeReleaseResources\drawable-xhdpi-v4\abc_text_select_handle_right_mtrl.png to C:\Users\dctm1\YongStudyApp\node_modules\expo\android\build\intermediates\verified_library_resources\release\verifyReleaseResources\compiled\drawable-xhdpi-v4_abc_text_select_handle_right_mtrl.png.flat
Compiling xml file C:\Users\dctm1\YongStudyApp\node_modules\expo\android\build\intermediates\merged_res\release\mergeReleaseResources\drawable\abc_seekbar_thumb_material.xml to C:\Users\dctm1\YongStudyApp\node_modules\expo\android\build\intermediates\verified_library_resources\release\verifyReleaseResources\compiled\drawable_abc_seekbar_thumb_material.xml.flat
Compiling image file C:\Users\dctm1\YongStudyApp\node_modules\expo\android\build\intermediates\merged_res\release\mergeReleaseResources\drawable-xxhdpi-v4\abc_btn_check_to_on_mtrl_000.png
Compiling file C:\Users\dctm1\YongStudyApp\node_modules\expo\android\build\intermediates\merged_res\release\mergeReleaseResources\drawable-xxhdpi-v4\abc_btn_check_to_on_mtrl_000.png to C:\Users\dctm1\YongStudyApp\node_modules\expo\android\build\intermediates\verified_library_resources\release\verifyReleaseResources\compiled\drawable-xxhdpi-v4_abc_btn_check_to_on_mtrl_000.png.flat
Compiling image file C:\Users\dctm1\YongStudyApp\node_modules\expo\android\build\intermediates\merged_res\release\mergeReleaseResources\drawable-xhdpi-v4\notify_panel_notification_icon_bg.png
Compiling file C:\Users\dctm1\YongStudyApp\node_modules\expo\android\build\intermediates\merged_res\release\mergeReleaseResources\drawable-xhdpi-v4\notify_panel_notification_icon_bg.png to C:\Users\dctm1\YongStudyApp\node_modules\expo\android\build\intermediates\verified_library_resources\release\verifyReleaseResources\compiled\drawable-xhdpi-v4_notify_panel_notification_icon_bg.png.flat
Compiling xml file C:\Users\dctm1\YongStudyApp\node_modules\expo\android\build\intermediates\merged_res\release\mergeReleaseResources\drawable\btn_checkbox_checked_to_unchecked_mtrl_animation.xml to C:\Users\dctm1\YongStudyApp\node_modules\expo\android\build\intermediates\verified_library_resources\release\verifyReleaseResources\compiled\drawable_btn_checkbox_checked_to_unchecked_mtrl_animation.xml.flat
Compiling image file C:\Users\dctm1\YongStudyApp\node_modules\expo\android\build\intermediates\merged_res\release\mergeReleaseResources\drawable-xxhdpi-v4\googleg_standard_color_18.png
Compiling file C:\Users\dctm1\YongStudyApp\node_modules\expo\android\build\intermediates\merged_res\release\mergeReleaseResources\drawable-xxhdpi-v4\googleg_standard_color_18.png to C:\Users\dctm1\YongStudyApp\node_modules\expo\android\build\intermediates\verified_library_resources\release\verifyReleaseResources\compiled\drawable-xxhdpi-v4_googleg_standard_color_18.png.flat
Compiling image file C:\Users\dctm1\YongStudyApp\node_modules\expo\android\build\intermediates\merged_res\release\mergeReleaseResources\drawable-xxhdpi-v4\googleg_disabled_color_18.png
Compiling file C:\Users\dctm1\YongStudyApp\node_modules\expo\android\build\intermediates\merged_res\release\mergeReleaseResources\drawable-xxhdpi-v4\googleg_disabled_color_18.png to C:\Users\dctm1\YongStudyApp\node_modules\expo\android\build\intermediates\verified_library_resources\release\verifyReleaseResources\compiled\drawable-xxhdpi-v4_googleg_disabled_color_18.png.flat
Compiling image file C:\Users\dctm1\YongStudyApp\node_modules\expo\android\build\intermediates\merged_res\release\mergeReleaseResources\drawable-xxxhdpi-v4\abc_scrubber_control_to_pressed_mtrl_000.png
Compiling xml file C:\Users\dctm1\YongStudyApp\node_modules\expo\android\build\intermediates\merged_res\release\mergeReleaseResources\drawable\common_google_signin_btn_icon_light_focused.xml to C:\Users\dctm1\YongStudyApp\node_modules\expo\android\build\intermediates\verified_library_resources\release\verifyReleaseResources\compiled\drawable_common_google_signin_btn_icon_light_focused.xml.flat
Compiling file C:\Users\dctm1\YongStudyApp\node_modules\expo\android\build\intermediates\merged_res\release\mergeReleaseResources\drawable-xxxhdpi-v4\abc_scrubber_control_to_pressed_mtrl_000.png to C:\Users\dctm1\YongStudyApp\node_modules\expo\android\build\intermediates\verified_library_resources\release\verifyReleaseResources\compiled\drawable-xxxhdpi-v4_abc_scrubber_control_to_pressed_mtrl_000.png.flat
Compiling image file C:\Users\dctm1\YongStudyApp\node_modules\expo\android\build\intermediates\merged_res\release\mergeReleaseResources\drawable-xxxhdpi-v4\abc_btn_radio_to_on_mtrl_015.png
Compiling file C:\Users\dctm1\YongStudyApp\node_modules\expo\android\build\intermediates\merged_res\release\mergeReleaseResources\drawable-xxxhdpi-v4\abc_btn_radio_to_on_mtrl_015.png to C:\Users\dctm1\YongStudyApp\node_modules\expo\android\build\intermediates\verified_library_resources\release\verifyReleaseResources\compiled\drawable-xxxhdpi-v4_abc_btn_radio_to_on_mtrl_015.png.flat
Compiling xml file C:\Users\dctm1\YongStudyApp\node_modules\expo\android\build\intermediates\merged_res\release\mergeReleaseResources\drawable\notification_tile_bg.xml to C:\Users\dctm1\YongStudyApp\node_modules\expo\android\build\intermediates\verified_library_resources\release\verifyReleaseResources\compiled\drawable_notification_tile_bg.xml.flat
Compiling xml file C:\Users\dctm1\YongStudyApp\node_modules\expo\android\build\intermediates\merged_res\release\mergeReleaseResources\interpolator\btn_checkbox_checked_mtrl_animation_interpolator_0.xml to C:\Users\dctm1\YongStudyApp\node_modules\expo\android\build\intermediates\verified_library_resources\release\verifyReleaseResources\compiled\interpolator_btn_checkbox_checked_mtrl_animation_interpolator_0.xml.flat
Compiling xml file C:\Users\dctm1\YongStudyApp\node_modules\expo\android\build\intermediates\merged_res\release\mergeReleaseResources\interpolator\btn_checkbox_checked_mtrl_animation_interpolator_1.xml to C:\Users\dctm1\YongStudyApp\node_modules\expo\android\build\intermediates\verified_library_resources\release\verifyReleaseResources\compiled\interpolator_btn_checkbox_checked_mtrl_animation_interpolator_1.xml.flat
Compiling xml file C:\Users\dctm1\YongStudyApp\node_modules\expo\android\build\intermediates\merged_res\release\mergeReleaseResources\layout\abc_action_mode_close_item_material.xml to C:\Users\dctm1\YongStudyApp\node_modules\expo\android\build\intermediates\verified_library_resources\release\verifyReleaseResources\compiled\layout_abc_action_mode_close_item_material.xml.flat
Compiling xml file C:\Users\dctm1\YongStudyApp\node_modules\expo\android\build\intermediates\merged_res\release\mergeReleaseResources\drawable-anydpi-v21\ic_call_decline.xml to C:\Users\dctm1\YongStudyApp\node_modules\expo\android\build\intermediates\verified_library_resources\release\verifyReleaseResources\compiled\drawable-anydpi-v21_ic_call_decline.xml.flat
Compiling xml file C:\Users\dctm1\YongStudyApp\node_modules\expo\android\build\intermediates\merged_res\release\mergeReleaseResources\layout\abc_activity_chooser_view.xml to C:\Users\dctm1\YongStudyApp\node_modules\expo\android\build\intermediates\verified_library_resources\release\verifyReleaseResources\compiled\layout_abc_activity_chooser_view.xml.flat
Compiling xml file C:\Users\dctm1\YongStudyApp\node_modules\expo\android\build\intermediates\merged_res\release\mergeReleaseResources\layout\abc_popup_menu_header_item_layout.xml to C:\Users\dctm1\YongStudyApp\node_modules\expo\android\build\intermediates\verified_library_resources\release\verifyReleaseResources\compiled\layout_abc_popup_menu_header_item_layout.xml.flat
Compiling image file C:\Users\dctm1\YongStudyApp\node_modules\expo\android\build\intermediates\merged_res\release\mergeReleaseResources\drawable-hdpi-v4\abc_text_select_handle_right_mtrl.png
Compiling xml file C:\Users\dctm1\YongStudyApp\node_modules\expo\android\build\intermediates\merged_res\release\mergeReleaseResources\layout\abc_list_menu_item_radio.xml to C:\Users\dctm1\YongStudyApp\node_modules\expo\android\build\intermediates\verified_library_resources\release\verifyReleaseResources\compiled\layout_abc_list_menu_item_radio.xml.flat
Compiling file C:\Users\dctm1\YongStudyApp\node_modules\expo\android\build\intermediates\merged_res\release\mergeReleaseResources\drawable-hdpi-v4\abc_text_select_handle_right_mtrl.png to C:\Users\dctm1\YongStudyApp\node_modules\expo\android\build\intermediates\verified_library_resources\release\verifyReleaseResources\compiled\drawable-hdpi-v4_abc_text_select_handle_right_mtrl.png.flat
Compiling xml file C:\Users\dctm1\YongStudyApp\node_modules\expo\android\build\intermediates\merged_res\release\mergeReleaseResources\layout\custom_dialog.xml to C:\Users\dctm1\YongStudyApp\node_modules\expo\android\build\intermediates\verified_library_resources\release\verifyReleaseResources\compiled\layout_custom_dialog.xml.flat
Compiling xml file C:\Users\dctm1\YongStudyApp\node_modules\expo\android\build\intermediates\merged_res\release\mergeReleaseResources\layout\autofill_inline_suggestion.xml to C:\Users\dctm1\YongStudyApp\node_modules\expo\android\build\intermediates\verified_library_resources\release\verifyReleaseResources\compiled\layout_autofill_inline_suggestion.xml.flat
Compiling image file C:\Users\dctm1\YongStudyApp\node_modules\expo\android\build\intermediates\merged_res\release\mergeReleaseResources\drawable-hdpi-v4\notify_panel_notification_icon_bg.png
Compiling file C:\Users\dctm1\YongStudyApp\node_modules\expo\android\build\intermediates\merged_res\release\mergeReleaseResources\drawable-hdpi-v4\notify_panel_notification_icon_bg.png to C:\Users\dctm1\YongStudyApp\node_modules\expo\android\build\intermediates\verified_library_resources\release\verifyReleaseResources\compiled\drawable-hdpi-v4_notify_panel_notification_icon_bg.png.flat
Compiling xml file C:\Users\dctm1\YongStudyApp\node_modules\expo\android\build\intermediates\merged_res\release\mergeReleaseResources\layout\notification_template_media.xml to C:\Users\dctm1\YongStudyApp\node_modules\expo\android\build\intermediates\verified_library_resources\release\verifyReleaseResources\compiled\layout_notification_template_media.xml.flat
Compiling xml file C:\Users\dctm1\YongStudyApp\node_modules\expo\android\build\intermediates\merged_res\release\mergeReleaseResources\layout-v21\notification_action.xml to C:\Users\dctm1\YongStudyApp\node_modules\expo\android\build\intermediates\verified_library_resources\release\verifyReleaseResources\compiled\layout-v21_notification_action.xml.flat
Compiling image file C:\Users\dctm1\YongStudyApp\node_modules\expo\android\build\intermediates\merged_res\release\mergeReleaseResources\drawable-mdpi-v4\abc_scrubber_control_off_mtrl_alpha.png
Compiling file C:\Users\dctm1\YongStudyApp\node_modules\expo\android\build\intermediates\merged_res\release\mergeReleaseResources\drawable-mdpi-v4\abc_scrubber_control_off_mtrl_alpha.png to C:\Users\dctm1\YongStudyApp\node_modules\expo\android\build\intermediates\verified_library_resources\release\verifyReleaseResources\compiled\drawable-mdpi-v4_abc_scrubber_control_off_mtrl_alpha.png.flat
Compiling xml file C:\Users\dctm1\YongStudyApp\node_modules\expo\android\build\intermediates\merged_res\release\mergeReleaseResources\layout\notification_template_lines_media.xml to C:\Users\dctm1\YongStudyApp\node_modules\expo\android\build\intermediates\verified_library_resources\release\verifyReleaseResources\compiled\layout_notification_template_lines_media.xml.flat
Compiling image file C:\Users\dctm1\YongStudyApp\node_modules\expo\android\build\intermediates\merged_res\release\mergeReleaseResources\drawable-mdpi-v4\ic_call_decline.png
Compiling file C:\Users\dctm1\YongStudyApp\node_modules\expo\android\build\intermediates\merged_res\release\mergeReleaseResources\drawable-mdpi-v4\ic_call_decline.png to C:\Users\dctm1\YongStudyApp\node_modules\expo\android\build\intermediates\verified_library_resources\release\verifyReleaseResources\compiled\drawable-mdpi-v4_ic_call_decline.png.flat
Compiling XML table C:\Users\dctm1\YongStudyApp\node_modules\expo\android\build\intermediates\merged_res\release\mergeReleaseResources\values-as\values-as.xml to C:\Users\dctm1\YongStudyApp\node_modules\expo\android\build\intermediates\verified_library_resources\release\verifyReleaseResources\compiled\values-as_values-as.arsc.flat
Compiling xml file C:\Users\dctm1\YongStudyApp\node_modules\expo\android\build\intermediates\merged_res\release\mergeReleaseResources\layout\support_simple_spinner_dropdown_item.xml to C:\Users\dctm1\YongStudyApp\node_modules\expo\android\build\intermediates\verified_library_resources\release\verifyReleaseResources\compiled\layout_support_simple_spinner_dropdown_item.xml.flat
Compiling xml file C:\Users\dctm1\YongStudyApp\node_modules\expo\android\build\intermediates\merged_res\release\mergeReleaseResources\drawable-watch-v20\abc_dialog_material_background.xml to C:\Users\dctm1\YongStudyApp\node_modules\expo\android\build\intermediates\verified_library_resources\release\verifyReleaseResources\compiled\drawable-watch-v20_abc_dialog_material_background.xml.flat
Compiling XML table C:\Users\dctm1\YongStudyApp\node_modules\expo\android\build\intermediates\merged_res\release\mergeReleaseResources\values-en-rAU\values-en-rAU.xml to C:\Users\dctm1\YongStudyApp\node_modules\expo\android\build\intermediates\verified_library_resources\release\verifyReleaseResources\compiled\values-en-rAU_values-en-rAU.arsc.flat
Compiling XML table C:\Users\dctm1\YongStudyApp\node_modules\expo\android\build\intermediates\merged_res\release\mergeReleaseResources\values-ar\values-ar.xml to C:\Users\dctm1\YongStudyApp\node_modules\expo\android\build\intermediates\verified_library_resources\release\verifyReleaseResources\compiled\values-ar_values-ar.arsc.flat
Compiling XML table C:\Users\dctm1\YongStudyApp\node_modules\expo\android\build\intermediates\merged_res\release\mergeReleaseResources\values-fr\values-fr.xml to C:\Users\dctm1\YongStudyApp\node_modules\expo\android\build\intermediates\verified_library_resources\release\verifyReleaseResources\compiled\values-fr_values-fr.arsc.flat
Compiling image file C:\Users\dctm1\YongStudyApp\node_modules\expo\android\build\intermediates\merged_res\release\mergeReleaseResources\drawable-xhdpi-v4\common_full_open_on_phone.png
Compiling file C:\Users\dctm1\YongStudyApp\node_modules\expo\android\build\intermediates\merged_res\release\mergeReleaseResources\drawable-xhdpi-v4\common_full_open_on_phone.png to C:\Users\dctm1\YongStudyApp\node_modules\expo\android\build\intermediates\verified_library_resources\release\verifyReleaseResources\compiled\drawable-xhdpi-v4_common_full_open_on_phone.png.flat
Compiling XML table C:\Users\dctm1\YongStudyApp\node_modules\expo\android\build\intermediates\merged_res\release\mergeReleaseResources\values-el\values-el.xml to C:\Users\dctm1\YongStudyApp\node_modules\expo\android\build\intermediates\verified_library_resources\release\verifyReleaseResources\compiled\values-el_values-el.arsc.flat
Compiling XML table C:\Users\dctm1\YongStudyApp\node_modules\expo\android\build\intermediates\merged_res\release\mergeReleaseResources\values-it\values-it.xml to C:\Users\dctm1\YongStudyApp\node_modules\expo\android\build\intermediates\verified_library_resources\release\verifyReleaseResources\compiled\values-it_values-it.arsc.flat
Compiling image file C:\Users\dctm1\YongStudyApp\node_modules\expo\android\build\intermediates\merged_res\release\mergeReleaseResources\drawable-xxhdpi-v4\abc_btn_check_to_on_mtrl_015.png
Compiling file C:\Users\dctm1\YongStudyApp\node_modules\expo\android\build\intermediates\merged_res\release\mergeReleaseResources\drawable-xxhdpi-v4\abc_btn_check_to_on_mtrl_015.png to C:\Users\dctm1\YongStudyApp\node_modules\expo\android\build\intermediates\verified_library_resources\release\verifyReleaseResources\compiled\drawable-xxhdpi-v4_abc_btn_check_to_on_mtrl_015.png.flat
Compiling XML table C:\Users\dctm1\YongStudyApp\node_modules\expo\android\build\intermediates\merged_res\release\mergeReleaseResources\values-fi\values-fi.xml to C:\Users\dctm1\YongStudyApp\node_modules\expo\android\build\intermediates\verified_library_resources\release\verifyReleaseResources\compiled\values-fi_values-fi.arsc.flat
Compiling XML table C:\Users\dctm1\YongStudyApp\node_modules\expo\android\build\intermediates\merged_res\release\mergeReleaseResources\values-lo\values-lo.xml to C:\Users\dctm1\YongStudyApp\node_modules\expo\android\build\intermediates\verified_library_resources\release\verifyReleaseResources\compiled\values-lo_values-lo.arsc.flat
Compiling image file C:\Users\dctm1\YongStudyApp\node_modules\expo\android\build\intermediates\merged_res\release\mergeReleaseResources\drawable-xxhdpi-v4\ic_call_answer.png
Compiling file C:\Users\dctm1\YongStudyApp\node_modules\expo\android\build\intermediates\merged_res\release\mergeReleaseResources\drawable-xxhdpi-v4\ic_call_answer.png to C:\Users\dctm1\YongStudyApp\node_modules\expo\android\build\intermediates\verified_library_resources\release\verifyReleaseResources\compiled\drawable-xxhdpi-v4_ic_call_answer.png.flat
Compiling XML table C:\Users\dctm1\YongStudyApp\node_modules\expo\android\build\intermediates\merged_res\release\mergeReleaseResources\values-nl\values-nl.xml to C:\Users\dctm1\YongStudyApp\node_modules\expo\android\build\intermediates\verified_library_resources\release\verifyReleaseResources\compiled\values-nl_values-nl.arsc.flat
Compiling XML table C:\Users\dctm1\YongStudyApp\node_modules\expo\android\build\intermediates\merged_res\release\mergeReleaseResources\values-is\values-is.xml to C:\Users\dctm1\YongStudyApp\node_modules\expo\android\build\intermediates\verified_library_resources\release\verifyReleaseResources\compiled\values-is_values-is.arsc.flat
Compiling image file C:\Users\dctm1\YongStudyApp\node_modules\expo\android\build\intermediates\merged_res\release\mergeReleaseResources\drawable-xxxhdpi-v4\abc_scrubber_control_to_pressed_mtrl_005.png
Compiling file C:\Users\dctm1\YongStudyApp\node_modules\expo\android\build\intermediates\merged_res\release\mergeReleaseResources\drawable-xxxhdpi-v4\abc_scrubber_control_to_pressed_mtrl_005.png to C:\Users\dctm1\YongStudyApp\node_modules\expo\android\build\intermediates\verified_library_resources\release\verifyReleaseResources\compiled\drawable-xxxhdpi-v4_abc_scrubber_control_to_pressed_mtrl_005.png.flat
Compiling xml file C:\Users\dctm1\YongStudyApp\node_modules\expo\android\build\intermediates\merged_res\release\mergeReleaseResources\interpolator\btn_checkbox_unchecked_mtrl_animation_interpolator_0.xml to C:\Users\dctm1\YongStudyApp\node_modules\expo\android\build\intermediates\verified_library_resources\release\verifyReleaseResources\compiled\interpolator_btn_checkbox_unchecked_mtrl_animation_interpolator_0.xml.flat
Compiling XML table C:\Users\dctm1\YongStudyApp\node_modules\expo\android\build\intermediates\merged_res\release\mergeReleaseResources\values-ldltr-v21\values-ldltr-v21.xml to C:\Users\dctm1\YongStudyApp\node_modules\expo\android\build\intermediates\verified_library_resources\release\verifyReleaseResources\compiled\values-ldltr-v21_values-ldltr-v21.arsc.flat
Compiling XML table C:\Users\dctm1\YongStudyApp\node_modules\expo\android\build\intermediates\merged_res\release\mergeReleaseResources\values-sl\values-sl.xml to C:\Users\dctm1\YongStudyApp\node_modules\expo\android\build\intermediates\verified_library_resources\release\verifyReleaseResources\compiled\values-sl_values-sl.arsc.flat
Compiling xml file C:\Users\dctm1\YongStudyApp\node_modules\expo\android\build\intermediates\merged_res\release\mergeReleaseResources\layout\abc_activity_chooser_view_list_item.xml to C:\Users\dctm1\YongStudyApp\node_modules\expo\android\build\intermediates\verified_library_resources\release\verifyReleaseResources\compiled\layout_abc_activity_chooser_view_list_item.xml.flat
Compiling XML table C:\Users\dctm1\YongStudyApp\node_modules\expo\android\build\intermediates\merged_res\release\mergeReleaseResources\values-night-v8\values-night-v8.xml to C:\Users\dctm1\YongStudyApp\node_modules\expo\android\build\intermediates\verified_library_resources\release\verifyReleaseResources\compiled\values-night-v8_values-night-v8.arsc.flat
Compiling XML table C:\Users\dctm1\YongStudyApp\node_modules\expo\android\build\intermediates\merged_res\release\mergeReleaseResources\values-ur\values-ur.xml to C:\Users\dctm1\YongStudyApp\node_modules\expo\android\build\intermediates\verified_library_resources\release\verifyReleaseResources\compiled\values-ur_values-ur.arsc.flat
Compiling xml file C:\Users\dctm1\YongStudyApp\node_modules\expo\android\build\intermediates\merged_res\release\mergeReleaseResources\layout\abc_popup_menu_item_layout.xml to C:\Users\dctm1\YongStudyApp\node_modules\expo\android\build\intermediates\verified_library_resources\release\verifyReleaseResources\compiled\layout_abc_popup_menu_item_layout.xml.flat
Compiling XML table C:\Users\dctm1\YongStudyApp\node_modules\expo\android\build\intermediates\merged_res\release\mergeReleaseResources\values-sk\values-sk.xml to C:\Users\dctm1\YongStudyApp\node_modules\expo\android\build\intermediates\verified_library_resources\release\verifyReleaseResources\compiled\values-sk_values-sk.arsc.flat
Compiling xml file C:\Users\dctm1\YongStudyApp\node_modules\expo\android\build\intermediates\merged_res\release\mergeReleaseResources\layout\dev_loading_view.xml to C:\Users\dctm1\YongStudyApp\node_modules\expo\android\build\intermediates\verified_library_resources\release\verifyReleaseResources\compiled\layout_dev_loading_view.xml.flat
Compiling XML table C:\Users\dctm1\YongStudyApp\node_modules\expo\android\build\intermediates\merged_res\release\mergeReleaseResources\values-vi\values-vi.xml to C:\Users\dctm1\YongStudyApp\node_modules\expo\android\build\intermediates\verified_library_resources\release\verifyReleaseResources\compiled\values-vi_values-vi.arsc.flat
Compiling XML table C:\Users\dctm1\YongStudyApp\node_modules\expo\android\build\intermediates\merged_res\release\mergeReleaseResources\values-uk\values-uk.xml to C:\Users\dctm1\YongStudyApp\node_modules\expo\android\build\intermediates\verified_library_resources\release\verifyReleaseResources\compiled\values-uk_values-uk.arsc.flat
Compiling xml file C:\Users\dctm1\YongStudyApp\node_modules\expo\android\build\intermediates\merged_res\release\mergeReleaseResources\layout\notification_template_media_custom.xml to C:\Users\dctm1\YongStudyApp\node_modules\expo\android\build\intermediates\verified_library_resources\release\verifyReleaseResources\compiled\layout_notification_template_media_custom.xml.flat
Compiling xml file C:\Users\dctm1\YongStudyApp\node_modules\expo\android\build\intermediates\merged_res\release\mergeReleaseResources\anim\abc_slide_out_bottom.xml to C:\Users\dctm1\YongStudyApp\node_modules\expo\android\build\intermediates\verified_library_resources\release\verifyReleaseResources\compiled\anim_abc_slide_out_bottom.xml.flat
Compiling XML table C:\Users\dctm1\YongStudyApp\node_modules\expo\android\build\intermediates\merged_res\release\mergeReleaseResources\values-v28\values-v28.xml to C:\Users\dctm1\YongStudyApp\node_modules\expo\android\build\intermediates\verified_library_resources\release\verifyReleaseResources\compiled\values-v28_values-v28.arsc.flat
Compiling xml file C:\Users\dctm1\YongStudyApp\node_modules\expo\android\build\intermediates\merged_res\release\mergeReleaseResources\layout-v21\notification_action_tombstone.xml to C:\Users\dctm1\YongStudyApp\node_modules\expo\android\build\intermediates\verified_library_resources\release\verifyReleaseResources\compiled\layout-v21_notification_action_tombstone.xml.flat
Compiling xml file C:\Users\dctm1\YongStudyApp\node_modules\expo\android\build\intermediates\merged_res\release\mergeReleaseResources\anim\btn_radio_to_off_mtrl_ring_outer_path_animation.xml to C:\Users\dctm1\YongStudyApp\node_modules\expo\android\build\intermediates\verified_library_resources\release\verifyReleaseResources\compiled\anim_btn_radio_to_off_mtrl_ring_outer_path_animation.xml.flat
Compiling XML table C:\Users\dctm1\YongStudyApp\node_modules\expo\android\build\intermediates\merged_res\release\mergeReleaseResources\values-az\values-az.xml to C:\Users\dctm1\YongStudyApp\node_modules\expo\android\build\intermediates\verified_library_resources\release\verifyReleaseResources\compiled\values-az_values-az.arsc.flat
Compiling xml file C:\Users\dctm1\YongStudyApp\node_modules\expo\android\build\intermediates\merged_res\release\mergeReleaseResources\animator\fragment_close_exit.xml to C:\Users\dctm1\YongStudyApp\node_modules\expo\android\build\intermediates\verified_library_resources\release\verifyReleaseResources\compiled\animator_fragment_close_exit.xml.flat
Compiling xml file C:\Users\dctm1\YongStudyApp\node_modules\expo\android\build\intermediates\merged_res\release\mergeReleaseResources\anim\abc_slide_out_top.xml to C:\Users\dctm1\YongStudyApp\node_modules\expo\android\build\intermediates\verified_library_resources\release\verifyReleaseResources\compiled\anim_abc_slide_out_top.xml.flat
Compiling xml file C:\Users\dctm1\YongStudyApp\node_modules\expo\android\build\intermediates\merged_res\release\mergeReleaseResources\color\abc_primary_text_material_light.xml to C:\Users\dctm1\YongStudyApp\node_modules\expo\android\build\intermediates\verified_library_resources\release\verifyReleaseResources\compiled\color_abc_primary_text_material_light.xml.flat
Compiling xml file C:\Users\dctm1\YongStudyApp\node_modules\expo\android\build\intermediates\merged_res\release\mergeReleaseResources\anim\btn_radio_to_on_mtrl_dot_group_animation.xml to C:\Users\dctm1\YongStudyApp\node_modules\expo\android\build\intermediates\verified_library_resources\release\verifyReleaseResources\compiled\anim_btn_radio_to_on_mtrl_dot_group_animation.xml.flat
Compiling XML table C:\Users\dctm1\YongStudyApp\node_modules\expo\android\build\intermediates\merged_res\release\mergeReleaseResources\values-en-rCA\values-en-rCA.xml to C:\Users\dctm1\YongStudyApp\node_modules\expo\android\build\intermediates\verified_library_resources\release\verifyReleaseResources\compiled\values-en-rCA_values-en-rCA.arsc.flat
Compiling xml file C:\Users\dctm1\YongStudyApp\node_modules\expo\android\build\intermediates\merged_res\release\mergeReleaseResources\color-v23\abc_tint_btn_checkable.xml to C:\Users\dctm1\YongStudyApp\node_modules\expo\android\build\intermediates\verified_library_resources\release\verifyReleaseResources\compiled\color-v23_abc_tint_btn_checkable.xml.flat
Compiling xml file C:\Users\dctm1\YongStudyApp\node_modules\expo\android\build\intermediates\merged_res\release\mergeReleaseResources\drawable\abc_cab_background_internal_bg.xml to C:\Users\dctm1\YongStudyApp\node_modules\expo\android\build\intermediates\verified_library_resources\release\verifyReleaseResources\compiled\drawable_abc_cab_background_internal_bg.xml.flat
Compiling xml file C:\Users\dctm1\YongStudyApp\node_modules\expo\android\build\intermediates\merged_res\release\mergeReleaseResources\animator\fragment_fade_enter.xml to C:\Users\dctm1\YongStudyApp\node_modules\expo\android\build\intermediates\verified_library_resources\release\verifyReleaseResources\compiled\animator_fragment_fade_enter.xml.flat
Compiling XML table C:\Users\dctm1\YongStudyApp\node_modules\expo\android\build\intermediates\merged_res\release\mergeReleaseResources\values-fr-rCA\values-fr-rCA.xml to C:\Users\dctm1\YongStudyApp\node_modules\expo\android\build\intermediates\verified_library_resources\release\verifyReleaseResources\compiled\values-fr-rCA_values-fr-rCA.arsc.flat
Compiling xml file C:\Users\dctm1\YongStudyApp\node_modules\expo\android\build\intermediates\merged_res\release\mergeReleaseResources\drawable\abc_ic_search_api_material.xml to C:\Users\dctm1\YongStudyApp\node_modules\expo\android\build\intermediates\verified_library_resources\release\verifyReleaseResources\compiled\drawable_abc_ic_search_api_material.xml.flat
Compiling xml file C:\Users\dctm1\YongStudyApp\node_modules\expo\android\build\intermediates\merged_res\release\mergeReleaseResources\color\abc_search_url_text.xml to C:\Users\dctm1\YongStudyApp\node_modules\expo\android\build\intermediates\verified_library_resources\release\verifyReleaseResources\compiled\color_abc_search_url_text.xml.flat
Compiling xml file C:\Users\dctm1\YongStudyApp\node_modules\expo\android\build\intermediates\merged_res\release\mergeReleaseResources\drawable\abc_seekbar_tick_mark_material.xml to C:\Users\dctm1\YongStudyApp\node_modules\expo\android\build\intermediates\verified_library_resources\release\verifyReleaseResources\compiled\drawable_abc_seekbar_tick_mark_material.xml.flat
Compiling xml file C:\Users\dctm1\YongStudyApp\node_modules\expo\android\build\intermediates\merged_res\release\mergeReleaseResources\color-v23\abc_tint_default.xml to C:\Users\dctm1\YongStudyApp\node_modules\expo\android\build\intermediates\verified_library_resources\release\verifyReleaseResources\compiled\color-v23_abc_tint_default.xml.flat
Compiling XML table C:\Users\dctm1\YongStudyApp\node_modules\expo\android\build\intermediates\merged_res\release\mergeReleaseResources\values-iw\values-iw.xml to C:\Users\dctm1\YongStudyApp\node_modules\expo\android\build\intermediates\verified_library_resources\release\verifyReleaseResources\compiled\values-iw_values-iw.arsc.flat
Compiling xml file C:\Users\dctm1\YongStudyApp\node_modules\expo\android\build\intermediates\merged_res\release\mergeReleaseResources\drawable\btn_checkbox_unchecked_mtrl.xml to C:\Users\dctm1\YongStudyApp\node_modules\expo\android\build\intermediates\verified_library_resources\release\verifyReleaseResources\compiled\drawable_btn_checkbox_unchecked_mtrl.xml.flat
Compiling xml file C:\Users\dctm1\YongStudyApp\node_modules\expo\android\build\intermediates\merged_res\release\mergeReleaseResources\drawable\common_google_signin_btn_icon_light_normal.xml to C:\Users\dctm1\YongStudyApp\node_modules\expo\android\build\intermediates\verified_library_resources\release\verifyReleaseResources\compiled\drawable_common_google_signin_btn_icon_light_normal.xml.flat
Compiling xml file C:\Users\dctm1\YongStudyApp\node_modules\expo\android\build\intermediates\merged_res\release\mergeReleaseResources\drawable\abc_cab_background_top_material.xml to C:\Users\dctm1\YongStudyApp\node_modules\expo\android\build\intermediates\verified_library_resources\release\verifyReleaseResources\compiled\drawable_abc_cab_background_top_material.xml.flat
Compiling xml file C:\Users\dctm1\YongStudyApp\node_modules\expo\android\build\intermediates\merged_res\release\mergeReleaseResources\drawable\paused_in_debugger_background.xml to C:\Users\dctm1\YongStudyApp\node_modules\expo\android\build\intermediates\verified_library_resources\release\verifyReleaseResources\compiled\drawable_paused_in_debugger_background.xml.flat
Compiling XML table C:\Users\dctm1\YongStudyApp\node_modules\expo\android\build\intermediates\merged_res\release\mergeReleaseResources\values-lt\values-lt.xml to C:\Users\dctm1\YongStudyApp\node_modules\expo\android\build\intermediates\verified_library_resources\release\verifyReleaseResources\compiled\values-lt_values-lt.arsc.flat
Compiling xml file C:\Users\dctm1\YongStudyApp\node_modules\expo\android\build\intermediates\merged_res\release\mergeReleaseResources\drawable\abc_ic_voice_search_api_material.xml to C:\Users\dctm1\YongStudyApp\node_modules\expo\android\build\intermediates\verified_library_resources\release\verifyReleaseResources\compiled\drawable_abc_ic_voice_search_api_material.xml.flat
Compiling xml file C:\Users\dctm1\YongStudyApp\node_modules\expo\android\build\intermediates\merged_res\release\mergeReleaseResources\drawable-anydpi-v21\ic_call_decline_low.xml to C:\Users\dctm1\YongStudyApp\node_modules\expo\android\build\intermediates\verified_library_resources\release\verifyReleaseResources\compiled\drawable-anydpi-v21_ic_call_decline_low.xml.flat
Compiling image file C:\Users\dctm1\YongStudyApp\node_modules\expo\android\build\intermediates\merged_res\release\mergeReleaseResources\drawable-hdpi-v4\common_full_open_on_phone.png
Compiling file C:\Users\dctm1\YongStudyApp\node_modules\expo\android\build\intermediates\merged_res\release\mergeReleaseResources\drawable-hdpi-v4\common_full_open_on_phone.png to C:\Users\dctm1\YongStudyApp\node_modules\expo\android\build\intermediates\verified_library_resources\release\verifyReleaseResources\compiled\drawable-hdpi-v4_common_full_open_on_phone.png.flat
Compiling xml file C:\Users\dctm1\YongStudyApp\node_modules\expo\android\build\intermediates\merged_res\release\mergeReleaseResources\drawable\abc_seekbar_track_material.xml to C:\Users\dctm1\YongStudyApp\node_modules\expo\android\build\intermediates\verified_library_resources\release\verifyReleaseResources\compiled\drawable_abc_seekbar_track_material.xml.flat
Compiling XML table C:\Users\dctm1\YongStudyApp\node_modules\expo\android\build\intermediates\merged_res\release\mergeReleaseResources\values-or\values-or.xml to C:\Users\dctm1\YongStudyApp\node_modules\expo\android\build\intermediates\verified_library_resources\release\verifyReleaseResources\compiled\values-or_values-or.arsc.flat
Compiling image file C:\Users\dctm1\YongStudyApp\node_modules\expo\android\build\intermediates\merged_res\release\mergeReleaseResources\drawable-ldpi-v4\ic_call_answer.png
Compiling file C:\Users\dctm1\YongStudyApp\node_modules\expo\android\build\intermediates\merged_res\release\mergeReleaseResources\drawable-ldpi-v4\ic_call_answer.png to C:\Users\dctm1\YongStudyApp\node_modules\expo\android\build\intermediates\verified_library_resources\release\verifyReleaseResources\compiled\drawable-ldpi-v4_ic_call_answer.png.flat
Compiling image file C:\Users\dctm1\YongStudyApp\node_modules\expo\android\build\intermediates\merged_res\release\mergeReleaseResources\drawable-mdpi-v4\abc_scrubber_control_to_pressed_mtrl_000.png
Compiling file C:\Users\dctm1\YongStudyApp\node_modules\expo\android\build\intermediates\merged_res\release\mergeReleaseResources\drawable-mdpi-v4\abc_scrubber_control_to_pressed_mtrl_000.png to C:\Users\dctm1\YongStudyApp\node_modules\expo\android\build\intermediates\verified_library_resources\release\verifyReleaseResources\compiled\drawable-mdpi-v4_abc_scrubber_control_to_pressed_mtrl_000.png.flat
Compiling XML table C:\Users\dctm1\YongStudyApp\node_modules\expo\android\build\intermediates\merged_res\release\mergeReleaseResources\values-sq\values-sq.xml to C:\Users\dctm1\YongStudyApp\node_modules\expo\android\build\intermediates\verified_library_resources\release\verifyReleaseResources\compiled\values-sq_values-sq.arsc.flat
Compiling xml file C:\Users\dctm1\YongStudyApp\node_modules\expo\android\build\intermediates\merged_res\release\mergeReleaseResources\drawable\btn_checkbox_unchecked_to_checked_mtrl_animation.xml to C:\Users\dctm1\YongStudyApp\node_modules\expo\android\build\intermediates\verified_library_resources\release\verifyReleaseResources\compiled\drawable_btn_checkbox_unchecked_to_checked_mtrl_animation.xml.flat
Compiling image file C:\Users\dctm1\YongStudyApp\node_modules\expo\android\build\intermediates\merged_res\release\mergeReleaseResources\drawable-mdpi-v4\ic_call_decline_low.png
Compiling file C:\Users\dctm1\YongStudyApp\node_modules\expo\android\build\intermediates\merged_res\release\mergeReleaseResources\drawable-mdpi-v4\ic_call_decline_low.png to C:\Users\dctm1\YongStudyApp\node_modules\expo\android\build\intermediates\verified_library_resources\release\verifyReleaseResources\compiled\drawable-mdpi-v4_ic_call_decline_low.png.flat
Compiling image file C:\Users\dctm1\YongStudyApp\node_modules\expo\android\build\intermediates\merged_res\release\mergeReleaseResources\drawable-xhdpi-v4\abc_btn_check_to_on_mtrl_000.png
Compiling file C:\Users\dctm1\YongStudyApp\node_modules\expo\android\build\intermediates\merged_res\release\mergeReleaseResources\drawable-xhdpi-v4\abc_btn_check_to_on_mtrl_000.png to C:\Users\dctm1\YongStudyApp\node_modules\expo\android\build\intermediates\verified_library_resources\release\verifyReleaseResources\compiled\drawable-xhdpi-v4_abc_btn_check_to_on_mtrl_000.png.flat
Compiling xml file C:\Users\dctm1\YongStudyApp\node_modules\expo\android\build\intermediates\merged_res\release\mergeReleaseResources\drawable\common_google_signin_btn_text_dark.xml to C:\Users\dctm1\YongStudyApp\node_modules\expo\android\build\intermediates\verified_library_resources\release\verifyReleaseResources\compiled\drawable_common_google_signin_btn_text_dark.xml.flat
Compiling XML table C:\Users\dctm1\YongStudyApp\node_modules\expo\android\build\intermediates\merged_res\release\mergeReleaseResources\values-uz\values-uz.xml to C:\Users\dctm1\YongStudyApp\node_modules\expo\android\build\intermediates\verified_library_resources\release\verifyReleaseResources\compiled\values-uz_values-uz.arsc.flat
Compiling image file C:\Users\dctm1\YongStudyApp\node_modules\expo\android\build\intermediates\merged_res\release\mergeReleaseResources\drawable-xhdpi-v4\googleg_disabled_color_18.png
Compiling file C:\Users\dctm1\YongStudyApp\node_modules\expo\android\build\intermediates\merged_res\release\mergeReleaseResources\drawable-xhdpi-v4\googleg_disabled_color_18.png to C:\Users\dctm1\YongStudyApp\node_modules\expo\android\build\intermediates\verified_library_resources\release\verifyReleaseResources\compiled\drawable-xhdpi-v4_googleg_disabled_color_18.png.flat
Compiling image file C:\Users\dctm1\YongStudyApp\node_modules\expo\android\build\intermediates\merged_res\release\mergeReleaseResources\drawable-xxhdpi-v4\abc_btn_radio_to_on_mtrl_000.png
Compiling file C:\Users\dctm1\YongStudyApp\node_modules\expo\android\build\intermediates\merged_res\release\mergeReleaseResources\drawable-xxhdpi-v4\abc_btn_radio_to_on_mtrl_000.png to C:\Users\dctm1\YongStudyApp\node_modules\expo\android\build\intermediates\verified_library_resources\release\verifyReleaseResources\compiled\drawable-xxhdpi-v4_abc_btn_radio_to_on_mtrl_000.png.flat
Compiling xml file C:\Users\dctm1\YongStudyApp\node_modules\expo\android\build\intermediates\merged_res\release\mergeReleaseResources\drawable\paused_in_debugger_dialog_background.xml to C:\Users\dctm1\YongStudyApp\node_modules\expo\android\build\intermediates\verified_library_resources\release\verifyReleaseResources\compiled\drawable_paused_in_debugger_dialog_background.xml.flat
Compiling XML table C:\Users\dctm1\YongStudyApp\node_modules\expo\android\build\intermediates\merged_res\release\mergeReleaseResources\values-watch-v20\values-watch-v20.xml to C:\Users\dctm1\YongStudyApp\node_modules\expo\android\build\intermediates\verified_library_resources\release\verifyReleaseResources\compiled\values-watch-v20_values-watch-v20.arsc.flat
Compiling image file C:\Users\dctm1\YongStudyApp\node_modules\expo\android\build\intermediates\merged_res\release\mergeReleaseResources\drawable-xxhdpi-v4\ic_call_answer_low.png
Compiling file C:\Users\dctm1\YongStudyApp\node_modules\expo\android\build\intermediates\merged_res\release\mergeReleaseResources\drawable-xxhdpi-v4\ic_call_answer_low.png to C:\Users\dctm1\YongStudyApp\node_modules\expo\android\build\intermediates\verified_library_resources\release\verifyReleaseResources\compiled\drawable-xxhdpi-v4_ic_call_answer_low.png.flat
Compiling image file C:\Users\dctm1\YongStudyApp\node_modules\expo\android\build\intermediates\merged_res\release\mergeReleaseResources\drawable-hdpi-v4\abc_btn_check_to_on_mtrl_000.png
Compiling file C:\Users\dctm1\YongStudyApp\node_modules\expo\android\build\intermediates\merged_res\release\mergeReleaseResources\drawable-hdpi-v4\abc_btn_check_to_on_mtrl_000.png to C:\Users\dctm1\YongStudyApp\node_modules\expo\android\build\intermediates\verified_library_resources\release\verifyReleaseResources\compiled\drawable-hdpi-v4_abc_btn_check_to_on_mtrl_000.png.flat
Compiling image file C:\Users\dctm1\YongStudyApp\node_modules\expo\android\build\intermediates\merged_res\release\mergeReleaseResources\drawable-xxxhdpi-v4\abc_text_select_handle_left_mtrl.png
Compiling file C:\Users\dctm1\YongStudyApp\node_modules\expo\android\build\intermediates\merged_res\release\mergeReleaseResources\drawable-xxxhdpi-v4\abc_text_select_handle_left_mtrl.png to C:\Users\dctm1\YongStudyApp\node_modules\expo\android\build\intermediates\verified_library_resources\release\verifyReleaseResources\compiled\drawable-xxxhdpi-v4_abc_text_select_handle_left_mtrl.png.flat
Compiling image file C:\Users\dctm1\YongStudyApp\node_modules\expo\android\build\intermediates\merged_res\release\mergeReleaseResources\drawable-hdpi-v4\googleg_disabled_color_18.png
Compiling file C:\Users\dctm1\YongStudyApp\node_modules\expo\android\build\intermediates\merged_res\release\mergeReleaseResources\drawable-hdpi-v4\googleg_disabled_color_18.png to C:\Users\dctm1\YongStudyApp\node_modules\expo\android\build\intermediates\verified_library_resources\release\verifyReleaseResources\compiled\drawable-hdpi-v4_googleg_disabled_color_18.png.flat
Compiling xml file C:\Users\dctm1\YongStudyApp\node_modules\expo\android\build\intermediates\merged_res\release\mergeReleaseResources\anim\abc_tooltip_enter.xml to C:\Users\dctm1\YongStudyApp\node_modules\expo\android\build\intermediates\verified_library_resources\release\verifyReleaseResources\compiled\anim_abc_tooltip_enter.xml.flat
Compiling xml file C:\Users\dctm1\YongStudyApp\node_modules\expo\android\build\intermediates\merged_res\release\mergeReleaseResources\interpolator\btn_checkbox_unchecked_mtrl_animation_interpolator_1.xml to C:\Users\dctm1\YongStudyApp\node_modules\expo\android\build\intermediates\verified_library_resources\release\verifyReleaseResources\compiled\interpolator_btn_checkbox_unchecked_mtrl_animation_interpolator_1.xml.flat
Compiling image file C:\Users\dctm1\YongStudyApp\node_modules\expo\android\build\intermediates\merged_res\release\mergeReleaseResources\drawable-ldpi-v4\ic_call_answer_low.png
Compiling file C:\Users\dctm1\YongStudyApp\node_modules\expo\android\build\intermediates\merged_res\release\mergeReleaseResources\drawable-ldpi-v4\ic_call_answer_low.png to C:\Users\dctm1\YongStudyApp\node_modules\expo\android\build\intermediates\verified_library_resources\release\verifyReleaseResources\compiled\drawable-ldpi-v4_ic_call_answer_low.png.flat
Compiling xml file C:\Users\dctm1\YongStudyApp\node_modules\expo\android\build\intermediates\merged_res\release\mergeReleaseResources\layout\abc_alert_dialog_button_bar_material.xml to C:\Users\dctm1\YongStudyApp\node_modules\expo\android\build\intermediates\verified_library_resources\release\verifyReleaseResources\compiled\layout_abc_alert_dialog_button_bar_material.xml.flat
Compiling xml file C:\Users\dctm1\YongStudyApp\node_modules\expo\android\build\intermediates\merged_res\release\mergeReleaseResources\anim\btn_radio_to_on_mtrl_ring_outer_animation.xml to C:\Users\dctm1\YongStudyApp\node_modules\expo\android\build\intermediates\verified_library_resources\release\verifyReleaseResources\compiled\anim_btn_radio_to_on_mtrl_ring_outer_animation.xml.flat
Compiling image file C:\Users\dctm1\YongStudyApp\node_modules\expo\android\build\intermediates\merged_res\release\mergeReleaseResources\drawable-mdpi-v4\abc_scrubber_control_to_pressed_mtrl_005.png
Compiling file C:\Users\dctm1\YongStudyApp\node_modules\expo\android\build\intermediates\merged_res\release\mergeReleaseResources\drawable-mdpi-v4\abc_scrubber_control_to_pressed_mtrl_005.png to C:\Users\dctm1\YongStudyApp\node_modules\expo\android\build\intermediates\verified_library_resources\release\verifyReleaseResources\compiled\drawable-mdpi-v4_abc_scrubber_control_to_pressed_mtrl_005.png.flat
Compiling xml file C:\Users\dctm1\YongStudyApp\node_modules\expo\android\build\intermediates\merged_res\release\mergeReleaseResources\layout\abc_screen_content_include.xml to C:\Users\dctm1\YongStudyApp\node_modules\expo\android\build\intermediates\verified_library_resources\release\verifyReleaseResources\compiled\layout_abc_screen_content_include.xml.flat
Compiling xml file C:\Users\dctm1\YongStudyApp\node_modules\expo\android\build\intermediates\merged_res\release\mergeReleaseResources\animator\fragment_fade_exit.xml to C:\Users\dctm1\YongStudyApp\node_modules\expo\android\build\intermediates\verified_library_resources\release\verifyReleaseResources\compiled\animator_fragment_fade_exit.xml.flat
Compiling image file C:\Users\dctm1\YongStudyApp\node_modules\expo\android\build\intermediates\merged_res\release\mergeReleaseResources\drawable-mdpi-v4\ic_resume.png
Compiling file C:\Users\dctm1\YongStudyApp\node_modules\expo\android\build\intermediates\merged_res\release\mergeReleaseResources\drawable-mdpi-v4\ic_resume.png to C:\Users\dctm1\YongStudyApp\node_modules\expo\android\build\intermediates\verified_library_resources\release\verifyReleaseResources\compiled\drawable-mdpi-v4_ic_resume.png.flat
Compiling xml file C:\Users\dctm1\YongStudyApp\node_modules\expo\android\build\intermediates\merged_res\release\mergeReleaseResources\layout\fps_view.xml to C:\Users\dctm1\YongStudyApp\node_modules\expo\android\build\intermediates\verified_library_resources\release\verifyReleaseResources\compiled\layout_fps_view.xml.flat
Compiling xml file C:\Users\dctm1\YongStudyApp\node_modules\expo\android\build\intermediates\merged_res\release\mergeReleaseResources\layout\notification_template_part_chronometer.xml to C:\Users\dctm1\YongStudyApp\node_modules\expo\android\build\intermediates\verified_library_resources\release\verifyReleaseResources\compiled\layout_notification_template_part_chronometer.xml.flat
Compiling xml file C:\Users\dctm1\YongStudyApp\node_modules\expo\android\build\intermediates\merged_res\release\mergeReleaseResources\color\abc_secondary_text_material_dark.xml to C:\Users\dctm1\YongStudyApp\node_modules\expo\android\build\intermediates\verified_library_resources\release\verifyReleaseResources\compiled\color_abc_secondary_text_material_dark.xml.flat
Compiling image file C:\Users\dctm1\YongStudyApp\node_modules\expo\android\build\intermediates\merged_res\release\mergeReleaseResources\drawable-xhdpi-v4\abc_btn_check_to_on_mtrl_015.png
Compiling file C:\Users\dctm1\YongStudyApp\node_modules\expo\android\build\intermediates\merged_res\release\mergeReleaseResources\drawable-xhdpi-v4\abc_btn_check_to_on_mtrl_015.png to C:\Users\dctm1\YongStudyApp\node_modules\expo\android\build\intermediates\verified_library_resources\release\verifyReleaseResources\compiled\drawable-xhdpi-v4_abc_btn_check_to_on_mtrl_015.png.flat
Compiling xml file C:\Users\dctm1\YongStudyApp\node_modules\expo\android\build\intermediates\merged_res\release\mergeReleaseResources\layout-v21\notification_template_custom_big.xml to C:\Users\dctm1\YongStudyApp\node_modules\expo\android\build\intermediates\verified_library_resources\release\verifyReleaseResources\compiled\layout-v21_notification_template_custom_big.xml.flat
Compiling image file C:\Users\dctm1\YongStudyApp\node_modules\expo\android\build\intermediates\merged_res\release\mergeReleaseResources\drawable-xhdpi-v4\googleg_standard_color_18.png
Compiling xml file C:\Users\dctm1\YongStudyApp\node_modules\expo\android\build\intermediates\merged_res\release\mergeReleaseResources\color-v23\abc_tint_edittext.xml to C:\Users\dctm1\YongStudyApp\node_modules\expo\android\build\intermediates\verified_library_resources\release\verifyReleaseResources\compiled\color-v23_abc_tint_edittext.xml.flat
Compiling file C:\Users\dctm1\YongStudyApp\node_modules\expo\android\build\intermediates\merged_res\release\mergeReleaseResources\drawable-xhdpi-v4\googleg_standard_color_18.png to C:\Users\dctm1\YongStudyApp\node_modules\expo\android\build\intermediates\verified_library_resources\release\verifyReleaseResources\compiled\drawable-xhdpi-v4_googleg_standard_color_18.png.flat
Compiling XML table C:\Users\dctm1\YongStudyApp\node_modules\expo\android\build\intermediates\merged_res\release\mergeReleaseResources\values-b+sr+Latn\values-b+sr+Latn.xml to C:\Users\dctm1\YongStudyApp\node_modules\expo\android\build\intermediates\verified_library_resources\release\verifyReleaseResources\compiled\values-b+sr+Latn_values-b+sr+Latn.arsc.flat
Compiling xml file C:\Users\dctm1\YongStudyApp\node_modules\expo\android\build\intermediates\merged_res\release\mergeReleaseResources\drawable\abc_ic_ab_back_material.xml to C:\Users\dctm1\YongStudyApp\node_modules\expo\android\build\intermediates\verified_library_resources\release\verifyReleaseResources\compiled\drawable_abc_ic_ab_back_material.xml.flat
Compiling image file C:\Users\dctm1\YongStudyApp\node_modules\expo\android\build\intermediates\merged_res\release\mergeReleaseResources\drawable-xxhdpi-v4\abc_btn_radio_to_on_mtrl_015.png
Compiling file C:\Users\dctm1\YongStudyApp\node_modules\expo\android\build\intermediates\merged_res\release\mergeReleaseResources\drawable-xxhdpi-v4\abc_btn_radio_to_on_mtrl_015.png to C:\Users\dctm1\YongStudyApp\node_modules\expo\android\build\intermediates\verified_library_resources\release\verifyReleaseResources\compiled\drawable-xxhdpi-v4_abc_btn_radio_to_on_mtrl_015.png.flat
Compiling XML table C:\Users\dctm1\YongStudyApp\node_modules\expo\android\build\intermediates\merged_res\release\mergeReleaseResources\values-en-rGB\values-en-rGB.xml to C:\Users\dctm1\YongStudyApp\node_modules\expo\android\build\intermediates\verified_library_resources\release\verifyReleaseResources\compiled\values-en-rGB_values-en-rGB.arsc.flat
Compiling image file C:\Users\dctm1\YongStudyApp\node_modules\expo\android\build\intermediates\merged_res\release\mergeReleaseResources\drawable-xxhdpi-v4\ic_call_answer_video.png
Compiling file C:\Users\dctm1\YongStudyApp\node_modules\expo\android\build\intermediates\merged_res\release\mergeReleaseResources\drawable-xxhdpi-v4\ic_call_answer_video.png to C:\Users\dctm1\YongStudyApp\node_modules\expo\android\build\intermediates\verified_library_resources\release\verifyReleaseResources\compiled\drawable-xxhdpi-v4_ic_call_answer_video.png.flat
Compiling xml file C:\Users\dctm1\YongStudyApp\node_modules\expo\android\build\intermediates\merged_res\release\mergeReleaseResources\drawable\abc_item_background_holo_dark.xml to C:\Users\dctm1\YongStudyApp\node_modules\expo\android\build\intermediates\verified_library_resources\release\verifyReleaseResources\compiled\drawable_abc_item_background_holo_dark.xml.flat
Compiling XML table C:\Users\dctm1\YongStudyApp\node_modules\expo\android\build\intermediates\merged_res\release\mergeReleaseResources\values-gl\values-gl.xml to C:\Users\dctm1\YongStudyApp\node_modules\expo\android\build\intermediates\verified_library_resources\release\verifyReleaseResources\compiled\values-gl_values-gl.arsc.flat
Compiling image file C:\Users\dctm1\YongStudyApp\node_modules\expo\android\build\intermediates\merged_res\release\mergeReleaseResources\drawable-xxxhdpi-v4\abc_text_select_handle_right_mtrl.png
Compiling file C:\Users\dctm1\YongStudyApp\node_modules\expo\android\build\intermediates\merged_res\release\mergeReleaseResources\drawable-xxxhdpi-v4\abc_text_select_handle_right_mtrl.png to C:\Users\dctm1\YongStudyApp\node_modules\expo\android\build\intermediates\verified_library_resources\release\verifyReleaseResources\compiled\drawable-xxxhdpi-v4_abc_text_select_handle_right_mtrl.png.flat
Compiling xml file C:\Users\dctm1\YongStudyApp\node_modules\expo\android\build\intermediates\merged_res\release\mergeReleaseResources\drawable\abc_spinner_textfield_background_material.xml to C:\Users\dctm1\YongStudyApp\node_modules\expo\android\build\intermediates\verified_library_resources\release\verifyReleaseResources\compiled\drawable_abc_spinner_textfield_background_material.xml.flat
Compiling XML table C:\Users\dctm1\YongStudyApp\node_modules\expo\android\build\intermediates\merged_res\release\mergeReleaseResources\values-ja\values-ja.xml to C:\Users\dctm1\YongStudyApp\node_modules\expo\android\build\intermediates\verified_library_resources\release\verifyReleaseResources\compiled\values-ja_values-ja.arsc.flat
Compiling xml file C:\Users\dctm1\YongStudyApp\node_modules\expo\android\build\intermediates\merged_res\release\mergeReleaseResources\interpolator\btn_radio_to_off_mtrl_animation_interpolator_0.xml to C:\Users\dctm1\YongStudyApp\node_modules\expo\android\build\intermediates\verified_library_resources\release\verifyReleaseResources\compiled\interpolator_btn_radio_to_off_mtrl_animation_interpolator_0.xml.flat
Compiling xml file C:\Users\dctm1\YongStudyApp\node_modules\expo\android\build\intermediates\merged_res\release\mergeReleaseResources\drawable\btn_radio_off_mtrl.xml to C:\Users\dctm1\YongStudyApp\node_modules\expo\android\build\intermediates\verified_library_resources\release\verifyReleaseResources\compiled\drawable_btn_radio_off_mtrl.xml.flat
Compiling XML table C:\Users\dctm1\YongStudyApp\node_modules\expo\android\build\intermediates\merged_res\release\mergeReleaseResources\values-lv\values-lv.xml to C:\Users\dctm1\YongStudyApp\node_modules\expo\android\build\intermediates\verified_library_resources\release\verifyReleaseResources\compiled\values-lv_values-lv.arsc.flat
Compiling xml file C:\Users\dctm1\YongStudyApp\node_modules\expo\android\build\intermediates\merged_res\release\mergeReleaseResources\layout\abc_alert_dialog_material.xml to C:\Users\dctm1\YongStudyApp\node_modules\expo\android\build\intermediates\verified_library_resources\release\verifyReleaseResources\compiled\layout_abc_alert_dialog_material.xml.flat
Compiling xml file C:\Users\dctm1\YongStudyApp\node_modules\expo\android\build\intermediates\merged_res\release\mergeReleaseResources\drawable\common_google_signin_btn_text_dark_focused.xml to C:\Users\dctm1\YongStudyApp\node_modules\expo\android\build\intermediates\verified_library_resources\release\verifyReleaseResources\compiled\drawable_common_google_signin_btn_text_dark_focused.xml.flat
Compiling XML table C:\Users\dctm1\YongStudyApp\node_modules\expo\android\build\intermediates\merged_res\release\mergeReleaseResources\values-pa\values-pa.xml to C:\Users\dctm1\YongStudyApp\node_modules\expo\android\build\intermediates\verified_library_resources\release\verifyReleaseResources\compiled\values-pa_values-pa.arsc.flat
Compiling xml file C:\Users\dctm1\YongStudyApp\node_modules\expo\android\build\intermediates\merged_res\release\mergeReleaseResources\layout\abc_screen_simple.xml to C:\Users\dctm1\YongStudyApp\node_modules\expo\android\build\intermediates\verified_library_resources\release\verifyReleaseResources\compiled\layout_abc_screen_simple.xml.flat
Compiling xml file C:\Users\dctm1\YongStudyApp\node_modules\expo\android\build\intermediates\merged_res\release\mergeReleaseResources\drawable\redbox_top_border_background.xml to C:\Users\dctm1\YongStudyApp\node_modules\expo\android\build\intermediates\verified_library_resources\release\verifyReleaseResources\compiled\drawable_redbox_top_border_background.xml.flat
Compiling XML table C:\Users\dctm1\YongStudyApp\node_modules\expo\android\build\intermediates\merged_res\release\mergeReleaseResources\values-sr\values-sr.xml to C:\Users\dctm1\YongStudyApp\node_modules\expo\android\build\intermediates\verified_library_resources\release\verifyReleaseResources\compiled\values-sr_values-sr.arsc.flat
Compiling xml file C:\Users\dctm1\YongStudyApp\node_modules\expo\android\build\intermediates\merged_res\release\mergeReleaseResources\layout\ime_base_split_test_activity.xml to C:\Users\dctm1\YongStudyApp\node_modules\expo\android\build\intermediates\verified_library_resources\release\verifyReleaseResources\compiled\layout_ime_base_split_test_activity.xml.flat
Compiling image file C:\Users\dctm1\YongStudyApp\node_modules\expo\android\build\intermediates\merged_res\release\mergeReleaseResources\drawable-hdpi-v4\abc_btn_check_to_on_mtrl_015.png
Compiling file C:\Users\dctm1\YongStudyApp\node_modules\expo\android\build\intermediates\merged_res\release\mergeReleaseResources\drawable-hdpi-v4\abc_btn_check_to_on_mtrl_015.png to C:\Users\dctm1\YongStudyApp\node_modules\expo\android\build\intermediates\verified_library_resources\release\verifyReleaseResources\compiled\drawable-hdpi-v4_abc_btn_check_to_on_mtrl_015.png.flat
Compiling XML table C:\Users\dctm1\YongStudyApp\node_modules\expo\android\build\intermediates\merged_res\release\mergeReleaseResources\values-v16\values-v16.xml to C:\Users\dctm1\YongStudyApp\node_modules\expo\android\build\intermediates\verified_library_resources\release\verifyReleaseResources\compiled\values-v16_values-v16.arsc.flat
Compiling xml file C:\Users\dctm1\YongStudyApp\node_modules\expo\android\build\intermediates\merged_res\release\mergeReleaseResources\layout\notification_template_part_time.xml to C:\Users\dctm1\YongStudyApp\node_modules\expo\android\build\intermediates\verified_library_resources\release\verifyReleaseResources\compiled\layout_notification_template_part_time.xml.flat
Compiling image file C:\Users\dctm1\YongStudyApp\node_modules\expo\android\build\intermediates\merged_res\release\mergeReleaseResources\drawable-hdpi-v4\googleg_standard_color_18.png
Compiling file C:\Users\dctm1\YongStudyApp\node_modules\expo\android\build\intermediates\merged_res\release\mergeReleaseResources\drawable-hdpi-v4\googleg_standard_color_18.png to C:\Users\dctm1\YongStudyApp\node_modules\expo\android\build\intermediates\verified_library_resources\release\verifyReleaseResources\compiled\drawable-hdpi-v4_googleg_standard_color_18.png.flat
Compiling XML table C:\Users\dctm1\YongStudyApp\node_modules\expo\android\build\intermediates\merged_res\release\mergeReleaseResources\values-watch-v21\values-watch-v21.xml to C:\Users\dctm1\YongStudyApp\node_modules\expo\android\build\intermediates\verified_library_resources\release\verifyReleaseResources\compiled\values-watch-v21_values-watch-v21.arsc.flat
Compiling xml file C:\Users\dctm1\YongStudyApp\node_modules\expo\android\build\intermediates\merged_res\release\mergeReleaseResources\layout-v21\notification_template_icon_group.xml to C:\Users\dctm1\YongStudyApp\node_modules\expo\android\build\intermediates\verified_library_resources\release\verifyReleaseResources\compiled\layout-v21_notification_template_icon_group.xml.flat
Compiling image file C:\Users\dctm1\YongStudyApp\node_modules\expo\android\build\intermediates\merged_res\release\mergeReleaseResources\drawable-ldpi-v4\ic_call_answer_video.png
Compiling file C:\Users\dctm1\YongStudyApp\node_modules\expo\android\build\intermediates\merged_res\release\mergeReleaseResources\drawable-ldpi-v4\ic_call_answer_video.png to C:\Users\dctm1\YongStudyApp\node_modules\expo\android\build\intermediates\verified_library_resources\release\verifyReleaseResources\compiled\drawable-ldpi-v4_ic_call_answer_video.png.flat
Compiling xml file C:\Users\dctm1\YongStudyApp\node_modules\expo\android\build\intermediates\merged_res\release\mergeReleaseResources\anim\abc_tooltip_exit.xml to C:\Users\dctm1\YongStudyApp\node_modules\expo\android\build\intermediates\verified_library_resources\release\verifyReleaseResources\compiled\anim_abc_tooltip_exit.xml.flat
Compiling XML table C:\Users\dctm1\YongStudyApp\node_modules\expo\android\build\intermediates\merged_res\release\mergeReleaseResources\values-be\values-be.xml to C:\Users\dctm1\YongStudyApp\node_modules\expo\android\build\intermediates\verified_library_resources\release\verifyReleaseResources\compiled\values-be_values-be.arsc.flat
Compiling image file C:\Users\dctm1\YongStudyApp\node_modules\expo\android\build\intermediates\merged_res\release\mergeReleaseResources\drawable-mdpi-v4\abc_text_select_handle_left_mtrl.png
Compiling file C:\Users\dctm1\YongStudyApp\node_modules\expo\android\build\intermediates\merged_res\release\mergeReleaseResources\drawable-mdpi-v4\abc_text_select_handle_left_mtrl.png to C:\Users\dctm1\YongStudyApp\node_modules\expo\android\build\intermediates\verified_library_resources\release\verifyReleaseResources\compiled\drawable-mdpi-v4_abc_text_select_handle_left_mtrl.png.flat
Compiling xml file C:\Users\dctm1\YongStudyApp\node_modules\expo\android\build\intermediates\merged_res\release\mergeReleaseResources\anim\btn_radio_to_on_mtrl_ring_outer_path_animation.xml to C:\Users\dctm1\YongStudyApp\node_modules\expo\android\build\intermediates\verified_library_resources\release\verifyReleaseResources\compiled\anim_btn_radio_to_on_mtrl_ring_outer_path_animation.xml.flat
Compiling image file C:\Users\dctm1\YongStudyApp\node_modules\expo\android\build\intermediates\merged_res\release\mergeReleaseResources\drawable-mdpi-v4\notify_panel_notification_icon_bg.png
Compiling file C:\Users\dctm1\YongStudyApp\node_modules\expo\android\build\intermediates\merged_res\release\mergeReleaseResources\drawable-mdpi-v4\notify_panel_notification_icon_bg.png to C:\Users\dctm1\YongStudyApp\node_modules\expo\android\build\intermediates\verified_library_resources\release\verifyReleaseResources\compiled\drawable-mdpi-v4_notify_panel_notification_icon_bg.png.flat
Compiling xml file C:\Users\dctm1\YongStudyApp\node_modules\expo\android\build\intermediates\merged_res\release\mergeReleaseResources\animator\fragment_open_enter.xml to C:\Users\dctm1\YongStudyApp\node_modules\expo\android\build\intermediates\verified_library_resources\release\verifyReleaseResources\compiled\animator_fragment_open_enter.xml.flat
Compiling XML table C:\Users\dctm1\YongStudyApp\node_modules\expo\android\build\intermediates\merged_res\release\mergeReleaseResources\values-en-rIN\values-en-rIN.xml to C:\Users\dctm1\YongStudyApp\node_modules\expo\android\build\intermediates\verified_library_resources\release\verifyReleaseResources\compiled\values-en-rIN_values-en-rIN.arsc.flat
Compiling image file C:\Users\dctm1\YongStudyApp\node_modules\expo\android\build\intermediates\merged_res\release\mergeReleaseResources\drawable-xhdpi-v4\abc_btn_radio_to_on_mtrl_000.png
Compiling file C:\Users\dctm1\YongStudyApp\node_modules\expo\android\build\intermediates\merged_res\release\mergeReleaseResources\drawable-xhdpi-v4\abc_btn_radio_to_on_mtrl_000.png to C:\Users\dctm1\YongStudyApp\node_modules\expo\android\build\intermediates\verified_library_resources\release\verifyReleaseResources\compiled\drawable-xhdpi-v4_abc_btn_radio_to_on_mtrl_000.png.flat
Compiling xml file C:\Users\dctm1\YongStudyApp\node_modules\expo\android\build\intermediates\merged_res\release\mergeReleaseResources\color\abc_secondary_text_material_light.xml to C:\Users\dctm1\YongStudyApp\node_modules\expo\android\build\intermediates\verified_library_resources\release\verifyReleaseResources\compiled\color_abc_secondary_text_material_light.xml.flat
Compiling XML table C:\Users\dctm1\YongStudyApp\node_modules\expo\android\build\intermediates\merged_res\release\mergeReleaseResources\values-gu\values-gu.xml to C:\Users\dctm1\YongStudyApp\node_modules\expo\android\build\intermediates\verified_library_resources\release\verifyReleaseResources\compiled\values-gu_values-gu.arsc.flat
Compiling image file C:\Users\dctm1\YongStudyApp\node_modules\expo\android\build\intermediates\merged_res\release\mergeReleaseResources\drawable-xhdpi-v4\ic_call_answer.png
Compiling file C:\Users\dctm1\YongStudyApp\node_modules\expo\android\build\intermediates\merged_res\release\mergeReleaseResources\drawable-xhdpi-v4\ic_call_answer.png to C:\Users\dctm1\YongStudyApp\node_modules\expo\android\build\intermediates\verified_library_resources\release\verifyReleaseResources\compiled\drawable-xhdpi-v4_ic_call_answer.png.flat
Compiling xml file C:\Users\dctm1\YongStudyApp\node_modules\expo\android\build\intermediates\merged_res\release\mergeReleaseResources\color-v23\abc_tint_seek_thumb.xml to C:\Users\dctm1\YongStudyApp\node_modules\expo\android\build\intermediates\verified_library_resources\release\verifyReleaseResources\compiled\color-v23_abc_tint_seek_thumb.xml.flat
Compiling xml file C:\Users\dctm1\YongStudyApp\node_modules\expo\android\build\intermediates\merged_res\release\mergeReleaseResources\drawable\abc_ic_arrow_drop_right_black_24dp.xml to C:\Users\dctm1\YongStudyApp\node_modules\expo\android\build\intermediates\verified_library_resources\release\verifyReleaseResources\compiled\drawable_abc_ic_arrow_drop_right_black_24dp.xml.flat
Compiling image file C:\Users\dctm1\YongStudyApp\node_modules\expo\android\build\intermediates\merged_res\release\mergeReleaseResources\drawable-xxhdpi-v4\abc_ic_commit_search_api_mtrl_alpha.png
Compiling file C:\Users\dctm1\YongStudyApp\node_modules\expo\android\build\intermediates\merged_res\release\mergeReleaseResources\drawable-xxhdpi-v4\abc_ic_commit_search_api_mtrl_alpha.png to C:\Users\dctm1\YongStudyApp\node_modules\expo\android\build\intermediates\verified_library_resources\release\verifyReleaseResources\compiled\drawable-xxhdpi-v4_abc_ic_commit_search_api_mtrl_alpha.png.flat
Compiling XML table C:\Users\dctm1\YongStudyApp\node_modules\expo\android\build\intermediates\merged_res\release\mergeReleaseResources\values-ka\values-ka.xml to C:\Users\dctm1\YongStudyApp\node_modules\expo\android\build\intermediates\verified_library_resources\release\verifyReleaseResources\compiled\values-ka_values-ka.arsc.flat
Compiling xml file C:\Users\dctm1\YongStudyApp\node_modules\expo\android\build\intermediates\merged_res\release\mergeReleaseResources\drawable\abc_item_background_holo_light.xml to C:\Users\dctm1\YongStudyApp\node_modules\expo\android\build\intermediates\verified_library_resources\release\verifyReleaseResources\compiled\drawable_abc_item_background_holo_light.xml.flat
Compiling image file C:\Users\dctm1\YongStudyApp\node_modules\expo\android\build\intermediates\merged_res\release\mergeReleaseResources\drawable-xxhdpi-v4\ic_call_answer_video_low.png
Compiling file C:\Users\dctm1\YongStudyApp\node_modules\expo\android\build\intermediates\merged_res\release\mergeReleaseResources\drawable-xxhdpi-v4\ic_call_answer_video_low.png to C:\Users\dctm1\YongStudyApp\node_modules\expo\android\build\intermediates\verified_library_resources\release\verifyReleaseResources\compiled\drawable-xxhdpi-v4_ic_call_answer_video_low.png.flat
Compiling XML table C:\Users\dctm1\YongStudyApp\node_modules\expo\android\build\intermediates\merged_res\release\mergeReleaseResources\values-mk\values-mk.xml to C:\Users\dctm1\YongStudyApp\node_modules\expo\android\build\intermediates\verified_library_resources\release\verifyReleaseResources\compiled\values-mk_values-mk.arsc.flat
Compiling xml file C:\Users\dctm1\YongStudyApp\node_modules\expo\android\build\intermediates\merged_res\release\mergeReleaseResources\drawable\abc_star_black_48dp.xml to C:\Users\dctm1\YongStudyApp\node_modules\expo\android\build\intermediates\verified_library_resources\release\verifyReleaseResources\compiled\drawable_abc_star_black_48dp.xml.flat
Compiling image file C:\Users\dctm1\YongStudyApp\node_modules\expo\android\build\intermediates\merged_res\release\mergeReleaseResources\drawable-xxxhdpi-v4\ic_call_answer.png
Compiling file C:\Users\dctm1\YongStudyApp\node_modules\expo\android\build\intermediates\merged_res\release\mergeReleaseResources\drawable-xxxhdpi-v4\ic_call_answer.png to C:\Users\dctm1\YongStudyApp\node_modules\expo\android\build\intermediates\verified_library_resources\release\verifyReleaseResources\compiled\drawable-xxxhdpi-v4_ic_call_answer.png.flat
Compiling xml file C:\Users\dctm1\YongStudyApp\node_modules\expo\android\build\intermediates\merged_res\release\mergeReleaseResources\drawable\btn_radio_off_to_on_mtrl_animation.xml to C:\Users\dctm1\YongStudyApp\node_modules\expo\android\build\intermediates\verified_library_resources\release\verifyReleaseResources\compiled\drawable_btn_radio_off_to_on_mtrl_animation.xml.flat
Compiling xml file C:\Users\dctm1\YongStudyApp\node_modules\expo\android\build\intermediates\merged_res\release\mergeReleaseResources\interpolator\btn_radio_to_on_mtrl_animation_interpolator_0.xml to C:\Users\dctm1\YongStudyApp\node_modules\expo\android\build\intermediates\verified_library_resources\release\verifyReleaseResources\compiled\interpolator_btn_radio_to_on_mtrl_animation_interpolator_0.xml.flat
Compiling XML table C:\Users\dctm1\YongStudyApp\node_modules\expo\android\build\intermediates\merged_res\release\mergeReleaseResources\values-pl\values-pl.xml to C:\Users\dctm1\YongStudyApp\node_modules\expo\android\build\intermediates\verified_library_resources\release\verifyReleaseResources\compiled\values-pl_values-pl.arsc.flat
Compiling xml file C:\Users\dctm1\YongStudyApp\node_modules\expo\android\build\intermediates\merged_res\release\mergeReleaseResources\drawable\common_google_signin_btn_text_dark_normal.xml to C:\Users\dctm1\YongStudyApp\node_modules\expo\android\build\intermediates\verified_library_resources\release\verifyReleaseResources\compiled\drawable_common_google_signin_btn_text_dark_normal.xml.flat
Compiling xml file C:\Users\dctm1\YongStudyApp\node_modules\expo\android\build\intermediates\merged_res\release\mergeReleaseResources\layout\abc_alert_dialog_title_material.xml to C:\Users\dctm1\YongStudyApp\node_modules\expo\android\build\intermediates\verified_library_resources\release\verifyReleaseResources\compiled\layout_abc_alert_dialog_title_material.xml.flat
Compiling XML table C:\Users\dctm1\YongStudyApp\node_modules\expo\android\build\intermediates\merged_res\release\mergeReleaseResources\values-sv\values-sv.xml to C:\Users\dctm1\YongStudyApp\node_modules\expo\android\build\intermediates\verified_library_resources\release\verifyReleaseResources\compiled\values-sv_values-sv.arsc.flat
Compiling xml file C:\Users\dctm1\YongStudyApp\node_modules\expo\android\build\intermediates\merged_res\release\mergeReleaseResources\drawable\ripple_effect.xml to C:\Users\dctm1\YongStudyApp\node_modules\expo\android\build\intermediates\verified_library_resources\release\verifyReleaseResources\compiled\drawable_ripple_effect.xml.flat
Compiling xml file C:\Users\dctm1\YongStudyApp\node_modules\expo\android\build\intermediates\merged_res\release\mergeReleaseResources\layout\abc_screen_simple_overlay_action_mode.xml to C:\Users\dctm1\YongStudyApp\node_modules\expo\android\build\intermediates\verified_library_resources\release\verifyReleaseResources\compiled\layout_abc_screen_simple_overlay_action_mode.xml.flat
Compiling image file C:\Users\dctm1\YongStudyApp\node_modules\expo\android\build\intermediates\merged_res\release\mergeReleaseResources\drawable-hdpi-v4\abc_btn_radio_to_on_mtrl_000.png
Compiling file C:\Users\dctm1\YongStudyApp\node_modules\expo\android\build\intermediates\merged_res\release\mergeReleaseResources\drawable-hdpi-v4\abc_btn_radio_to_on_mtrl_000.png to C:\Users\dctm1\YongStudyApp\node_modules\expo\android\build\intermediates\verified_library_resources\release\verifyReleaseResources\compiled\drawable-hdpi-v4_abc_btn_radio_to_on_mtrl_000.png.flat
Compiling XML table C:\Users\dctm1\YongStudyApp\node_modules\expo\android\build\intermediates\merged_res\release\mergeReleaseResources\values-v17\values-v17.xml to C:\Users\dctm1\YongStudyApp\node_modules\expo\android\build\intermediates\verified_library_resources\release\verifyReleaseResources\compiled\values-v17_values-v17.arsc.flat
Compiling image file C:\Users\dctm1\YongStudyApp\node_modules\expo\android\build\intermediates\merged_res\release\mergeReleaseResources\drawable-hdpi-v4\ic_call_answer.png
Compiling file C:\Users\dctm1\YongStudyApp\node_modules\expo\android\build\intermediates\merged_res\release\mergeReleaseResources\drawable-hdpi-v4\ic_call_answer.png to C:\Users\dctm1\YongStudyApp\node_modules\expo\android\build\intermediates\verified_library_resources\release\verifyReleaseResources\compiled\drawable-hdpi-v4_ic_call_answer.png.flat
Compiling xml file C:\Users\dctm1\YongStudyApp\node_modules\expo\android\build\intermediates\merged_res\release\mergeReleaseResources\layout\ime_secondary_split_test_activity.xml to C:\Users\dctm1\YongStudyApp\node_modules\expo\android\build\intermediates\verified_library_resources\release\verifyReleaseResources\compiled\layout_ime_secondary_split_test_activity.xml.flat
Compiling image file C:\Users\dctm1\YongStudyApp\node_modules\expo\android\build\intermediates\merged_res\release\mergeReleaseResources\drawable-ldpi-v4\ic_call_answer_video_low.png
Compiling file C:\Users\dctm1\YongStudyApp\node_modules\expo\android\build\intermediates\merged_res\release\mergeReleaseResources\drawable-ldpi-v4\ic_call_answer_video_low.png to C:\Users\dctm1\YongStudyApp\node_modules\expo\android\build\intermediates\verified_library_resources\release\verifyReleaseResources\compiled\drawable-ldpi-v4_ic_call_answer_video_low.png.flat
Compiling XML table C:\Users\dctm1\YongStudyApp\node_modules\expo\android\build\intermediates\merged_res\release\mergeReleaseResources\values-xlarge-v4\values-xlarge-v4.xml to C:\Users\dctm1\YongStudyApp\node_modules\expo\android\build\intermediates\verified_library_resources\release\verifyReleaseResources\compiled\values-xlarge-v4_values-xlarge-v4.arsc.flat
Compiling xml file C:\Users\dctm1\YongStudyApp\node_modules\expo\android\build\intermediates\merged_res\release\mergeReleaseResources\layout\paused_in_debugger_view.xml to C:\Users\dctm1\YongStudyApp\node_modules\expo\android\build\intermediates\verified_library_resources\release\verifyReleaseResources\compiled\layout_paused_in_debugger_view.xml.flat
Compiling image file C:\Users\dctm1\YongStudyApp\node_modules\expo\android\build\intermediates\merged_res\release\mergeReleaseResources\drawable-mdpi-v4\abc_text_select_handle_middle_mtrl.png
Compiling file C:\Users\dctm1\YongStudyApp\node_modules\expo\android\build\intermediates\merged_res\release\mergeReleaseResources\drawable-mdpi-v4\abc_text_select_handle_middle_mtrl.png to C:\Users\dctm1\YongStudyApp\node_modules\expo\android\build\intermediates\verified_library_resources\release\verifyReleaseResources\compiled\drawable-mdpi-v4_abc_text_select_handle_middle_mtrl.png.flat
Compiling xml file C:\Users\dctm1\YongStudyApp\node_modules\expo\android\build\intermediates\merged_res\release\mergeReleaseResources\drawable-v21\abc_action_bar_item_background_material.xml to C:\Users\dctm1\YongStudyApp\node_modules\expo\android\build\intermediates\verified_library_resources\release\verifyReleaseResources\compiled\drawable-v21_abc_action_bar_item_background_material.xml.flat
Compiling image file C:\Users\dctm1\YongStudyApp\node_modules\expo\android\build\intermediates\merged_res\release\mergeReleaseResources\drawable-xhdpi-v4\abc_btn_radio_to_on_mtrl_015.png
Compiling file C:\Users\dctm1\YongStudyApp\node_modules\expo\android\build\intermediates\merged_res\release\mergeReleaseResources\drawable-xhdpi-v4\abc_btn_radio_to_on_mtrl_015.png to C:\Users\dctm1\YongStudyApp\node_modules\expo\android\build\intermediates\verified_library_resources\release\verifyReleaseResources\compiled\drawable-xhdpi-v4_abc_btn_radio_to_on_mtrl_015.png.flat
Compiling xml file C:\Users\dctm1\YongStudyApp\node_modules\expo\android\build\intermediates\merged_res\release\mergeReleaseResources\layout-v26\abc_screen_toolbar.xml to C:\Users\dctm1\YongStudyApp\node_modules\expo\android\build\intermediates\verified_library_resources\release\verifyReleaseResources\compiled\layout-v26_abc_screen_toolbar.xml.flat
Compiling image file C:\Users\dctm1\YongStudyApp\node_modules\expo\android\build\intermediates\merged_res\release\mergeReleaseResources\drawable-xhdpi-v4\ic_call_answer_low.png
Compiling file C:\Users\dctm1\YongStudyApp\node_modules\expo\android\build\intermediates\merged_res\release\mergeReleaseResources\drawable-xhdpi-v4\ic_call_answer_low.png to C:\Users\dctm1\YongStudyApp\node_modules\expo\android\build\intermediates\verified_library_resources\release\verifyReleaseResources\compiled\drawable-xhdpi-v4_ic_call_answer_low.png.flat
Compiling XML table C:\Users\dctm1\YongStudyApp\node_modules\expo\android\build\intermediates\merged_res\release\mergeReleaseResources\values-bg\values-bg.xml to C:\Users\dctm1\YongStudyApp\node_modules\expo\android\build\intermediates\verified_library_resources\release\verifyReleaseResources\compiled\values-bg_values-bg.arsc.flat
Compiling image file C:\Users\dctm1\YongStudyApp\node_modules\expo\android\build\intermediates\merged_res\release\mergeReleaseResources\drawable-xxhdpi-v4\abc_scrubber_control_off_mtrl_alpha.png
Compiling file C:\Users\dctm1\YongStudyApp\node_modules\expo\android\build\intermediates\merged_res\release\mergeReleaseResources\drawable-xxhdpi-v4\abc_scrubber_control_off_mtrl_alpha.png to C:\Users\dctm1\YongStudyApp\node_modules\expo\android\build\intermediates\verified_library_resources\release\verifyReleaseResources\compiled\drawable-xxhdpi-v4_abc_scrubber_control_off_mtrl_alpha.png.flat
Compiling image file C:\Users\dctm1\YongStudyApp\node_modules\expo\android\build\intermediates\merged_res\release\mergeReleaseResources\drawable-xxhdpi-v4\ic_call_decline.png
Compiling file C:\Users\dctm1\YongStudyApp\node_modules\expo\android\build\intermediates\merged_res\release\mergeReleaseResources\drawable-xxhdpi-v4\ic_call_decline.png to C:\Users\dctm1\YongStudyApp\node_modules\expo\android\build\intermediates\verified_library_resources\release\verifyReleaseResources\compiled\drawable-xxhdpi-v4_ic_call_decline.png.flat
Compiling image file C:\Users\dctm1\YongStudyApp\node_modules\expo\android\build\intermediates\merged_res\release\mergeReleaseResources\drawable-xxxhdpi-v4\ic_call_answer_low.png
Compiling file C:\Users\dctm1\YongStudyApp\node_modules\expo\android\build\intermediates\merged_res\release\mergeReleaseResources\drawable-xxxhdpi-v4\ic_call_answer_low.png to C:\Users\dctm1\YongStudyApp\node_modules\expo\android\build\intermediates\verified_library_resources\release\verifyReleaseResources\compiled\drawable-xxxhdpi-v4_ic_call_answer_low.png.flat
Compiling xml file C:\Users\dctm1\YongStudyApp\node_modules\expo\android\build\intermediates\merged_res\release\mergeReleaseResources\interpolator\fast_out_slow_in.xml to C:\Users\dctm1\YongStudyApp\node_modules\expo\android\build\intermediates\verified_library_resources\release\verifyReleaseResources\compiled\interpolator_fast_out_slow_in.xml.flat
Compiling xml file C:\Users\dctm1\YongStudyApp\node_modules\expo\android\build\intermediates\merged_res\release\mergeReleaseResources\layout\abc_cascading_menu_item_layout.xml to C:\Users\dctm1\YongStudyApp\node_modules\expo\android\build\intermediates\verified_library_resources\release\verifyReleaseResources\compiled\layout_abc_cascading_menu_item_layout.xml.flat
Compiling xml file C:\Users\dctm1\YongStudyApp\node_modules\expo\android\build\intermediates\merged_res\release\mergeReleaseResources\layout\abc_screen_toolbar.xml to C:\Users\dctm1\YongStudyApp\node_modules\expo\android\build\intermediates\verified_library_resources\release\verifyReleaseResources\compiled\layout_abc_screen_toolbar.xml.flat
Compiling xml file C:\Users\dctm1\YongStudyApp\node_modules\expo\android\build\intermediates\merged_res\release\mergeReleaseResources\layout\notification_media_action.xml to C:\Users\dctm1\YongStudyApp\node_modules\expo\android\build\intermediates\verified_library_resources\release\verifyReleaseResources\compiled\layout_notification_media_action.xml.flat
Compiling xml file C:\Users\dctm1\YongStudyApp\node_modules\expo\android\build\intermediates\merged_res\release\mergeReleaseResources\layout\redbox_item_frame.xml to C:\Users\dctm1\YongStudyApp\node_modules\expo\android\build\intermediates\verified_library_resources\release\verifyReleaseResources\compiled\layout_redbox_item_frame.xml.flat
Compiling xml file C:\Users\dctm1\YongStudyApp\node_modules\expo\android\build\intermediates\merged_res\release\mergeReleaseResources\layout-watch-v20\abc_alert_dialog_button_bar_material.xml to C:\Users\dctm1\YongStudyApp\node_modules\expo\android\build\intermediates\verified_library_resources\release\verifyReleaseResources\compiled\layout-watch-v20_abc_alert_dialog_button_bar_material.xml.flat
Compiling XML table C:\Users\dctm1\YongStudyApp\node_modules\expo\android\build\intermediates\merged_res\release\mergeReleaseResources\values-bn\values-bn.xml to C:\Users\dctm1\YongStudyApp\node_modules\expo\android\build\intermediates\verified_library_resources\release\verifyReleaseResources\compiled\values-bn_values-bn.arsc.flat
Compiling XML table C:\Users\dctm1\YongStudyApp\node_modules\expo\android\build\intermediates\merged_res\release\mergeReleaseResources\values-es\values-es.xml to C:\Users\dctm1\YongStudyApp\node_modules\expo\android\build\intermediates\verified_library_resources\release\verifyReleaseResources\compiled\values-es_values-es.arsc.flat
Compiling XML table C:\Users\dctm1\YongStudyApp\node_modules\expo\android\build\intermediates\merged_res\release\mergeReleaseResources\values-hdpi-v4\values-hdpi-v4.xml to C:\Users\dctm1\YongStudyApp\node_modules\expo\android\build\intermediates\verified_library_resources\release\verifyReleaseResources\compiled\values-hdpi-v4_values-hdpi-v4.arsc.flat
Compiling XML table C:\Users\dctm1\YongStudyApp\node_modules\expo\android\build\intermediates\merged_res\release\mergeReleaseResources\values-km\values-km.xml to C:\Users\dctm1\YongStudyApp\node_modules\expo\android\build\intermediates\verified_library_resources\release\verifyReleaseResources\compiled\values-km_values-km.arsc.flat
Compiling XML table C:\Users\dctm1\YongStudyApp\node_modules\expo\android\build\intermediates\merged_res\release\mergeReleaseResources\values-mn\values-mn.xml to C:\Users\dctm1\YongStudyApp\node_modules\expo\android\build\intermediates\verified_library_resources\release\verifyReleaseResources\compiled\values-mn_values-mn.arsc.flat
Compiling XML table C:\Users\dctm1\YongStudyApp\node_modules\expo\android\build\intermediates\merged_res\release\mergeReleaseResources\values-pt\values-pt.xml to C:\Users\dctm1\YongStudyApp\node_modules\expo\android\build\intermediates\verified_library_resources\release\verifyReleaseResources\compiled\values-pt_values-pt.arsc.flat
Compiling XML table C:\Users\dctm1\YongStudyApp\node_modules\expo\android\build\intermediates\merged_res\release\mergeReleaseResources\values-sw600dp-v13\values-sw600dp-v13.xml to C:\Users\dctm1\YongStudyApp\node_modules\expo\android\build\intermediates\verified_library_resources\release\verifyReleaseResources\compiled\values-sw600dp-v13_values-sw600dp-v13.arsc.flat
Compiling XML table C:\Users\dctm1\YongStudyApp\node_modules\expo\android\build\intermediates\merged_res\release\mergeReleaseResources\values-v21\values-v21.xml to C:\Users\dctm1\YongStudyApp\node_modules\expo\android\build\intermediates\verified_library_resources\release\verifyReleaseResources\compiled\values-v21_values-v21.arsc.flat
Compiling XML table C:\Users\dctm1\YongStudyApp\node_modules\expo\android\build\intermediates\merged_res\release\mergeReleaseResources\values-en-rXC\values-en-rXC.xml to C:\Users\dctm1\YongStudyApp\node_modules\expo\android\build\intermediates\verified_library_resources\release\verifyReleaseResources\compiled\values-en-rXC_values-en-rXC.arsc.flat
Compiling XML table C:\Users\dctm1\YongStudyApp\node_modules\expo\android\build\intermediates\merged_res\release\mergeReleaseResources\values-h720dp-v13\values-h720dp-v13.xml to C:\Users\dctm1\YongStudyApp\node_modules\expo\android\build\intermediates\verified_library_resources\release\verifyReleaseResources\compiled\values-h720dp-v13_values-h720dp-v13.arsc.flat
Compiling XML table C:\Users\dctm1\YongStudyApp\node_modules\expo\android\build\intermediates\merged_res\release\mergeReleaseResources\values-zh-rHK\values-zh-rHK.xml to C:\Users\dctm1\YongStudyApp\node_modules\expo\android\build\intermediates\verified_library_resources\release\verifyReleaseResources\compiled\values-zh-rHK_values-zh-rHK.arsc.flat
Compiling XML table C:\Users\dctm1\YongStudyApp\node_modules\expo\android\build\intermediates\merged_res\release\mergeReleaseResources\values-kk\values-kk.xml to C:\Users\dctm1\YongStudyApp\node_modules\expo\android\build\intermediates\verified_library_resources\release\verifyReleaseResources\compiled\values-kk_values-kk.arsc.flat
Compiling XML table C:\Users\dctm1\YongStudyApp\node_modules\expo\android\build\intermediates\merged_res\release\mergeReleaseResources\values-ml\values-ml.xml to C:\Users\dctm1\YongStudyApp\node_modules\expo\android\build\intermediates\verified_library_resources\release\verifyReleaseResources\compiled\values-ml_values-ml.arsc.flat
Compiling XML table C:\Users\dctm1\YongStudyApp\node_modules\expo\android\build\intermediates\merged_res\release\mergeReleaseResources\values-port\values-port.xml to C:\Users\dctm1\YongStudyApp\node_modules\expo\android\build\intermediates\verified_library_resources\release\verifyReleaseResources\compiled\values-port_values-port.arsc.flat
Compiling XML table C:\Users\dctm1\YongStudyApp\node_modules\expo\android\build\intermediates\merged_res\release\mergeReleaseResources\values-sw\values-sw.xml to C:\Users\dctm1\YongStudyApp\node_modules\expo\android\build\intermediates\verified_library_resources\release\verifyReleaseResources\compiled\values-sw_values-sw.arsc.flat
Compiling XML table C:\Users\dctm1\YongStudyApp\node_modules\expo\android\build\intermediates\merged_res\release\mergeReleaseResources\values-v18\values-v18.xml to C:\Users\dctm1\YongStudyApp\node_modules\expo\android\build\intermediates\verified_library_resources\release\verifyReleaseResources\compiled\values-v18_values-v18.arsc.flat
Compiling XML table C:\Users\dctm1\YongStudyApp\node_modules\expo\android\build\intermediates\merged_res\release\mergeReleaseResources\values-zh-rCN\values-zh-rCN.xml to C:\Users\dctm1\YongStudyApp\node_modules\expo\android\build\intermediates\verified_library_resources\release\verifyReleaseResources\compiled\values-zh-rCN_values-zh-rCN.arsc.flat
Compiling xml file C:\Users\dctm1\YongStudyApp\node_modules\expo\android\build\intermediates\merged_res\release\mergeReleaseResources\anim\abc_fade_in.xml to C:\Users\dctm1\YongStudyApp\node_modules\expo\android\build\intermediates\verified_library_resources\release\verifyReleaseResources\compiled\anim_abc_fade_in.xml.flat
Compiling xml file C:\Users\dctm1\YongStudyApp\node_modules\expo\android\build\intermediates\merged_res\release\mergeReleaseResources\anim\btn_checkbox_to_checked_box_inner_merged_animation.xml to C:\Users\dctm1\YongStudyApp\node_modules\expo\android\build\intermediates\verified_library_resources\release\verifyReleaseResources\compiled\anim_btn_checkbox_to_checked_box_inner_merged_animation.xml.flat
Compiling xml file C:\Users\dctm1\YongStudyApp\node_modules\expo\android\build\intermediates\merged_res\release\mergeReleaseResources\anim\catalyst_fade_in.xml to C:\Users\dctm1\YongStudyApp\node_modules\expo\android\build\intermediates\verified_library_resources\release\verifyReleaseResources\compiled\anim_catalyst_fade_in.xml.flat
Compiling xml file C:\Users\dctm1\YongStudyApp\node_modules\expo\android\build\intermediates\merged_res\release\mergeReleaseResources\animator\fragment_open_exit.xml to C:\Users\dctm1\YongStudyApp\node_modules\expo\android\build\intermediates\verified_library_resources\release\verifyReleaseResources\compiled\animator_fragment_open_exit.xml.flat
Compiling xml file C:\Users\dctm1\YongStudyApp\node_modules\expo\android\build\intermediates\merged_res\release\mergeReleaseResources\color\common_google_signin_btn_text_dark.xml to C:\Users\dctm1\YongStudyApp\node_modules\expo\android\build\intermediates\verified_library_resources\release\verifyReleaseResources\compiled\color_common_google_signin_btn_text_dark.xml.flat
Compiling xml file C:\Users\dctm1\YongStudyApp\node_modules\expo\android\build\intermediates\merged_res\release\mergeReleaseResources\color-v23\abc_tint_spinner.xml to C:\Users\dctm1\YongStudyApp\node_modules\expo\android\build\intermediates\verified_library_resources\release\verifyReleaseResources\compiled\color-v23_abc_tint_spinner.xml.flat
Compiling xml file C:\Users\dctm1\YongStudyApp\node_modules\expo\android\build\intermediates\merged_res\release\mergeReleaseResources\drawable\abc_ic_clear_material.xml to C:\Users\dctm1\YongStudyApp\node_modules\expo\android\build\intermediates\verified_library_resources\release\verifyReleaseResources\compiled\drawable_abc_ic_clear_material.xml.flat
Compiling xml file C:\Users\dctm1\YongStudyApp\node_modules\expo\android\build\intermediates\merged_res\release\mergeReleaseResources\drawable\abc_list_selector_background_transition_holo_dark.xml to C:\Users\dctm1\YongStudyApp\node_modules\expo\android\build\intermediates\verified_library_resources\release\verifyReleaseResources\compiled\drawable_abc_list_selector_background_transition_holo_dark.xml.flat
Compiling xml file C:\Users\dctm1\YongStudyApp\node_modules\expo\android\build\intermediates\merged_res\release\mergeReleaseResources\drawable\abc_star_half_black_48dp.xml to C:\Users\dctm1\YongStudyApp\node_modules\expo\android\build\intermediates\verified_library_resources\release\verifyReleaseResources\compiled\drawable_abc_star_half_black_48dp.xml.flat
Compiling xml file C:\Users\dctm1\YongStudyApp\node_modules\expo\android\build\intermediates\merged_res\release\mergeReleaseResources\drawable\btn_radio_on_mtrl.xml to C:\Users\dctm1\YongStudyApp\node_modules\expo\android\build\intermediates\verified_library_resources\release\verifyReleaseResources\compiled\drawable_btn_radio_on_mtrl.xml.flat
Compiling xml file C:\Users\dctm1\YongStudyApp\node_modules\expo\android\build\intermediates\merged_res\release\mergeReleaseResources\drawable\common_google_signin_btn_text_disabled.xml to C:\Users\dctm1\YongStudyApp\node_modules\expo\android\build\intermediates\verified_library_resources\release\verifyReleaseResources\compiled\drawable_common_google_signin_btn_text_disabled.xml.flat
Compiling xml file C:\Users\dctm1\YongStudyApp\node_modules\expo\android\build\intermediates\merged_res\release\mergeReleaseResources\drawable\test_level_drawable.xml to C:\Users\dctm1\YongStudyApp\node_modules\expo\android\build\intermediates\verified_library_resources\release\verifyReleaseResources\compiled\drawable_test_level_drawable.xml.flat
Compiling xml file C:\Users\dctm1\YongStudyApp\node_modules\expo\android\build\intermediates\merged_res\release\mergeReleaseResources\anim\abc_popup_enter.xml to C:\Users\dctm1\YongStudyApp\node_modules\expo\android\build\intermediates\verified_library_resources\release\verifyReleaseResources\compiled\anim_abc_popup_enter.xml.flat
Compiling image file C:\Users\dctm1\YongStudyApp\node_modules\expo\android\build\intermediates\merged_res\release\mergeReleaseResources\drawable-hdpi-v4\abc_btn_radio_to_on_mtrl_015.png
Compiling xml file C:\Users\dctm1\YongStudyApp\node_modules\expo\android\build\intermediates\merged_res\release\mergeReleaseResources\anim\btn_checkbox_to_unchecked_box_inner_merged_animation.xml to C:\Users\dctm1\YongStudyApp\node_modules\expo\android\build\intermediates\verified_library_resources\release\verifyReleaseResources\compiled\anim_btn_checkbox_to_unchecked_box_inner_merged_animation.xml.flat
Compiling file C:\Users\dctm1\YongStudyApp\node_modules\expo\android\build\intermediates\merged_res\release\mergeReleaseResources\drawable-hdpi-v4\abc_btn_radio_to_on_mtrl_015.png to C:\Users\dctm1\YongStudyApp\node_modules\expo\android\build\intermediates\verified_library_resources\release\verifyReleaseResources\compiled\drawable-hdpi-v4_abc_btn_radio_to_on_mtrl_015.png.flat
Compiling image file C:\Users\dctm1\YongStudyApp\node_modules\expo\android\build\intermediates\merged_res\release\mergeReleaseResources\drawable-hdpi-v4\ic_call_answer_low.png
Compiling file C:\Users\dctm1\YongStudyApp\node_modules\expo\android\build\intermediates\merged_res\release\mergeReleaseResources\drawable-hdpi-v4\ic_call_answer_low.png to C:\Users\dctm1\YongStudyApp\node_modules\expo\android\build\intermediates\verified_library_resources\release\verifyReleaseResources\compiled\drawable-hdpi-v4_ic_call_answer_low.png.flat
Compiling xml file C:\Users\dctm1\YongStudyApp\node_modules\expo\android\build\intermediates\merged_res\release\mergeReleaseResources\anim\catalyst_push_up_out.xml to C:\Users\dctm1\YongStudyApp\node_modules\expo\android\build\intermediates\verified_library_resources\release\verifyReleaseResources\compiled\anim_catalyst_push_up_out.xml.flat
Compiling image file C:\Users\dctm1\YongStudyApp\node_modules\expo\android\build\intermediates\merged_res\release\mergeReleaseResources\drawable-ldpi-v4\ic_call_decline.png
Compiling file C:\Users\dctm1\YongStudyApp\node_modules\expo\android\build\intermediates\merged_res\release\mergeReleaseResources\drawable-ldpi-v4\ic_call_decline.png to C:\Users\dctm1\YongStudyApp\node_modules\expo\android\build\intermediates\verified_library_resources\release\verifyReleaseResources\compiled\drawable-ldpi-v4_ic_call_decline.png.flat
Compiling image file C:\Users\dctm1\YongStudyApp\node_modules\expo\android\build\intermediates\merged_res\release\mergeReleaseResources\drawable-mdpi-v4\abc_text_select_handle_right_mtrl.png
Compiling file C:\Users\dctm1\YongStudyApp\node_modules\expo\android\build\intermediates\merged_res\release\mergeReleaseResources\drawable-mdpi-v4\abc_text_select_handle_right_mtrl.png to C:\Users\dctm1\YongStudyApp\node_modules\expo\android\build\intermediates\verified_library_resources\release\verifyReleaseResources\compiled\drawable-mdpi-v4_abc_text_select_handle_right_mtrl.png.flat
Compiling xml file C:\Users\dctm1\YongStudyApp\node_modules\expo\android\build\intermediates\merged_res\release\mergeReleaseResources\color\abc_hint_foreground_material_dark.xml to C:\Users\dctm1\YongStudyApp\node_modules\expo\android\build\intermediates\verified_library_resources\release\verifyReleaseResources\compiled\color_abc_hint_foreground_material_dark.xml.flat
Compiling xml file C:\Users\dctm1\YongStudyApp\node_modules\expo\android\build\intermediates\merged_res\release\mergeReleaseResources\drawable-v21\abc_btn_colored_material.xml to C:\Users\dctm1\YongStudyApp\node_modules\expo\android\build\intermediates\verified_library_resources\release\verifyReleaseResources\compiled\drawable-v21_abc_btn_colored_material.xml.flat
Compiling image file C:\Users\dctm1\YongStudyApp\node_modules\expo\android\build\intermediates\merged_res\release\mergeReleaseResources\drawable-xhdpi-v4\abc_ic_commit_search_api_mtrl_alpha.png
Compiling file C:\Users\dctm1\YongStudyApp\node_modules\expo\android\build\intermediates\merged_res\release\mergeReleaseResources\drawable-xhdpi-v4\abc_ic_commit_search_api_mtrl_alpha.png to C:\Users\dctm1\YongStudyApp\node_modules\expo\android\build\intermediates\verified_library_resources\release\verifyReleaseResources\compiled\drawable-xhdpi-v4_abc_ic_commit_search_api_mtrl_alpha.png.flat
Compiling xml file C:\Users\dctm1\YongStudyApp\node_modules\expo\android\build\intermediates\merged_res\release\mergeReleaseResources\color\switch_thumb_material_dark.xml to C:\Users\dctm1\YongStudyApp\node_modules\expo\android\build\intermediates\verified_library_resources\release\verifyReleaseResources\compiled\color_switch_thumb_material_dark.xml.flat
Compiling image file C:\Users\dctm1\YongStudyApp\node_modules\expo\android\build\intermediates\merged_res\release\mergeReleaseResources\drawable-xhdpi-v4\ic_call_answer_video.png
Compiling file C:\Users\dctm1\YongStudyApp\node_modules\expo\android\build\intermediates\merged_res\release\mergeReleaseResources\drawable-xhdpi-v4\ic_call_answer_video.png to C:\Users\dctm1\YongStudyApp\node_modules\expo\android\build\intermediates\verified_library_resources\release\verifyReleaseResources\compiled\drawable-xhdpi-v4_ic_call_answer_video.png.flat
Compiling xml file C:\Users\dctm1\YongStudyApp\node_modules\expo\android\build\intermediates\merged_res\release\mergeReleaseResources\drawable\abc_btn_check_material.xml to C:\Users\dctm1\YongStudyApp\node_modules\expo\android\build\intermediates\verified_library_resources\release\verifyReleaseResources\compiled\drawable_abc_btn_check_material.xml.flat
Compiling image file C:\Users\dctm1\YongStudyApp\node_modules\expo\android\build\intermediates\merged_res\release\mergeReleaseResources\drawable-xxhdpi-v4\abc_scrubber_control_to_pressed_mtrl_000.png
Compiling file C:\Users\dctm1\YongStudyApp\node_modules\expo\android\build\intermediates\merged_res\release\mergeReleaseResources\drawable-xxhdpi-v4\abc_scrubber_control_to_pressed_mtrl_000.png to C:\Users\dctm1\YongStudyApp\node_modules\expo\android\build\intermediates\verified_library_resources\release\verifyReleaseResources\compiled\drawable-xxhdpi-v4_abc_scrubber_control_to_pressed_mtrl_000.png.flat
Compiling image file C:\Users\dctm1\YongStudyApp\node_modules\expo\android\build\intermediates\merged_res\release\mergeReleaseResources\drawable-xxhdpi-v4\ic_call_decline_low.png
Compiling file C:\Users\dctm1\YongStudyApp\node_modules\expo\android\build\intermediates\merged_res\release\mergeReleaseResources\drawable-xxhdpi-v4\ic_call_decline_low.png to C:\Users\dctm1\YongStudyApp\node_modules\expo\android\build\intermediates\verified_library_resources\release\verifyReleaseResources\compiled\drawable-xxhdpi-v4_ic_call_decline_low.png.flat
Compiling xml file C:\Users\dctm1\YongStudyApp\node_modules\expo\android\build\intermediates\merged_res\release\mergeReleaseResources\drawable\abc_ic_menu_cut_mtrl_alpha.xml to C:\Users\dctm1\YongStudyApp\node_modules\expo\android\build\intermediates\verified_library_resources\release\verifyReleaseResources\compiled\drawable_abc_ic_menu_cut_mtrl_alpha.xml.flat
Compiling image file C:\Users\dctm1\YongStudyApp\node_modules\expo\android\build\intermediates\merged_res\release\mergeReleaseResources\drawable-xxxhdpi-v4\ic_call_answer_video.png
Compiling file C:\Users\dctm1\YongStudyApp\node_modules\expo\android\build\intermediates\merged_res\release\mergeReleaseResources\drawable-xxxhdpi-v4\ic_call_answer_video.png to C:\Users\dctm1\YongStudyApp\node_modules\expo\android\build\intermediates\verified_library_resources\release\verifyReleaseResources\compiled\drawable-xxxhdpi-v4_ic_call_answer_video.png.flat
Compiling xml file C:\Users\dctm1\YongStudyApp\node_modules\expo\android\build\intermediates\merged_res\release\mergeReleaseResources\drawable\abc_list_selector_holo_light.xml to C:\Users\dctm1\YongStudyApp\node_modules\expo\android\build\intermediates\verified_library_resources\release\verifyReleaseResources\compiled\drawable_abc_list_selector_holo_light.xml.flat
Compiling xml file C:\Users\dctm1\YongStudyApp\node_modules\expo\android\build\intermediates\merged_res\release\mergeReleaseResources\anim\abc_fade_out.xml to C:\Users\dctm1\YongStudyApp\node_modules\expo\android\build\intermediates\verified_library_resources\release\verifyReleaseResources\compiled\anim_abc_fade_out.xml.flat
Compiling xml file C:\Users\dctm1\YongStudyApp\node_modules\expo\android\build\intermediates\merged_res\release\mergeReleaseResources\layout\abc_action_bar_title_item.xml to C:\Users\dctm1\YongStudyApp\node_modules\expo\android\build\intermediates\verified_library_resources\release\verifyReleaseResources\compiled\layout_abc_action_bar_title_item.xml.flat
Compiling xml file C:\Users\dctm1\YongStudyApp\node_modules\expo\android\build\intermediates\merged_res\release\mergeReleaseResources\layout\abc_dialog_title_material.xml to C:\Users\dctm1\YongStudyApp\node_modules\expo\android\build\intermediates\verified_library_resources\release\verifyReleaseResources\compiled\layout_abc_dialog_title_material.xml.flat
Compiling xml file C:\Users\dctm1\YongStudyApp\node_modules\expo\android\build\intermediates\merged_res\release\mergeReleaseResources\layout\abc_search_dropdown_item_icons_2line.xml to C:\Users\dctm1\YongStudyApp\node_modules\expo\android\build\intermediates\verified_library_resources\release\verifyReleaseResources\compiled\layout_abc_search_dropdown_item_icons_2line.xml.flat
Compiling xml file C:\Users\dctm1\YongStudyApp\node_modules\expo\android\build\intermediates\merged_res\release\mergeReleaseResources\anim\btn_checkbox_to_checked_box_outer_merged_animation.xml to C:\Users\dctm1\YongStudyApp\node_modules\expo\android\build\intermediates\verified_library_resources\release\verifyReleaseResources\compiled\anim_btn_checkbox_to_checked_box_outer_merged_animation.xml.flat
Compiling xml file C:\Users\dctm1\YongStudyApp\node_modules\expo\android\build\intermediates\merged_res\release\mergeReleaseResources\drawable\abc_text_cursor_material.xml to C:\Users\dctm1\YongStudyApp\node_modules\expo\android\build\intermediates\verified_library_resources\release\verifyReleaseResources\compiled\drawable_abc_text_cursor_material.xml.flat
Compiling xml file C:\Users\dctm1\YongStudyApp\node_modules\expo\android\build\intermediates\merged_res\release\mergeReleaseResources\layout\notification_media_cancel_action.xml to C:\Users\dctm1\YongStudyApp\node_modules\expo\android\build\intermediates\verified_library_resources\release\verifyReleaseResources\compiled\layout_notification_media_cancel_action.xml.flat
Compiling xml file C:\Users\dctm1\YongStudyApp\node_modules\expo\android\build\intermediates\merged_res\release\mergeReleaseResources\anim\catalyst_fade_out.xml to C:\Users\dctm1\YongStudyApp\node_modules\expo\android\build\intermediates\verified_library_resources\release\verifyReleaseResources\compiled\anim_catalyst_fade_out.xml.flat
Compiling xml file C:\Users\dctm1\YongStudyApp\node_modules\expo\android\build\intermediates\merged_res\release\mergeReleaseResources\layout\redbox_item_title.xml to C:\Users\dctm1\YongStudyApp\node_modules\expo\android\build\intermediates\verified_library_resources\release\verifyReleaseResources\compiled\layout_redbox_item_title.xml.flat
Compiling xml file C:\Users\dctm1\YongStudyApp\node_modules\expo\android\build\intermediates\merged_res\release\mergeReleaseResources\drawable\common_google_signin_btn_icon_dark_focused.xml to C:\Users\dctm1\YongStudyApp\node_modules\expo\android\build\intermediates\verified_library_resources\release\verifyReleaseResources\compiled\drawable_common_google_signin_btn_icon_dark_focused.xml.flat
Compiling xml file C:\Users\dctm1\YongStudyApp\node_modules\expo\android\build\intermediates\merged_res\release\mergeReleaseResources\layout-watch-v20\abc_alert_dialog_title_material.xml to C:\Users\dctm1\YongStudyApp\node_modules\expo\android\build\intermediates\verified_library_resources\release\verifyReleaseResources\compiled\layout-watch-v20_abc_alert_dialog_title_material.xml.flat
Compiling xml file C:\Users\dctm1\YongStudyApp\node_modules\expo\android\build\intermediates\merged_res\release\mergeReleaseResources\color\abc_background_cache_hint_selector_material_dark.xml to C:\Users\dctm1\YongStudyApp\node_modules\expo\android\build\intermediates\verified_library_resources\release\verifyReleaseResources\compiled\color_abc_background_cache_hint_selector_material_dark.xml.flat
Compiling xml file C:\Users\dctm1\YongStudyApp\node_modules\expo\android\build\intermediates\merged_res\release\mergeReleaseResources\drawable\common_google_signin_btn_text_light_normal.xml to C:\Users\dctm1\YongStudyApp\node_modules\expo\android\build\intermediates\verified_library_resources\release\verifyReleaseResources\compiled\drawable_common_google_signin_btn_text_light_normal.xml.flat
Compiling XML table C:\Users\dctm1\YongStudyApp\node_modules\expo\android\build\intermediates\merged_res\release\mergeReleaseResources\values-bs\values-bs.xml to C:\Users\dctm1\YongStudyApp\node_modules\expo\android\build\intermediates\verified_library_resources\release\verifyReleaseResources\compiled\values-bs_values-bs.arsc.flat
Compiling xml file C:\Users\dctm1\YongStudyApp\node_modules\expo\android\build\intermediates\merged_res\release\mergeReleaseResources\color\common_google_signin_btn_text_light.xml to C:\Users\dctm1\YongStudyApp\node_modules\expo\android\build\intermediates\verified_library_resources\release\verifyReleaseResources\compiled\color_common_google_signin_btn_text_light.xml.flat
Compiling xml file C:\Users\dctm1\YongStudyApp\node_modules\expo\android\build\intermediates\merged_res\release\mergeReleaseResources\drawable-anydpi-v21\ic_call_answer.xml to C:\Users\dctm1\YongStudyApp\node_modules\expo\android\build\intermediates\verified_library_resources\release\verifyReleaseResources\compiled\drawable-anydpi-v21_ic_call_answer.xml.flat
Compiling XML table C:\Users\dctm1\YongStudyApp\node_modules\expo\android\build\intermediates\merged_res\release\mergeReleaseResources\values-es-rES\values-es-rES.xml to C:\Users\dctm1\YongStudyApp\node_modules\expo\android\build\intermediates\verified_library_resources\release\verifyReleaseResources\compiled\values-es-rES_values-es-rES.arsc.flat
Compiling xml file C:\Users\dctm1\YongStudyApp\node_modules\expo\android\build\intermediates\merged_res\release\mergeReleaseResources\color-v23\abc_tint_switch_track.xml to C:\Users\dctm1\YongStudyApp\node_modules\expo\android\build\intermediates\verified_library_resources\release\verifyReleaseResources\compiled\color-v23_abc_tint_switch_track.xml.flat
Compiling XML table C:\Users\dctm1\YongStudyApp\node_modules\expo\android\build\intermediates\merged_res\release\mergeReleaseResources\values-hi\values-hi.xml to C:\Users\dctm1\YongStudyApp\node_modules\expo\android\build\intermediates\verified_library_resources\release\verifyReleaseResources\compiled\values-hi_values-hi.arsc.flat
Compiling image file C:\Users\dctm1\YongStudyApp\node_modules\expo\android\build\intermediates\merged_res\release\mergeReleaseResources\drawable-hdpi-v4\abc_scrubber_control_to_pressed_mtrl_000.png
Compiling file C:\Users\dctm1\YongStudyApp\node_modules\expo\android\build\intermediates\merged_res\release\mergeReleaseResources\drawable-hdpi-v4\abc_scrubber_control_to_pressed_mtrl_000.png to C:\Users\dctm1\YongStudyApp\node_modules\expo\android\build\intermediates\verified_library_resources\release\verifyReleaseResources\compiled\drawable-hdpi-v4_abc_scrubber_control_to_pressed_mtrl_000.png.flat
Compiling xml file C:\Users\dctm1\YongStudyApp\node_modules\expo\android\build\intermediates\merged_res\release\mergeReleaseResources\drawable\abc_ic_go_search_api_material.xml to C:\Users\dctm1\YongStudyApp\node_modules\expo\android\build\intermediates\verified_library_resources\release\verifyReleaseResources\compiled\drawable_abc_ic_go_search_api_material.xml.flat
Compiling XML table C:\Users\dctm1\YongStudyApp\node_modules\expo\android\build\intermediates\merged_res\release\mergeReleaseResources\values-kn\values-kn.xml to C:\Users\dctm1\YongStudyApp\node_modules\expo\android\build\intermediates\verified_library_resources\release\verifyReleaseResources\compiled\values-kn_values-kn.arsc.flat
Compiling image file C:\Users\dctm1\YongStudyApp\node_modules\expo\android\build\intermediates\merged_res\release\mergeReleaseResources\drawable-hdpi-v4\ic_call_decline.png
Compiling file C:\Users\dctm1\YongStudyApp\node_modules\expo\android\build\intermediates\merged_res\release\mergeReleaseResources\drawable-hdpi-v4\ic_call_decline.png to C:\Users\dctm1\YongStudyApp\node_modules\expo\android\build\intermediates\verified_library_resources\release\verifyReleaseResources\compiled\drawable-hdpi-v4_ic_call_decline.png.flat
Compiling xml file C:\Users\dctm1\YongStudyApp\node_modules\expo\android\build\intermediates\merged_res\release\mergeReleaseResources\drawable\abc_list_selector_background_transition_holo_light.xml to C:\Users\dctm1\YongStudyApp\node_modules\expo\android\build\intermediates\verified_library_resources\release\verifyReleaseResources\compiled\drawable_abc_list_selector_background_transition_holo_light.xml.flat
Compiling XML table C:\Users\dctm1\YongStudyApp\node_modules\expo\android\build\intermediates\merged_res\release\mergeReleaseResources\values-mr\values-mr.xml to C:\Users\dctm1\YongStudyApp\node_modules\expo\android\build\intermediates\verified_library_resources\release\verifyReleaseResources\compiled\values-mr_values-mr.arsc.flat
Compiling image file C:\Users\dctm1\YongStudyApp\node_modules\expo\android\build\intermediates\merged_res\release\mergeReleaseResources\drawable-mdpi-v4\abc_btn_check_to_on_mtrl_015.png
Compiling file C:\Users\dctm1\YongStudyApp\node_modules\expo\android\build\intermediates\merged_res\release\mergeReleaseResources\drawable-mdpi-v4\abc_btn_check_to_on_mtrl_015.png to C:\Users\dctm1\YongStudyApp\node_modules\expo\android\build\intermediates\verified_library_resources\release\verifyReleaseResources\compiled\drawable-mdpi-v4_abc_btn_check_to_on_mtrl_015.png.flat
Compiling xml file C:\Users\dctm1\YongStudyApp\node_modules\expo\android\build\intermediates\merged_res\release\mergeReleaseResources\drawable\abc_switch_thumb_material.xml to C:\Users\dctm1\YongStudyApp\node_modules\expo\android\build\intermediates\verified_library_resources\release\verifyReleaseResources\compiled\drawable_abc_switch_thumb_material.xml.flat
Compiling XML table C:\Users\dctm1\YongStudyApp\node_modules\expo\android\build\intermediates\merged_res\release\mergeReleaseResources\values-pt-rBR\values-pt-rBR.xml to C:\Users\dctm1\YongStudyApp\node_modules\expo\android\build\intermediates\verified_library_resources\release\verifyReleaseResources\compiled\values-pt-rBR_values-pt-rBR.arsc.flat
Compiling image file C:\Users\dctm1\YongStudyApp\node_modules\expo\android\build\intermediates\merged_res\release\mergeReleaseResources\drawable-mdpi-v4\ic_call_answer.png
Compiling file C:\Users\dctm1\YongStudyApp\node_modules\expo\android\build\intermediates\merged_res\release\mergeReleaseResources\drawable-mdpi-v4\ic_call_answer.png to C:\Users\dctm1\YongStudyApp\node_modules\expo\android\build\intermediates\verified_library_resources\release\verifyReleaseResources\compiled\drawable-mdpi-v4_ic_call_answer.png.flat
Compiling XML table C:\Users\dctm1\YongStudyApp\node_modules\expo\android\build\intermediates\merged_res\release\mergeReleaseResources\values-ta\values-ta.xml to C:\Users\dctm1\YongStudyApp\node_modules\expo\android\build\intermediates\verified_library_resources\release\verifyReleaseResources\compiled\values-ta_values-ta.arsc.flat
Compiling xml file C:\Users\dctm1\YongStudyApp\node_modules\expo\android\build\intermediates\merged_res\release\mergeReleaseResources\drawable\btn_radio_on_to_off_mtrl_animation.xml to C:\Users\dctm1\YongStudyApp\node_modules\expo\android\build\intermediates\verified_library_resources\release\verifyReleaseResources\compiled\drawable_btn_radio_on_to_off_mtrl_animation.xml.flat
Compiling xml file C:\Users\dctm1\YongStudyApp\node_modules\expo\android\build\intermediates\merged_res\release\mergeReleaseResources\drawable-v21\abc_list_divider_material.xml to C:\Users\dctm1\YongStudyApp\node_modules\expo\android\build\intermediates\verified_library_resources\release\verifyReleaseResources\compiled\drawable-v21_abc_list_divider_material.xml.flat
Compiling XML table C:\Users\dctm1\YongStudyApp\node_modules\expo\android\build\intermediates\merged_res\release\mergeReleaseResources\values-v22\values-v22.xml to C:\Users\dctm1\YongStudyApp\node_modules\expo\android\build\intermediates\verified_library_resources\release\verifyReleaseResources\compiled\values-v22_values-v22.arsc.flat
Compiling xml file C:\Users\dctm1\YongStudyApp\node_modules\expo\android\build\intermediates\merged_res\release\mergeReleaseResources\drawable\common_google_signin_btn_text_light.xml to C:\Users\dctm1\YongStudyApp\node_modules\expo\android\build\intermediates\verified_library_resources\release\verifyReleaseResources\compiled\drawable_common_google_signin_btn_text_light.xml.flat
Compiling XML table C:\Users\dctm1\YongStudyApp\node_modules\expo\android\build\intermediates\merged_res\release\mergeReleaseResources\values-zh-rTW\values-zh-rTW.xml to C:\Users\dctm1\YongStudyApp\node_modules\expo\android\build\intermediates\verified_library_resources\release\verifyReleaseResources\compiled\values-zh-rTW_values-zh-rTW.arsc.flat
Compiling image file C:\Users\dctm1\YongStudyApp\node_modules\expo\android\build\intermediates\merged_res\release\mergeReleaseResources\drawable-xhdpi-v4\abc_scrubber_control_to_pressed_mtrl_005.png
Compiling file C:\Users\dctm1\YongStudyApp\node_modules\expo\android\build\intermediates\merged_res\release\mergeReleaseResources\drawable-xhdpi-v4\abc_scrubber_control_to_pressed_mtrl_005.png to C:\Users\dctm1\YongStudyApp\node_modules\expo\android\build\intermediates\verified_library_resources\release\verifyReleaseResources\compiled\drawable-xhdpi-v4_abc_scrubber_control_to_pressed_mtrl_005.png.flat
Compiling xml file C:\Users\dctm1\YongStudyApp\node_modules\expo\android\build\intermediates\merged_res\release\mergeReleaseResources\drawable\tooltip_frame_dark.xml to C:\Users\dctm1\YongStudyApp\node_modules\expo\android\build\intermediates\verified_library_resources\release\verifyReleaseResources\compiled\drawable_tooltip_frame_dark.xml.flat
Compiling xml file C:\Users\dctm1\YongStudyApp\node_modules\expo\android\build\intermediates\merged_res\release\mergeReleaseResources\anim\abc_grow_fade_in_from_bottom.xml to C:\Users\dctm1\YongStudyApp\node_modules\expo\android\build\intermediates\verified_library_resources\release\verifyReleaseResources\compiled\anim_abc_grow_fade_in_from_bottom.xml.flat
Compiling image file C:\Users\dctm1\YongStudyApp\node_modules\expo\android\build\intermediates\merged_res\release\mergeReleaseResources\drawable-xhdpi-v4\ic_call_decline_low.png
Compiling file C:\Users\dctm1\YongStudyApp\node_modules\expo\android\build\intermediates\merged_res\release\mergeReleaseResources\drawable-xhdpi-v4\ic_call_decline_low.png to C:\Users\dctm1\YongStudyApp\node_modules\expo\android\build\intermediates\verified_library_resources\release\verifyReleaseResources\compiled\drawable-xhdpi-v4_ic_call_decline_low.png.flat
Compiling image file C:\Users\dctm1\YongStudyApp\node_modules\expo\android\build\intermediates\merged_res\release\mergeReleaseResources\drawable-hdpi-v4\abc_ic_commit_search_api_mtrl_alpha.png
Compiling file C:\Users\dctm1\YongStudyApp\node_modules\expo\android\build\intermediates\merged_res\release\mergeReleaseResources\drawable-hdpi-v4\abc_ic_commit_search_api_mtrl_alpha.png to C:\Users\dctm1\YongStudyApp\node_modules\expo\android\build\intermediates\verified_library_resources\release\verifyReleaseResources\compiled\drawable-hdpi-v4_abc_ic_commit_search_api_mtrl_alpha.png.flat
Compiling image file C:\Users\dctm1\YongStudyApp\node_modules\expo\android\build\intermediates\merged_res\release\mergeReleaseResources\drawable-hdpi-v4\ic_call_answer_video.png
Compiling file C:\Users\dctm1\YongStudyApp\node_modules\expo\android\build\intermediates\merged_res\release\mergeReleaseResources\drawable-hdpi-v4\ic_call_answer_video.png to C:\Users\dctm1\YongStudyApp\node_modules\expo\android\build\intermediates\verified_library_resources\release\verifyReleaseResources\compiled\drawable-hdpi-v4_ic_call_answer_video.png.flat
Compiling image file C:\Users\dctm1\YongStudyApp\node_modules\expo\android\build\intermediates\merged_res\release\mergeReleaseResources\drawable-ldpi-v4\ic_call_decline_low.png
Compiling file C:\Users\dctm1\YongStudyApp\node_modules\expo\android\build\intermediates\merged_res\release\mergeReleaseResources\drawable-ldpi-v4\ic_call_decline_low.png to C:\Users\dctm1\YongStudyApp\node_modules\expo\android\build\intermediates\verified_library_resources\release\verifyReleaseResources\compiled\drawable-ldpi-v4_ic_call_decline_low.png.flat
Compiling image file C:\Users\dctm1\YongStudyApp\node_modules\expo\android\build\intermediates\merged_res\release\mergeReleaseResources\drawable-xxhdpi-v4\abc_text_select_handle_middle_mtrl.png
Compiling file C:\Users\dctm1\YongStudyApp\node_modules\expo\android\build\intermediates\merged_res\release\mergeReleaseResources\drawable-xxhdpi-v4\abc_text_select_handle_middle_mtrl.png to C:\Users\dctm1\YongStudyApp\node_modules\expo\android\build\intermediates\verified_library_resources\release\verifyReleaseResources\compiled\drawable-xxhdpi-v4_abc_text_select_handle_middle_mtrl.png.flat
Compiling xml file C:\Users\dctm1\YongStudyApp\node_modules\expo\android\build\intermediates\merged_res\release\mergeReleaseResources\anim\btn_checkbox_to_checked_icon_null_animation.xml to C:\Users\dctm1\YongStudyApp\node_modules\expo\android\build\intermediates\verified_library_resources\release\verifyReleaseResources\compiled\anim_btn_checkbox_to_checked_icon_null_animation.xml.flat
Compiling image file C:\Users\dctm1\YongStudyApp\node_modules\expo\android\build\intermediates\merged_res\release\mergeReleaseResources\drawable-mdpi-v4\googleg_disabled_color_18.png
Compiling file C:\Users\dctm1\YongStudyApp\node_modules\expo\android\build\intermediates\merged_res\release\mergeReleaseResources\drawable-mdpi-v4\googleg_disabled_color_18.png to C:\Users\dctm1\YongStudyApp\node_modules\expo\android\build\intermediates\verified_library_resources\release\verifyReleaseResources\compiled\drawable-mdpi-v4_googleg_disabled_color_18.png.flat
Compiling xml file C:\Users\dctm1\YongStudyApp\node_modules\expo\android\build\intermediates\merged_res\release\mergeReleaseResources\drawable-v21\abc_dialog_material_background.xml to C:\Users\dctm1\YongStudyApp\node_modules\expo\android\build\intermediates\verified_library_resources\release\verifyReleaseResources\compiled\drawable-v21_abc_dialog_material_background.xml.flat
Compiling xml file C:\Users\dctm1\YongStudyApp\node_modules\expo\android\build\intermediates\merged_res\release\mergeReleaseResources\anim\catalyst_push_up_in.xml to C:\Users\dctm1\YongStudyApp\node_modules\expo\android\build\intermediates\verified_library_resources\release\verifyReleaseResources\compiled\anim_catalyst_push_up_in.xml.flat
Compiling image file C:\Users\dctm1\YongStudyApp\node_modules\expo\android\build\intermediates\merged_res\release\mergeReleaseResources\drawable-xxxhdpi-v4\abc_btn_check_to_on_mtrl_015.png
Compiling file C:\Users\dctm1\YongStudyApp\node_modules\expo\android\build\intermediates\merged_res\release\mergeReleaseResources\drawable-xxxhdpi-v4\abc_btn_check_to_on_mtrl_015.png to C:\Users\dctm1\YongStudyApp\node_modules\expo\android\build\intermediates\verified_library_resources\release\verifyReleaseResources\compiled\drawable-xxxhdpi-v4_abc_btn_check_to_on_mtrl_015.png.flat
Compiling image file C:\Users\dctm1\YongStudyApp\node_modules\expo\android\build\intermediates\merged_res\release\mergeReleaseResources\drawable-xhdpi-v4\abc_scrubber_control_off_mtrl_alpha.png
Compiling file C:\Users\dctm1\YongStudyApp\node_modules\expo\android\build\intermediates\merged_res\release\mergeReleaseResources\drawable-xhdpi-v4\abc_scrubber_control_off_mtrl_alpha.png to C:\Users\dctm1\YongStudyApp\node_modules\expo\android\build\intermediates\verified_library_resources\release\verifyReleaseResources\compiled\drawable-xhdpi-v4_abc_scrubber_control_off_mtrl_alpha.png.flat
Compiling xml file C:\Users\dctm1\YongStudyApp\node_modules\expo\android\build\intermediates\merged_res\release\mergeReleaseResources\color\abc_background_cache_hint_selector_material_light.xml to C:\Users\dctm1\YongStudyApp\node_modules\expo\android\build\intermediates\verified_library_resources\release\verifyReleaseResources\compiled\color_abc_background_cache_hint_selector_material_light.xml.flat
Compiling image file C:\Users\dctm1\YongStudyApp\node_modules\expo\android\build\intermediates\merged_res\release\mergeReleaseResources\drawable-xxxhdpi-v4\ic_call_decline_low.png
Compiling file C:\Users\dctm1\YongStudyApp\node_modules\expo\android\build\intermediates\merged_res\release\mergeReleaseResources\drawable-xxxhdpi-v4\ic_call_decline_low.png to C:\Users\dctm1\YongStudyApp\node_modules\expo\android\build\intermediates\verified_library_resources\release\verifyReleaseResources\compiled\drawable-xxxhdpi-v4_ic_call_decline_low.png.flat
Compiling image file C:\Users\dctm1\YongStudyApp\node_modules\expo\android\build\intermediates\merged_res\release\mergeReleaseResources\drawable-xhdpi-v4\ic_call_answer_video_low.png
Compiling file C:\Users\dctm1\YongStudyApp\node_modules\expo\android\build\intermediates\merged_res\release\mergeReleaseResources\drawable-xhdpi-v4\ic_call_answer_video_low.png to C:\Users\dctm1\YongStudyApp\node_modules\expo\android\build\intermediates\verified_library_resources\release\verifyReleaseResources\compiled\drawable-xhdpi-v4_ic_call_answer_video_low.png.flat
Compiling image file C:\Users\dctm1\YongStudyApp\node_modules\expo\android\build\intermediates\merged_res\release\mergeReleaseResources\drawable-xxhdpi-v4\abc_scrubber_control_to_pressed_mtrl_005.png
Compiling xml file C:\Users\dctm1\YongStudyApp\node_modules\expo\android\build\intermediates\merged_res\release\mergeReleaseResources\color\common_google_signin_btn_tint.xml to C:\Users\dctm1\YongStudyApp\node_modules\expo\android\build\intermediates\verified_library_resources\release\verifyReleaseResources\compiled\color_common_google_signin_btn_tint.xml.flat
Compiling file C:\Users\dctm1\YongStudyApp\node_modules\expo\android\build\intermediates\merged_res\release\mergeReleaseResources\drawable-xxhdpi-v4\abc_scrubber_control_to_pressed_mtrl_005.png to C:\Users\dctm1\YongStudyApp\node_modules\expo\android\build\intermediates\verified_library_resources\release\verifyReleaseResources\compiled\drawable-xxhdpi-v4_abc_scrubber_control_to_pressed_mtrl_005.png.flat
Compiling xml file C:\Users\dctm1\YongStudyApp\node_modules\expo\android\build\intermediates\merged_res\release\mergeReleaseResources\drawable\abc_btn_borderless_material.xml to C:\Users\dctm1\YongStudyApp\node_modules\expo\android\build\intermediates\verified_library_resources\release\verifyReleaseResources\compiled\drawable_abc_btn_borderless_material.xml.flat
Compiling xml file C:\Users\dctm1\YongStudyApp\node_modules\expo\android\build\intermediates\merged_res\release\mergeReleaseResources\layout\abc_action_menu_layout.xml to C:\Users\dctm1\YongStudyApp\node_modules\expo\android\build\intermediates\verified_library_resources\release\verifyReleaseResources\compiled\layout_abc_action_menu_layout.xml.flat
Compiling image file C:\Users\dctm1\YongStudyApp\node_modules\expo\android\build\intermediates\merged_res\release\mergeReleaseResources\drawable-xxhdpi-v4\ic_resume.png
Compiling file C:\Users\dctm1\YongStudyApp\node_modules\expo\android\build\intermediates\merged_res\release\mergeReleaseResources\drawable-xxhdpi-v4\ic_resume.png to C:\Users\dctm1\YongStudyApp\node_modules\expo\android\build\intermediates\verified_library_resources\release\verifyReleaseResources\compiled\drawable-xxhdpi-v4_ic_resume.png.flat
Compiling xml file C:\Users\dctm1\YongStudyApp\node_modules\expo\android\build\intermediates\merged_res\release\mergeReleaseResources\drawable\abc_ic_menu_copy_mtrl_am_alpha.xml to C:\Users\dctm1\YongStudyApp\node_modules\expo\android\build\intermediates\verified_library_resources\release\verifyReleaseResources\compiled\drawable_abc_ic_menu_copy_mtrl_am_alpha.xml.flat
Compiling xml file C:\Users\dctm1\YongStudyApp\node_modules\expo\android\build\intermediates\merged_res\release\mergeReleaseResources\layout\abc_list_menu_item_icon.xml to C:\Users\dctm1\YongStudyApp\node_modules\expo\android\build\intermediates\verified_library_resources\release\verifyReleaseResources\compiled\layout_abc_list_menu_item_icon.xml.flat
Compiling image file C:\Users\dctm1\YongStudyApp\node_modules\expo\android\build\intermediates\merged_res\release\mergeReleaseResources\drawable-xxxhdpi-v4\ic_call_answer_video_low.png
Compiling file C:\Users\dctm1\YongStudyApp\node_modules\expo\android\build\intermediates\merged_res\release\mergeReleaseResources\drawable-xxxhdpi-v4\ic_call_answer_video_low.png to C:\Users\dctm1\YongStudyApp\node_modules\expo\android\build\intermediates\verified_library_resources\release\verifyReleaseResources\compiled\drawable-xxxhdpi-v4_ic_call_answer_video_low.png.flat
Compiling xml file C:\Users\dctm1\YongStudyApp\node_modules\expo\android\build\intermediates\merged_res\release\mergeReleaseResources\drawable\abc_list_selector_holo_dark.xml to C:\Users\dctm1\YongStudyApp\node_modules\expo\android\build\intermediates\verified_library_resources\release\verifyReleaseResources\compiled\drawable_abc_list_selector_holo_dark.xml.flat
Compiling xml file C:\Users\dctm1\YongStudyApp\node_modules\expo\android\build\intermediates\merged_res\release\mergeReleaseResources\layout\abc_action_bar_up_container.xml to C:\Users\dctm1\YongStudyApp\node_modules\expo\android\build\intermediates\verified_library_resources\release\verifyReleaseResources\compiled\layout_abc_action_bar_up_container.xml.flat
Compiling xml file C:\Users\dctm1\YongStudyApp\node_modules\expo\android\build\intermediates\merged_res\release\mergeReleaseResources\layout\abc_tooltip.xml to C:\Users\dctm1\YongStudyApp\node_modules\expo\android\build\intermediates\verified_library_resources\release\verifyReleaseResources\compiled\layout_abc_tooltip.xml.flat
Compiling xml file C:\Users\dctm1\YongStudyApp\node_modules\expo\android\build\intermediates\merged_res\release\mergeReleaseResources\drawable\abc_tab_indicator_material.xml to C:\Users\dctm1\YongStudyApp\node_modules\expo\android\build\intermediates\verified_library_resources\release\verifyReleaseResources\compiled\drawable_abc_tab_indicator_material.xml.flat
Compiling xml file C:\Users\dctm1\YongStudyApp\node_modules\expo\android\build\intermediates\merged_res\release\mergeReleaseResources\layout\notification_template_big_media_narrow.xml to C:\Users\dctm1\YongStudyApp\node_modules\expo\android\build\intermediates\verified_library_resources\release\verifyReleaseResources\compiled\layout_notification_template_big_media_narrow.xml.flat
Compiling xml file C:\Users\dctm1\YongStudyApp\node_modules\expo\android\build\intermediates\merged_res\release\mergeReleaseResources\drawable\common_google_signin_btn_icon_dark.xml to C:\Users\dctm1\YongStudyApp\node_modules\expo\android\build\intermediates\verified_library_resources\release\verifyReleaseResources\compiled\drawable_common_google_signin_btn_icon_dark.xml.flat
Compiling xml file C:\Users\dctm1\YongStudyApp\node_modules\expo\android\build\intermediates\merged_res\release\mergeReleaseResources\layout\abc_expanded_menu_layout.xml to C:\Users\dctm1\YongStudyApp\node_modules\expo\android\build\intermediates\verified_library_resources\release\verifyReleaseResources\compiled\layout_abc_expanded_menu_layout.xml.flat
Compiling xml file C:\Users\dctm1\YongStudyApp\node_modules\expo\android\build\intermediates\merged_res\release\mergeReleaseResources\drawable\common_google_signin_btn_text_light_focused.xml to C:\Users\dctm1\YongStudyApp\node_modules\expo\android\build\intermediates\verified_library_resources\release\verifyReleaseResources\compiled\drawable_common_google_signin_btn_text_light_focused.xml.flat
Compiling xml file C:\Users\dctm1\YongStudyApp\node_modules\expo\android\build\intermediates\merged_res\release\mergeReleaseResources\drawable\tooltip_frame_light.xml to C:\Users\dctm1\YongStudyApp\node_modules\expo\android\build\intermediates\verified_library_resources\release\verifyReleaseResources\compiled\drawable_tooltip_frame_light.xml.flat
Compiling xml file C:\Users\dctm1\YongStudyApp\node_modules\expo\android\build\intermediates\merged_res\release\mergeReleaseResources\layout\abc_search_view.xml to C:\Users\dctm1\YongStudyApp\node_modules\expo\android\build\intermediates\verified_library_resources\release\verifyReleaseResources\compiled\layout_abc_search_view.xml.flat
Compiling xml file C:\Users\dctm1\YongStudyApp\node_modules\expo\android\build\intermediates\merged_res\release\mergeReleaseResources\layout\select_dialog_multichoice_material.xml to C:\Users\dctm1\YongStudyApp\node_modules\expo\android\build\intermediates\verified_library_resources\release\verifyReleaseResources\compiled\layout_select_dialog_multichoice_material.xml.flat
Compiling XML table C:\Users\dctm1\YongStudyApp\node_modules\expo\android\build\intermediates\merged_res\release\mergeReleaseResources\values-af\values-af.xml to C:\Users\dctm1\YongStudyApp\node_modules\expo\android\build\intermediates\verified_library_resources\release\verifyReleaseResources\compiled\values-af_values-af.arsc.flat
Compiling XML table C:\Users\dctm1\YongStudyApp\node_modules\expo\android\build\intermediates\merged_res\release\mergeReleaseResources\values-da\values-da.xml to C:\Users\dctm1\YongStudyApp\node_modules\expo\android\build\intermediates\verified_library_resources\release\verifyReleaseResources\compiled\values-da_values-da.arsc.flat
Compiling image file C:\Users\dctm1\YongStudyApp\node_modules\expo\android\build\intermediates\merged_res\release\mergeReleaseResources\drawable-hdpi-v4\abc_scrubber_control_off_mtrl_alpha.png
Compiling file C:\Users\dctm1\YongStudyApp\node_modules\expo\android\build\intermediates\merged_res\release\mergeReleaseResources\drawable-hdpi-v4\abc_scrubber_control_off_mtrl_alpha.png to C:\Users\dctm1\YongStudyApp\node_modules\expo\android\build\intermediates\verified_library_resources\release\verifyReleaseResources\compiled\drawable-hdpi-v4_abc_scrubber_control_off_mtrl_alpha.png.flat
Compiling image file C:\Users\dctm1\YongStudyApp\node_modules\expo\android\build\intermediates\merged_res\release\mergeReleaseResources\drawable-hdpi-v4\ic_call_answer_video_low.png
Compiling file C:\Users\dctm1\YongStudyApp\node_modules\expo\android\build\intermediates\merged_res\release\mergeReleaseResources\drawable-hdpi-v4\ic_call_answer_video_low.png to C:\Users\dctm1\YongStudyApp\node_modules\expo\android\build\intermediates\verified_library_resources\release\verifyReleaseResources\compiled\drawable-hdpi-v4_ic_call_answer_video_low.png.flat
Compiling XML table C:\Users\dctm1\YongStudyApp\node_modules\expo\android\build\intermediates\merged_res\release\mergeReleaseResources\values-eu\values-eu.xml to C:\Users\dctm1\YongStudyApp\node_modules\expo\android\build\intermediates\verified_library_resources\release\verifyReleaseResources\compiled\values-eu_values-eu.arsc.flat
Compiling image file C:\Users\dctm1\YongStudyApp\node_modules\expo\android\build\intermediates\merged_res\release\mergeReleaseResources\drawable-mdpi-v4\abc_btn_check_to_on_mtrl_000.png
Compiling file C:\Users\dctm1\YongStudyApp\node_modules\expo\android\build\intermediates\merged_res\release\mergeReleaseResources\drawable-mdpi-v4\abc_btn_check_to_on_mtrl_000.png to C:\Users\dctm1\YongStudyApp\node_modules\expo\android\build\intermediates\verified_library_resources\release\verifyReleaseResources\compiled\drawable-mdpi-v4_abc_btn_check_to_on_mtrl_000.png.flat
Compiling XML table C:\Users\dctm1\YongStudyApp\node_modules\expo\android\build\intermediates\merged_res\release\mergeReleaseResources\values-hy\values-hy.xml to C:\Users\dctm1\YongStudyApp\node_modules\expo\android\build\intermediates\verified_library_resources\release\verifyReleaseResources\compiled\values-hy_values-hy.arsc.flat
Compiling image file C:\Users\dctm1\YongStudyApp\node_modules\expo\android\build\intermediates\merged_res\release\mergeReleaseResources\drawable-mdpi-v4\googleg_standard_color_18.png
Compiling file C:\Users\dctm1\YongStudyApp\node_modules\expo\android\build\intermediates\merged_res\release\mergeReleaseResources\drawable-mdpi-v4\googleg_standard_color_18.png to C:\Users\dctm1\YongStudyApp\node_modules\expo\android\build\intermediates\verified_library_resources\release\verifyReleaseResources\compiled\drawable-mdpi-v4_googleg_standard_color_18.png.flat
Compiling xml file C:\Users\dctm1\YongStudyApp\node_modules\expo\android\build\intermediates\merged_res\release\mergeReleaseResources\layout\notification_template_big_media.xml to C:\Users\dctm1\YongStudyApp\node_modules\expo\android\build\intermediates\verified_library_resources\release\verifyReleaseResources\compiled\layout_notification_template_big_media.xml.flat
Compiling xml file C:\Users\dctm1\YongStudyApp\node_modules\expo\android\build\intermediates\merged_res\release\mergeReleaseResources\layout\redbox_view.xml to C:\Users\dctm1\YongStudyApp\node_modules\expo\android\build\intermediates\verified_library_resources\release\verifyReleaseResources\compiled\layout_redbox_view.xml.flat
Compiling xml file C:\Users\dctm1\YongStudyApp\node_modules\expo\android\build\intermediates\merged_res\release\mergeReleaseResources\drawable-v21\abc_edit_text_material.xml to C:\Users\dctm1\YongStudyApp\node_modules\expo\android\build\intermediates\verified_library_resources\release\verifyReleaseResources\compiled\drawable-v21_abc_edit_text_material.xml.flat
Compiling XML table C:\Users\dctm1\YongStudyApp\node_modules\expo\android\build\intermediates\merged_res\release\mergeReleaseResources\values-land\values-land.xml to C:\Users\dctm1\YongStudyApp\node_modules\expo\android\build\intermediates\verified_library_resources\release\verifyReleaseResources\compiled\values-land_values-land.arsc.flat
Compiling file C:\Users\dctm1\YongStudyApp\node_modules\expo\android\build\intermediates\merged_res\release\mergeReleaseResources\raw\firebase_common_keep.xml to C:\Users\dctm1\YongStudyApp\node_modules\expo\android\build\intermediates\verified_library_resources\release\verifyReleaseResources\compiled\raw_firebase_common_keep.xml.flat
Compiling image file C:\Users\dctm1\YongStudyApp\node_modules\expo\android\build\intermediates\merged_res\release\mergeReleaseResources\drawable-xhdpi-v4\abc_scrubber_control_to_pressed_mtrl_000.png
Compiling file C:\Users\dctm1\YongStudyApp\node_modules\expo\android\build\intermediates\merged_res\release\mergeReleaseResources\drawable-xhdpi-v4\abc_scrubber_control_to_pressed_mtrl_000.png to C:\Users\dctm1\YongStudyApp\node_modules\expo\android\build\intermediates\verified_library_resources\release\verifyReleaseResources\compiled\drawable-xhdpi-v4_abc_scrubber_control_to_pressed_mtrl_000.png.flat
Compiling XML table C:\Users\dctm1\YongStudyApp\node_modules\expo\android\build\intermediates\merged_res\release\mergeReleaseResources\values-nb\values-nb.xml to C:\Users\dctm1\YongStudyApp\node_modules\expo\android\build\intermediates\verified_library_resources\release\verifyReleaseResources\compiled\values-nb_values-nb.arsc.flat
Compiling image file C:\Users\dctm1\YongStudyApp\node_modules\expo\android\build\intermediates\merged_res\release\mergeReleaseResources\drawable-xhdpi-v4\ic_call_decline.png
Compiling XML table C:\Users\dctm1\YongStudyApp\node_modules\expo\android\build\intermediates\merged_res\release\mergeReleaseResources\values-ca\values-ca.xml to C:\Users\dctm1\YongStudyApp\node_modules\expo\android\build\intermediates\verified_library_resources\release\verifyReleaseResources\compiled\values-ca_values-ca.arsc.flat
Compiling file C:\Users\dctm1\YongStudyApp\node_modules\expo\android\build\intermediates\merged_res\release\mergeReleaseResources\drawable-xhdpi-v4\ic_call_decline.png to C:\Users\dctm1\YongStudyApp\node_modules\expo\android\build\intermediates\verified_library_resources\release\verifyReleaseResources\compiled\drawable-xhdpi-v4_ic_call_decline.png.flat
Compiling image file C:\Users\dctm1\YongStudyApp\node_modules\expo\android\build\intermediates\merged_res\release\mergeReleaseResources\drawable-xxhdpi-v4\abc_text_select_handle_left_mtrl.png
Compiling file C:\Users\dctm1\YongStudyApp\node_modules\expo\android\build\intermediates\merged_res\release\mergeReleaseResources\drawable-xxhdpi-v4\abc_text_select_handle_left_mtrl.png to C:\Users\dctm1\YongStudyApp\node_modules\expo\android\build\intermediates\verified_library_resources\release\verifyReleaseResources\compiled\drawable-xxhdpi-v4_abc_text_select_handle_left_mtrl.png.flat
Compiling XML table C:\Users\dctm1\YongStudyApp\node_modules\expo\android\build\intermediates\merged_res\release\mergeReleaseResources\values-es-rUS\values-es-rUS.xml to C:\Users\dctm1\YongStudyApp\node_modules\expo\android\build\intermediates\verified_library_resources\release\verifyReleaseResources\compiled\values-es-rUS_values-es-rUS.arsc.flat
Compiling XML table C:\Users\dctm1\YongStudyApp\node_modules\expo\android\build\intermediates\merged_res\release\mergeReleaseResources\values-ru\values-ru.xml to C:\Users\dctm1\YongStudyApp\node_modules\expo\android\build\intermediates\verified_library_resources\release\verifyReleaseResources\compiled\values-ru_values-ru.arsc.flat
Compiling image file C:\Users\dctm1\YongStudyApp\node_modules\expo\android\build\intermediates\merged_res\release\mergeReleaseResources\drawable-xxxhdpi-v4\abc_btn_check_to_on_mtrl_000.png
Compiling file C:\Users\dctm1\YongStudyApp\node_modules\expo\android\build\intermediates\merged_res\release\mergeReleaseResources\drawable-xxxhdpi-v4\abc_btn_check_to_on_mtrl_000.png to C:\Users\dctm1\YongStudyApp\node_modules\expo\android\build\intermediates\verified_library_resources\release\verifyReleaseResources\compiled\drawable-xxxhdpi-v4_abc_btn_check_to_on_mtrl_000.png.flat
Compiling XML table C:\Users\dctm1\YongStudyApp\node_modules\expo\android\build\intermediates\merged_res\release\mergeReleaseResources\values-hr\values-hr.xml to C:\Users\dctm1\YongStudyApp\node_modules\expo\android\build\intermediates\verified_library_resources\release\verifyReleaseResources\compiled\values-hr_values-hr.arsc.flat
Compiling image file C:\Users\dctm1\YongStudyApp\node_modules\expo\android\build\intermediates\merged_res\release\mergeReleaseResources\drawable-xxxhdpi-v4\ic_call_decline.png
Compiling XML table C:\Users\dctm1\YongStudyApp\node_modules\expo\android\build\intermediates\merged_res\release\mergeReleaseResources\values-tl\values-tl.xml to C:\Users\dctm1\YongStudyApp\node_modules\expo\android\build\intermediates\verified_library_resources\release\verifyReleaseResources\compiled\values-tl_values-tl.arsc.flat
Compiling file C:\Users\dctm1\YongStudyApp\node_modules\expo\android\build\intermediates\merged_res\release\mergeReleaseResources\drawable-xxxhdpi-v4\ic_call_decline.png to C:\Users\dctm1\YongStudyApp\node_modules\expo\android\build\intermediates\verified_library_resources\release\verifyReleaseResources\compiled\drawable-xxxhdpi-v4_ic_call_decline.png.flat
Compiling XML table C:\Users\dctm1\YongStudyApp\node_modules\expo\android\build\intermediates\merged_res\release\mergeReleaseResources\values-ko\values-ko.xml to C:\Users\dctm1\YongStudyApp\node_modules\expo\android\build\intermediates\verified_library_resources\release\verifyReleaseResources\compiled\values-ko_values-ko.arsc.flat
Compiling xml file C:\Users\dctm1\YongStudyApp\node_modules\expo\android\build\intermediates\merged_res\release\mergeReleaseResources\layout\abc_action_menu_item_layout.xml to C:\Users\dctm1\YongStudyApp\node_modules\expo\android\build\intermediates\verified_library_resources\release\verifyReleaseResources\compiled\layout_abc_action_menu_item_layout.xml.flat
Compiling XML table C:\Users\dctm1\YongStudyApp\node_modules\expo\android\build\intermediates\merged_res\release\mergeReleaseResources\values-v25\values-v25.xml to C:\Users\dctm1\YongStudyApp\node_modules\expo\android\build\intermediates\verified_library_resources\release\verifyReleaseResources\compiled\values-v25_values-v25.arsc.flat
Compiling xml file C:\Users\dctm1\YongStudyApp\node_modules\expo\android\build\intermediates\merged_res\release\mergeReleaseResources\layout\abc_list_menu_item_checkbox.xml to C:\Users\dctm1\YongStudyApp\node_modules\expo\android\build\intermediates\verified_library_resources\release\verifyReleaseResources\compiled\layout_abc_list_menu_item_checkbox.xml.flat
Compiling xml file C:\Users\dctm1\YongStudyApp\node_modules\expo\android\build\intermediates\merged_res\release\mergeReleaseResources\xml\rn_dev_preferences.xml to C:\Users\dctm1\YongStudyApp\node_modules\expo\android\build\intermediates\verified_library_resources\release\verifyReleaseResources\compiled\xml_rn_dev_preferences.xml.flat
Compiling XML table C:\Users\dctm1\YongStudyApp\node_modules\expo\android\build\intermediates\merged_res\release\mergeReleaseResources\values-ms\values-ms.xml to C:\Users\dctm1\YongStudyApp\node_modules\expo\android\build\intermediates\verified_library_resources\release\verifyReleaseResources\compiled\values-ms_values-ms.arsc.flat
Compiling xml file C:\Users\dctm1\YongStudyApp\node_modules\expo\android\build\intermediates\merged_res\release\mergeReleaseResources\layout\abc_select_dialog_material.xml to C:\Users\dctm1\YongStudyApp\node_modules\expo\android\build\intermediates\verified_library_resources\release\verifyReleaseResources\compiled\layout_abc_select_dialog_material.xml.flat
Compiling xml file C:\Users\dctm1\YongStudyApp\node_modules\expo\android\build\intermediates\merged_res\release\mergeReleaseResources\layout\notification_template_big_media_custom.xml to C:\Users\dctm1\YongStudyApp\node_modules\expo\android\build\intermediates\verified_library_resources\release\verifyReleaseResources\compiled\layout_notification_template_big_media_custom.xml.flat
Compiling xml file C:\Users\dctm1\YongStudyApp\node_modules\expo\android\build\intermediates\merged_res\release\mergeReleaseResources\layout\select_dialog_item_material.xml to C:\Users\dctm1\YongStudyApp\node_modules\expo\android\build\intermediates\verified_library_resources\release\verifyReleaseResources\compiled\layout_select_dialog_item_material.xml.flat
Compiling XML table C:\Users\dctm1\YongStudyApp\node_modules\expo\android\build\intermediates\merged_res\release\mergeReleaseResources\values-pt-rPT\values-pt-rPT.xml to C:\Users\dctm1\YongStudyApp\node_modules\expo\android\build\intermediates\verified_library_resources\release\verifyReleaseResources\compiled\values-pt-rPT_values-pt-rPT.arsc.flat

Resolve mutations for :react-native-gesture-handler:configureCMakeRelWithDebInfo[arm64-v8a] (Thread[Execution worker Thread 4,5,main]) started.
:react-native-gesture-handler:configureCMakeRelWithDebInfo[arm64-v8a] (Thread[Execution worker Thread 4,5,main]) started.

> Task :react-native-gesture-handler:configureCMakeRelWithDebInfo[arm64-v8a]
Caching disabled for task ':react-native-gesture-handler:configureCMakeRelWithDebInfo[arm64-v8a]' because:
  Build cache is disabled
  Caching has been disabled for the task
Task ':react-native-gesture-handler:configureCMakeRelWithDebInfo[arm64-v8a]' is not up-to-date because:
  Task.upToDateWhen is false.
C/C++: C:\Users\dctm1\YongStudyApp\node_modules\react-native-gesture-handler\android\src\main\jni\CMakeLists.txt release|arm64-v8a : Start JSON generation. Platform version: 24 min SDK version: arm64-v8a
C/C++: C:\Users\dctm1\YongStudyApp\node_modules\react-native-gesture-handler\android\src\main\jni\CMakeLists.txt release|arm64-v8a : JSON 'C:\Users\dctm1\YongStudyApp\node_modules\react-native-gesture-handler\android\.cxx\RelWithDebInfo\3g1v4027\arm64-v8a\android_gradle_build.json' was up-to-date
C/C++: C:\Users\dctm1\YongStudyApp\node_modules\react-native-gesture-handler\android\src\main\jni\CMakeLists.txt release|arm64-v8a : JSON generation completed without problems
C/C++: C:\Users\dctm1\YongStudyApp\node_modules\react-native-gesture-handler\android\src\main\jni\CMakeLists.txt release|arm64-v8a : Writing build model to C:\Users\dctm1\YongStudyApp\node_modules\react-native-gesture-handler\android\build\intermediates\cxx\RelWithDebInfo\3g1v4027\logs\arm64-v8a\build_model.json
Resolve mutations for :react-native-gesture-handler:buildCMakeRelWithDebInfo[arm64-v8a] (Thread[Execution worker Thread 4,5,main]) started.
:react-native-gesture-handler:buildCMakeRelWithDebInfo[arm64-v8a] (Thread[Execution worker Thread 4,5,main]) started.

> Task :react-native-async-storage_async-storage:compileReleaseJavaWithJavac
file or directory 'C:\Users\dctm1\YongStudyApp\node_modules\@react-native-async-storage\async-storage\android\build\generated\ksp\release\classes', not found
file or directory 'C:\Users\dctm1\YongStudyApp\node_modules\@react-native-async-storage\async-storage\android\build\generated\ksp\release\classes', not found
Custom actions are attached to task ':react-native-async-storage_async-storage:compileReleaseJavaWithJavac'.
Caching disabled for task ':react-native-async-storage_async-storage:compileReleaseJavaWithJavac' because:
  Build cache is disabled
Task ':react-native-async-storage_async-storage:compileReleaseJavaWithJavac' is not up-to-date because:
  Output property 'destinationDirectory' file C:\Users\dctm1\YongStudyApp\node_modules\@react-native-async-storage\async-storage\android\build\intermediates\javac\release\compileReleaseJavaWithJavac\classes has been removed.
  Output property 'destinationDirectory' file C:\Users\dctm1\YongStudyApp\node_modules\@react-native-async-storage\async-storage\android\build\intermediates\javac\release\compileReleaseJavaWithJavac\classes\org has been removed.
  Output property 'destinationDirectory' file C:\Users\dctm1\YongStudyApp\node_modules\@react-native-async-storage\async-storage\android\build\intermediates\javac\release\compileReleaseJavaWithJavac\classes\org\asyncstorage has been removed.
  and more...
The input changes require a full rebuild for incremental task ':react-native-async-storage_async-storage:compileReleaseJavaWithJavac'.
Compilation mode: in-process compilation
file or directory 'C:\Users\dctm1\YongStudyApp\node_modules\@react-native-async-storage\async-storage\android\build\generated\ksp\release\classes', not found
Full recompilation is required because no incremental change information is available. This is usually caused by clean builds or changing compiler arguments.
Compiling with toolchain 'C:\Program Files\Android\Android Studio\jbr'.
file or directory 'C:\Users\dctm1\YongStudyApp\node_modules\@react-native-async-storage\async-storage\android\src\main\java', not found
file or directory 'C:\Users\dctm1\YongStudyApp\node_modules\@react-native-async-storage\async-storage\android\generated\java', not found
file or directory 'C:\Users\dctm1\YongStudyApp\node_modules\@react-native-async-storage\async-storage\android\generated\jni', not found
file or directory 'C:\Users\dctm1\YongStudyApp\node_modules\@react-native-async-storage\async-storage\android\src\release\java', not found
file or directory 'C:\Users\dctm1\YongStudyApp\node_modules\@react-native-async-storage\async-storage\android\build\generated\ksp\release\java', not found
file or directory 'C:\Users\dctm1\YongStudyApp\node_modules\@react-native-async-storage\async-storage\android\build\generated\ksp\release\java', not found
Compiling with JDK Java compiler API.

> Task :expo-modules-core:compileReleaseJavaWithJavac
Created classpath snapshot for incremental compilation in 0.399 secs.
Resolve mutations for :expo-modules-core:bundleLibCompileToJarRelease (Thread[Execution worker Thread 10,5,main]) started.
:expo-modules-core:bundleLibCompileToJarRelease (Thread[Execution worker Thread 10,5,main]) started.

> Task :react-native-screens:compileReleaseJavaWithJavac
Class dependency analysis for incremental compilation took 0.213 secs.

Resolve mutations for :expo-modules-core:mergeReleaseShaders (Thread[Execution worker Thread 2,5,main]) started.
:expo-modules-core:mergeReleaseShaders (Thread[Execution worker Thread 2,5,main]) started.

> Task :expo-modules-core:mergeReleaseShaders UP-TO-DATE
Caching disabled for task ':expo-modules-core:mergeReleaseShaders' because:
  Build cache is disabled
  Simple merging task
Skipping task ':expo-modules-core:mergeReleaseShaders' as it is up-to-date.
Resolve mutations for :expo-modules-core:compileReleaseShaders (Thread[Execution worker Thread 2,5,main]) started.
:expo-modules-core:compileReleaseShaders (Thread[Execution worker Thread 2,5,main]) started.

> Task :expo-modules-core:compileReleaseShaders NO-SOURCE
Skipping task ':expo-modules-core:compileReleaseShaders' as it has no source files and no previous output files.
Resolve mutations for :expo-modules-core:generateReleaseAssets (Thread[Execution worker Thread 2,5,main]) started.
:expo-modules-core:generateReleaseAssets (Thread[Execution worker Thread 2,5,main]) started.

> Task :expo-modules-core:generateReleaseAssets UP-TO-DATE
Skipping task ':expo-modules-core:generateReleaseAssets' as it has no actions.
Resolve mutations for :expo-modules-core:mergeReleaseAssets (Thread[Execution worker Thread 2,5,main]) started.
:expo-modules-core:mergeReleaseAssets (Thread[Execution worker Thread 2,5,main]) started.

> Task :react-native-gesture-handler:buildCMakeRelWithDebInfo[arm64-v8a]
Caching disabled for task ':react-native-gesture-handler:buildCMakeRelWithDebInfo[arm64-v8a]' because:
  Build cache is disabled
  Caching has been disabled for the task
Task ':react-native-gesture-handler:buildCMakeRelWithDebInfo[arm64-v8a]' is not up-to-date because:
  Task.upToDateWhen is false.
C/C++: starting build
C/C++: reading expected JSONs
C/C++: done reading expected JSONs
C/C++: executing build commands for targets that produce .so files or executables
C/C++: evaluate miniconfig
C/C++: evaluate library gesturehandler (arm64-v8a)
C/C++: building target library gesturehandler because no targets are specified.
C/C++: about to build targets gesturehandler
C/C++: Build gesturehandler
C/C++: @echo off
"C:\\Users\\dctm1\\AppData\\Local\\Android\\Sdk\\cmake\\3.22.1\\bin\\ninja.exe" ^
  -C ^
  "C:\\Users\\dctm1\\YongStudyApp\\node_modules\\react-native-gesture-handler\\android\\.cxx\\RelWithDebInfo\\3g1v4027\\arm64-v8a" ^
  gesturehandler

Starting process 'command 'C:\Users\dctm1\AppData\Local\Android\Sdk\cmake\3.22.1\bin\ninja.exe''. Working directory: C:\Users\dctm1\YongStudyApp\node_modules\react-native-gesture-handler\android Command: C:\Users\dctm1\AppData\Local\Android\Sdk\cmake\3.22.1\bin\ninja.exe -C C:\Users\dctm1\YongStudyApp\node_modules\react-native-gesture-handler\android\.cxx\RelWithDebInfo\3g1v4027\arm64-v8a gesturehandler
Successfully started process 'command 'C:\Users\dctm1\AppData\Local\Android\Sdk\cmake\3.22.1\bin\ninja.exe''
C/C++: Received process result: 0
C/C++: check expected build outputs
C/C++: build complete
Resolve mutations for :react-native-gesture-handler:configureCMakeRelWithDebInfo[armeabi-v7a] (Thread[Execution worker Thread 4,5,main]) started.
:react-native-gesture-handler:configureCMakeRelWithDebInfo[armeabi-v7a] (Thread[Execution worker Thread 4,5,main]) started.

> Task :expo-modules-core:mergeReleaseAssets UP-TO-DATE
Caching disabled for task ':expo-modules-core:mergeReleaseAssets' because:
  Build cache is disabled
  Simple merging task
Skipping task ':expo-modules-core:mergeReleaseAssets' as it is up-to-date.
work action resolve mergeReleaseAssets (project :expo-modules-core) (Thread[Execution worker Thread 2,5,main]) started.
Resolve mutations for :expo-modules-core:bundleLibRuntimeToDirRelease (Thread[Execution worker Thread 2,5,main]) started.
:expo-modules-core:bundleLibRuntimeToDirRelease (Thread[Execution worker Thread 2,5,main]) started.

> Task :react-native-gesture-handler:configureCMakeRelWithDebInfo[armeabi-v7a]
Caching disabled for task ':react-native-gesture-handler:configureCMakeRelWithDebInfo[armeabi-v7a]' because:
  Build cache is disabled
  Caching has been disabled for the task
Task ':react-native-gesture-handler:configureCMakeRelWithDebInfo[armeabi-v7a]' is not up-to-date because:
  Task.upToDateWhen is false.
C/C++: C:\Users\dctm1\YongStudyApp\node_modules\react-native-gesture-handler\android\src\main\jni\CMakeLists.txt release|armeabi-v7a : Start JSON generation. Platform version: 24 min SDK version: armeabi-v7a
C/C++: C:\Users\dctm1\YongStudyApp\node_modules\react-native-gesture-handler\android\src\main\jni\CMakeLists.txt release|armeabi-v7a : JSON 'C:\Users\dctm1\YongStudyApp\node_modules\react-native-gesture-handler\android\.cxx\RelWithDebInfo\3g1v4027\armeabi-v7a\android_gradle_build.json' was up-to-date
C/C++: C:\Users\dctm1\YongStudyApp\node_modules\react-native-gesture-handler\android\src\main\jni\CMakeLists.txt release|armeabi-v7a : JSON generation completed without problems
C/C++: C:\Users\dctm1\YongStudyApp\node_modules\react-native-gesture-handler\android\src\main\jni\CMakeLists.txt release|armeabi-v7a : Writing build model to C:\Users\dctm1\YongStudyApp\node_modules\react-native-gesture-handler\android\build\intermediates\cxx\RelWithDebInfo\3g1v4027\logs\armeabi-v7a\build_model.json
Resolve mutations for :expo-modules-core:bundleLibRuntimeToJarRelease (Thread[Execution worker Thread 4,5,main]) started.
:expo-modules-core:bundleLibRuntimeToJarRelease (Thread[Execution worker Thread 4,5,main]) started.

> Task :react-native-screens:compileReleaseJavaWithJavac
Created classpath snapshot for incremental compilation in 0.159 secs.
Resolve mutations for :react-native-screens:bundleLibCompileToJarRelease (Thread[Execution worker,5,main]) started.
:react-native-screens:bundleLibCompileToJarRelease (Thread[Execution worker,5,main]) started.
Resolve mutations for :react-native-screens:mergeReleaseShaders (Thread[Execution worker Thread 5,5,main]) started.
:react-native-screens:mergeReleaseShaders (Thread[Execution worker Thread 5,5,main]) started.

> Task :react-native-screens:mergeReleaseShaders UP-TO-DATE
Caching disabled for task ':react-native-screens:mergeReleaseShaders' because:
  Build cache is disabled
  Simple merging task
Skipping task ':react-native-screens:mergeReleaseShaders' as it is up-to-date.
Resolve mutations for :react-native-screens:compileReleaseShaders (Thread[Execution worker Thread 5,5,main]) started.
:react-native-screens:compileReleaseShaders (Thread[Execution worker Thread 5,5,main]) started.

> Task :react-native-screens:compileReleaseShaders NO-SOURCE
Skipping task ':react-native-screens:compileReleaseShaders' as it has no source files and no previous output files.
Resolve mutations for :react-native-screens:generateReleaseAssets (Thread[Execution worker Thread 5,5,main]) started.
:react-native-screens:generateReleaseAssets (Thread[Execution worker Thread 5,5,main]) started.

> Task :react-native-screens:generateReleaseAssets UP-TO-DATE
Skipping task ':react-native-screens:generateReleaseAssets' as it has no actions.
Resolve mutations for :react-native-screens:mergeReleaseAssets (Thread[Execution worker Thread 5,5,main]) started.
:react-native-screens:mergeReleaseAssets (Thread[Execution worker Thread 5,5,main]) started.

> Task :react-native-screens:mergeReleaseAssets UP-TO-DATE
Caching disabled for task ':react-native-screens:mergeReleaseAssets' because:
  Build cache is disabled
  Simple merging task
Skipping task ':react-native-screens:mergeReleaseAssets' as it is up-to-date.
work action resolve mergeReleaseAssets (project :react-native-screens) (Thread[Execution worker Thread 5,5,main]) started.
Resolve mutations for :react-native-screens:bundleLibRuntimeToDirRelease (Thread[Execution worker Thread 5,5,main]) started.
:react-native-screens:bundleLibRuntimeToDirRelease (Thread[Execution worker Thread 5,5,main]) started.

> Task :react-native-async-storage_async-storage:verifyReleaseResources
Compiling image file C:\Users\dctm1\YongStudyApp\node_modules\@react-native-async-storage\async-storage\android\build\intermediates\merged_res\release\mergeReleaseResources\drawable-xxhdpi-v4\abc_text_select_handle_middle_mtrl.png
Compiling file C:\Users\dctm1\YongStudyApp\node_modules\@react-native-async-storage\async-storage\android\build\intermediates\merged_res\release\mergeReleaseResources\drawable-xxhdpi-v4\abc_text_select_handle_middle_mtrl.png to C:\Users\dctm1\YongStudyApp\node_modules\@react-native-async-storage\async-storage\android\build\intermediates\verified_library_resources\release\verifyReleaseResources\compiled\drawable-xxhdpi-v4_abc_text_select_handle_middle_mtrl.png.flat
Compiling image file C:\Users\dctm1\YongStudyApp\node_modules\@react-native-async-storage\async-storage\android\build\intermediates\merged_res\release\mergeReleaseResources\drawable-xxxhdpi-v4\abc_btn_radio_to_on_mtrl_015.png
Compiling file C:\Users\dctm1\YongStudyApp\node_modules\@react-native-async-storage\async-storage\android\build\intermediates\merged_res\release\mergeReleaseResources\drawable-xxxhdpi-v4\abc_btn_radio_to_on_mtrl_015.png to C:\Users\dctm1\YongStudyApp\node_modules\@react-native-async-storage\async-storage\android\build\intermediates\verified_library_resources\release\verifyReleaseResources\compiled\drawable-xxxhdpi-v4_abc_btn_radio_to_on_mtrl_015.png.flat
Compiling xml file C:\Users\dctm1\YongStudyApp\node_modules\@react-native-async-storage\async-storage\android\build\intermediates\merged_res\release\mergeReleaseResources\interpolator\btn_checkbox_checked_mtrl_animation_interpolator_0.xml to C:\Users\dctm1\YongStudyApp\node_modules\@react-native-async-storage\async-storage\android\build\intermediates\verified_library_resources\release\verifyReleaseResources\compiled\interpolator_btn_checkbox_checked_mtrl_animation_interpolator_0.xml.flat
Compiling xml file C:\Users\dctm1\YongStudyApp\node_modules\@react-native-async-storage\async-storage\android\build\intermediates\merged_res\release\mergeReleaseResources\layout\abc_action_mode_close_item_material.xml to C:\Users\dctm1\YongStudyApp\node_modules\@react-native-async-storage\async-storage\android\build\intermediates\verified_library_resources\release\verifyReleaseResources\compiled\layout_abc_action_mode_close_item_material.xml.flat
Compiling xml file C:\Users\dctm1\YongStudyApp\node_modules\@react-native-async-storage\async-storage\android\build\intermediates\merged_res\release\mergeReleaseResources\layout\abc_list_menu_item_radio.xml to C:\Users\dctm1\YongStudyApp\node_modules\@react-native-async-storage\async-storage\android\build\intermediates\verified_library_resources\release\verifyReleaseResources\compiled\layout_abc_list_menu_item_radio.xml.flat
Compiling xml file C:\Users\dctm1\YongStudyApp\node_modules\@react-native-async-storage\async-storage\android\build\intermediates\merged_res\release\mergeReleaseResources\layout\autofill_inline_suggestion.xml to C:\Users\dctm1\YongStudyApp\node_modules\@react-native-async-storage\async-storage\android\build\intermediates\verified_library_resources\release\verifyReleaseResources\compiled\layout_autofill_inline_suggestion.xml.flat
Compiling xml file C:\Users\dctm1\YongStudyApp\node_modules\@react-native-async-storage\async-storage\android\build\intermediates\merged_res\release\mergeReleaseResources\layout\select_dialog_item_material.xml to C:\Users\dctm1\YongStudyApp\node_modules\@react-native-async-storage\async-storage\android\build\intermediates\verified_library_resources\release\verifyReleaseResources\compiled\layout_select_dialog_item_material.xml.flat
Compiling XML table C:\Users\dctm1\YongStudyApp\node_modules\@react-native-async-storage\async-storage\android\build\intermediates\merged_res\release\mergeReleaseResources\values-af\values-af.xml to C:\Users\dctm1\YongStudyApp\node_modules\@react-native-async-storage\async-storage\android\build\intermediates\verified_library_resources\release\verifyReleaseResources\compiled\values-af_values-af.arsc.flat
Compiling XML table C:\Users\dctm1\YongStudyApp\node_modules\@react-native-async-storage\async-storage\android\build\intermediates\merged_res\release\mergeReleaseResources\values-da\values-da.xml to C:\Users\dctm1\YongStudyApp\node_modules\@react-native-async-storage\async-storage\android\build\intermediates\verified_library_resources\release\verifyReleaseResources\compiled\values-da_values-da.arsc.flat
Compiling XML table C:\Users\dctm1\YongStudyApp\node_modules\@react-native-async-storage\async-storage\android\build\intermediates\merged_res\release\mergeReleaseResources\values-eu\values-eu.xml to C:\Users\dctm1\YongStudyApp\node_modules\@react-native-async-storage\async-storage\android\build\intermediates\verified_library_resources\release\verifyReleaseResources\compiled\values-eu_values-eu.arsc.flat
Compiling XML table C:\Users\dctm1\YongStudyApp\node_modules\@react-native-async-storage\async-storage\android\build\intermediates\merged_res\release\mergeReleaseResources\values-hy\values-hy.xml to C:\Users\dctm1\YongStudyApp\node_modules\@react-native-async-storage\async-storage\android\build\intermediates\verified_library_resources\release\verifyReleaseResources\compiled\values-hy_values-hy.arsc.flat
Compiling XML table C:\Users\dctm1\YongStudyApp\node_modules\@react-native-async-storage\async-storage\android\build\intermediates\merged_res\release\mergeReleaseResources\values-land\values-land.xml to C:\Users\dctm1\YongStudyApp\node_modules\@react-native-async-storage\async-storage\android\build\intermediates\verified_library_resources\release\verifyReleaseResources\compiled\values-land_values-land.arsc.flat
Compiling XML table C:\Users\dctm1\YongStudyApp\node_modules\@react-native-async-storage\async-storage\android\build\intermediates\merged_res\release\mergeReleaseResources\values-nb\values-nb.xml to C:\Users\dctm1\YongStudyApp\node_modules\@react-native-async-storage\async-storage\android\build\intermediates\verified_library_resources\release\verifyReleaseResources\compiled\values-nb_values-nb.arsc.flat
Compiling XML table C:\Users\dctm1\YongStudyApp\node_modules\@react-native-async-storage\async-storage\android\build\intermediates\merged_res\release\mergeReleaseResources\values-ru\values-ru.xml to C:\Users\dctm1\YongStudyApp\node_modules\@react-native-async-storage\async-storage\android\build\intermediates\verified_library_resources\release\verifyReleaseResources\compiled\values-ru_values-ru.arsc.flat
Compiling XML table C:\Users\dctm1\YongStudyApp\node_modules\@react-native-async-storage\async-storage\android\build\intermediates\merged_res\release\mergeReleaseResources\values-tl\values-tl.xml to C:\Users\dctm1\YongStudyApp\node_modules\@react-native-async-storage\async-storage\android\build\intermediates\verified_library_resources\release\verifyReleaseResources\compiled\values-tl_values-tl.arsc.flat
Compiling XML table C:\Users\dctm1\YongStudyApp\node_modules\@react-native-async-storage\async-storage\android\build\intermediates\merged_res\release\mergeReleaseResources\values-v25\values-v25.xml to C:\Users\dctm1\YongStudyApp\node_modules\@react-native-async-storage\async-storage\android\build\intermediates\verified_library_resources\release\verifyReleaseResources\compiled\values-v25_values-v25.arsc.flat

> Task :react-native-screens:bundleLibCompileToJarRelease
Caching disabled for task ':react-native-screens:bundleLibCompileToJarRelease' because:
  Build cache is disabled
  Simple merging task
Task ':react-native-screens:bundleLibCompileToJarRelease' is not up-to-date because:
  Output property 'output' file C:\Users\dctm1\YongStudyApp\node_modules\react-native-screens\android\build\intermediates\compile_library_classes_jar\release\bundleLibCompileToJarRelease\classes.jar has been removed.
work action resolve classes.jar (project :react-native-screens) (Thread[Execution worker,5,main]) started.
Resolve mutations for :react-native-screens:bundleLibRuntimeToJarRelease (Thread[Execution worker,5,main]) started.
:react-native-screens:bundleLibRuntimeToJarRelease (Thread[Execution worker,5,main]) started.

> Transform classes.jar (project :react-native-gesture-handler) with DexingNoClasspathTransform
Caching disabled for DexingNoClasspathTransform: C:\Users\dctm1\YongStudyApp\node_modules\react-native-gesture-handler\android\build\intermediates\runtime_library_classes_jar\release\bundleLibRuntimeToJarRelease\classes.jar because:
  Build cache is disabled
DexingNoClasspathTransform: C:\Users\dctm1\YongStudyApp\node_modules\react-native-gesture-handler\android\build\intermediates\runtime_library_classes_jar\release\bundleLibRuntimeToJarRelease\classes.jar is not up-to-date because:
  Output property 'outputDirectory' file C:\Users\dctm1\YongStudyApp\node_modules\react-native-gesture-handler\android\build\.transforms\cd5b4ffad3874091608a9673df88474f\transformed has been removed.
  Output property 'outputDirectory' file C:\Users\dctm1\YongStudyApp\node_modules\react-native-gesture-handler\android\build\.transforms\cd5b4ffad3874091608a9673df88474f\transformed\classes has been removed.
  Output property 'outputDirectory' file C:\Users\dctm1\YongStudyApp\node_modules\react-native-gesture-handler\android\build\.transforms\cd5b4ffad3874091608a9673df88474f\transformed\classes\classes_dex has been removed.
  and more...
The input changes require a full rebuild for incremental DexingNoClasspathTransform: C:\Users\dctm1\YongStudyApp\node_modules\react-native-gesture-handler\android\build\intermediates\runtime_library_classes_jar\release\bundleLibRuntimeToJarRelease\classes.jar.
Running dexing transform non-incrementally for 'C:\Users\dctm1\YongStudyApp\node_modules\react-native-gesture-handler\android\build\intermediates\runtime_library_classes_jar\release\bundleLibRuntimeToJarRelease\classes.jar'

> Task :react-native-async-storage_async-storage:compileReleaseJavaWithJavac
Class dependency analysis for incremental compilation took 0.01 secs.
Created classpath snapshot for incremental compilation in 0.135 secs.
Resolve mutations for :react-native-async-storage_async-storage:bundleLibCompileToJarRelease (Thread[Execution worker Thread 6,5,main]) started.
:react-native-async-storage_async-storage:bundleLibCompileToJarRelease (Thread[Execution worker Thread 6,5,main]) started.

> Transform bundleLibRuntimeToDirRelease (project :react-native-gesture-handler) with DexingNoClasspathTransform
Caching disabled for DexingNoClasspathTransform: C:\Users\dctm1\YongStudyApp\node_modules\react-native-gesture-handler\android\build\intermediates\runtime_library_classes_dir\release\bundleLibRuntimeToDirRelease because:
  Build cache is disabled
DexingNoClasspathTransform: C:\Users\dctm1\YongStudyApp\node_modules\react-native-gesture-handler\android\build\intermediates\runtime_library_classes_dir\release\bundleLibRuntimeToDirRelease is not up-to-date because:
  Output property 'outputDirectory' file C:\Users\dctm1\YongStudyApp\node_modules\react-native-gesture-handler\android\build\.transforms\b31e5f718f9a327b30a03638ad91d7eb\transformed has been removed.
  Output property 'outputDirectory' file C:\Users\dctm1\YongStudyApp\node_modules\react-native-gesture-handler\android\build\.transforms\b31e5f718f9a327b30a03638ad91d7eb\transformed\bundleLibRuntimeToDirRelease has been removed.
  Output property 'outputDirectory' file C:\Users\dctm1\YongStudyApp\node_modules\react-native-gesture-handler\android\build\.transforms\b31e5f718f9a327b30a03638ad91d7eb\transformed\bundleLibRuntimeToDirRelease\bundleLibRuntimeToDirRelease_dex has been removed.
  and more...
The input changes require a full rebuild for incremental DexingNoClasspathTransform: C:\Users\dctm1\YongStudyApp\node_modules\react-native-gesture-handler\android\build\intermediates\runtime_library_classes_dir\release\bundleLibRuntimeToDirRelease.
Running dexing transform non-incrementally for 'C:\Users\dctm1\YongStudyApp\node_modules\react-native-gesture-handler\android\build\intermediates\runtime_library_classes_dir\release\bundleLibRuntimeToDirRelease'

> Task :expo-modules-core:bundleLibCompileToJarRelease
Caching disabled for task ':expo-modules-core:bundleLibCompileToJarRelease' because:
  Build cache is disabled
  Simple merging task
Task ':expo-modules-core:bundleLibCompileToJarRelease' is not up-to-date because:
  Output property 'output' file C:\Users\dctm1\YongStudyApp\node_modules\expo-modules-core\android\build\intermediates\compile_library_classes_jar\release\bundleLibCompileToJarRelease\classes.jar has been removed.
work action resolve classes.jar (project :expo-modules-core) (Thread[Execution worker Thread 10,5,main]) started.
Resolve mutations for :expo-constants:compileReleaseKotlin (Thread[Execution worker Thread 10,5,main]) started.
:expo-constants:compileReleaseKotlin (Thread[Execution worker Thread 10,5,main]) started.

> Task :react-native-async-storage_async-storage:bundleLibCompileToJarRelease
Caching disabled for task ':react-native-async-storage_async-storage:bundleLibCompileToJarRelease' because:
  Build cache is disabled
  Simple merging task
Task ':react-native-async-storage_async-storage:bundleLibCompileToJarRelease' is not up-to-date because:
  Output property 'output' file C:\Users\dctm1\YongStudyApp\node_modules\@react-native-async-storage\async-storage\android\build\intermediates\compile_library_classes_jar\release\bundleLibCompileToJarRelease\classes.jar has been removed.
file or directory 'C:\Users\dctm1\YongStudyApp\node_modules\@react-native-async-storage\async-storage\android\build\generated\ksp\release\classes', not found
work action resolve classes.jar (project :react-native-async-storage_async-storage) (Thread[Execution worker Thread 6,5,main]) started.
Resolve mutations for :react-native-async-storage_async-storage:bundleLibRuntimeToDirRelease (Thread[Execution worker Thread 6,5,main]) started.

> Task :react-native-screens:bundleLibRuntimeToJarRelease
Caching disabled for task ':react-native-screens:bundleLibRuntimeToJarRelease' because:
  Build cache is disabled
  Simple merging task
Task ':react-native-screens:bundleLibRuntimeToJarRelease' is not up-to-date because:
  Output property 'output' file C:\Users\dctm1\YongStudyApp\node_modules\react-native-screens\android\build\intermediates\runtime_library_classes_jar\release\bundleLibRuntimeToJarRelease\classes.jar has been removed.
work action resolve classes.jar (project :react-native-screens) (Thread[Execution worker,5,main]) started.
:react-native-async-storage_async-storage:bundleLibRuntimeToDirRelease (Thread[Execution worker Thread 6,5,main]) started.
IdentityTransform (Thread[Execution worker,5,main]) started.
DexingNoClasspathTransform (Thread[Execution worker,5,main]) started.
Resolve mutations for :react-native-async-storage_async-storage:bundleLibRuntimeToJarRelease (Thread[Execution worker Thread 11,5,main]) started.
:react-native-async-storage_async-storage:bundleLibRuntimeToJarRelease (Thread[Execution worker Thread 11,5,main]) started.

> Task :expo:verifyReleaseResources
Compiling XML table C:\Users\dctm1\YongStudyApp\node_modules\expo\android\build\intermediates\merged_res\release\mergeReleaseResources\values\values.xml to C:\Users\dctm1\YongStudyApp\node_modules\expo\android\build\intermediates\verified_library_resources\release\verifyReleaseResources\compiled\values_values.arsc.flat
Compiling XML table C:\Users\dctm1\YongStudyApp\node_modules\expo\android\build\intermediates\merged_res\release\mergeReleaseResources\values-te\values-te.xml to C:\Users\dctm1\YongStudyApp\node_modules\expo\android\build\intermediates\verified_library_resources\release\verifyReleaseResources\compiled\values-te_values-te.arsc.flat
Compiling XML table C:\Users\dctm1\YongStudyApp\node_modules\expo\android\build\intermediates\merged_res\release\mergeReleaseResources\values-v23\values-v23.xml to C:\Users\dctm1\YongStudyApp\node_modules\expo\android\build\intermediates\verified_library_resources\release\verifyReleaseResources\compiled\values-v23_values-v23.arsc.flat
Compiling XML table C:\Users\dctm1\YongStudyApp\node_modules\expo\android\build\intermediates\merged_res\release\mergeReleaseResources\values-zu\values-zu.xml to C:\Users\dctm1\YongStudyApp\node_modules\expo\android\build\intermediates\verified_library_resources\release\verifyReleaseResources\compiled\values-zu_values-zu.arsc.flat
Compiling XML table C:\Users\dctm1\YongStudyApp\node_modules\expo\android\build\intermediates\merged_res\release\mergeReleaseResources\values-cs\values-cs.xml to C:\Users\dctm1\YongStudyApp\node_modules\expo\android\build\intermediates\verified_library_resources\release\verifyReleaseResources\compiled\values-cs_values-cs.arsc.flat
Compiling XML table C:\Users\dctm1\YongStudyApp\node_modules\expo\android\build\intermediates\merged_res\release\mergeReleaseResources\values-et\values-et.xml to C:\Users\dctm1\YongStudyApp\node_modules\expo\android\build\intermediates\verified_library_resources\release\verifyReleaseResources\compiled\values-et_values-et.arsc.flat
Compiling XML table C:\Users\dctm1\YongStudyApp\node_modules\expo\android\build\intermediates\merged_res\release\mergeReleaseResources\values-hu\values-hu.xml to C:\Users\dctm1\YongStudyApp\node_modules\expo\android\build\intermediates\verified_library_resources\release\verifyReleaseResources\compiled\values-hu_values-hu.arsc.flat
Compiling XML table C:\Users\dctm1\YongStudyApp\node_modules\expo\android\build\intermediates\merged_res\release\mergeReleaseResources\values-ky\values-ky.xml to C:\Users\dctm1\YongStudyApp\node_modules\expo\android\build\intermediates\verified_library_resources\release\verifyReleaseResources\compiled\values-ky_values-ky.arsc.flat
Compiling XML table C:\Users\dctm1\YongStudyApp\node_modules\expo\android\build\intermediates\merged_res\release\mergeReleaseResources\values-my\values-my.xml to C:\Users\dctm1\YongStudyApp\node_modules\expo\android\build\intermediates\verified_library_resources\release\verifyReleaseResources\compiled\values-my_values-my.arsc.flat
Compiling XML table C:\Users\dctm1\YongStudyApp\node_modules\expo\android\build\intermediates\merged_res\release\mergeReleaseResources\values-ro\values-ro.xml to C:\Users\dctm1\YongStudyApp\node_modules\expo\android\build\intermediates\verified_library_resources\release\verifyReleaseResources\compiled\values-ro_values-ro.arsc.flat
Compiling XML table C:\Users\dctm1\YongStudyApp\node_modules\expo\android\build\intermediates\merged_res\release\mergeReleaseResources\values-th\values-th.xml to C:\Users\dctm1\YongStudyApp\node_modules\expo\android\build\intermediates\verified_library_resources\release\verifyReleaseResources\compiled\values-th_values-th.arsc.flat
Compiling XML table C:\Users\dctm1\YongStudyApp\node_modules\expo\android\build\intermediates\merged_res\release\mergeReleaseResources\values-v24\values-v24.xml to C:\Users\dctm1\YongStudyApp\node_modules\expo\android\build\intermediates\verified_library_resources\release\verifyReleaseResources\compiled\values-v24_values-v24.arsc.flat
Compiling xml file C:\Users\dctm1\YongStudyApp\node_modules\expo\android\build\intermediates\merged_res\release\mergeReleaseResources\xml\file_system_provider_paths.xml to C:\Users\dctm1\YongStudyApp\node_modules\expo\android\build\intermediates\verified_library_resources\release\verifyReleaseResources\compiled\xml_file_system_provider_paths.xml.flat

> Task :react-native-async-storage_async-storage:bundleLibRuntimeToJarRelease
Caching disabled for task ':react-native-async-storage_async-storage:bundleLibRuntimeToJarRelease' because:
  Build cache is disabled
  Simple merging task
Task ':react-native-async-storage_async-storage:bundleLibRuntimeToJarRelease' is not up-to-date because:
  Output property 'output' file C:\Users\dctm1\YongStudyApp\node_modules\@react-native-async-storage\async-storage\android\build\intermediates\runtime_library_classes_jar\release\bundleLibRuntimeToJarRelease\classes.jar has been removed.
file or directory 'C:\Users\dctm1\YongStudyApp\node_modules\@react-native-async-storage\async-storage\android\build\generated\ksp\release\classes', not found
work action resolve classes.jar (project :react-native-async-storage_async-storage) (Thread[Execution worker Thread 11,5,main]) started.
IdentityTransform (Thread[Execution worker Thread 11,5,main]) started.
DexingNoClasspathTransform (Thread[Execution worker Thread 11,5,main]) started.

> Task :react-native-async-storage_async-storage:bundleLibRuntimeToDirRelease
Caching disabled for task ':react-native-async-storage_async-storage:bundleLibRuntimeToDirRelease' because:
  Build cache is disabled
  Simple merging task
Task ':react-native-async-storage_async-storage:bundleLibRuntimeToDirRelease' is not up-to-date because:
  Output property 'output' file C:\Users\dctm1\YongStudyApp\node_modules\@react-native-async-storage\async-storage\android\build\intermediates\runtime_library_classes_dir\release\bundleLibRuntimeToDirRelease has been removed.
  Output property 'output' file C:\Users\dctm1\YongStudyApp\node_modules\@react-native-async-storage\async-storage\android\build\intermediates\runtime_library_classes_dir\release\bundleLibRuntimeToDirRelease\META-INF has been removed.
  Output property 'output' file C:\Users\dctm1\YongStudyApp\node_modules\@react-native-async-storage\async-storage\android\build\intermediates\runtime_library_classes_dir\release\bundleLibRuntimeToDirRelease\META-INF\react-native-async-storage_async-storage_release.kotlin_module has been removed.
  and more...
The input changes require a full rebuild for incremental task ':react-native-async-storage_async-storage:bundleLibRuntimeToDirRelease'.
file or directory 'C:\Users\dctm1\YongStudyApp\node_modules\@react-native-async-storage\async-storage\android\build\generated\ksp\release\classes', not found
work action resolve bundleLibRuntimeToDirRelease (project :react-native-async-storage_async-storage) (Thread[Execution worker Thread 6,5,main]) started.
ClassesDirToClassesTransform (Thread[Execution worker Thread 6,5,main]) started.

> Transform classes.jar (project :react-native-async-storage_async-storage) with DexingNoClasspathTransform
Caching disabled for DexingNoClasspathTransform: C:\Users\dctm1\YongStudyApp\node_modules\@react-native-async-storage\async-storage\android\build\intermediates\runtime_library_classes_jar\release\bundleLibRuntimeToJarRelease\classes.jar because:
  Build cache is disabled
DexingNoClasspathTransform: C:\Users\dctm1\YongStudyApp\node_modules\@react-native-async-storage\async-storage\android\build\intermediates\runtime_library_classes_jar\release\bundleLibRuntimeToJarRelease\classes.jar is not up-to-date because:
  Output property 'outputDirectory' file C:\Users\dctm1\YongStudyApp\node_modules\@react-native-async-storage\async-storage\android\build\.transforms\7f36f5e16c43f3f177ff2e56ddea5c2b\transformed has been removed.
  Output property 'outputDirectory' file C:\Users\dctm1\YongStudyApp\node_modules\@react-native-async-storage\async-storage\android\build\.transforms\7f36f5e16c43f3f177ff2e56ddea5c2b\transformed\classes has been removed.
  Output property 'outputDirectory' file C:\Users\dctm1\YongStudyApp\node_modules\@react-native-async-storage\async-storage\android\build\.transforms\7f36f5e16c43f3f177ff2e56ddea5c2b\transformed\classes\classes_dex has been removed.
  and more...
The input changes require a full rebuild for incremental DexingNoClasspathTransform: C:\Users\dctm1\YongStudyApp\node_modules\@react-native-async-storage\async-storage\android\build\intermediates\runtime_library_classes_jar\release\bundleLibRuntimeToJarRelease\classes.jar.
Running dexing transform non-incrementally for 'C:\Users\dctm1\YongStudyApp\node_modules\@react-native-async-storage\async-storage\android\build\intermediates\runtime_library_classes_jar\release\bundleLibRuntimeToJarRelease\classes.jar'
DexingOutputSplitTransform (Thread[Execution worker Thread 11,5,main]) started.
DexingNoClasspathTransform (Thread[Execution worker Thread 6,5,main]) started.
DexingOutputSplitTransform (Thread[Execution worker Thread 11,5,main]) started.
Resolve mutations for :expo-modules-core:processReleaseJavaRes (Thread[Execution worker Thread 11,5,main]) started.
:expo-modules-core:processReleaseJavaRes (Thread[Execution worker Thread 11,5,main]) started.

> Task :expo-modules-core:bundleLibRuntimeToDirRelease
Caching disabled for task ':expo-modules-core:bundleLibRuntimeToDirRelease' because:
  Build cache is disabled
  Simple merging task
Task ':expo-modules-core:bundleLibRuntimeToDirRelease' is not up-to-date because:
  Output property 'output' file C:\Users\dctm1\YongStudyApp\node_modules\expo-modules-core\android\build\intermediates\runtime_library_classes_dir\release\bundleLibRuntimeToDirRelease has been removed.
  Output property 'output' file C:\Users\dctm1\YongStudyApp\node_modules\expo-modules-core\android\build\intermediates\runtime_library_classes_dir\release\bundleLibRuntimeToDirRelease\com has been removed.
  Output property 'output' file C:\Users\dctm1\YongStudyApp\node_modules\expo-modules-core\android\build\intermediates\runtime_library_classes_dir\release\bundleLibRuntimeToDirRelease\com\facebook has been removed.
  and more...
The input changes require a full rebuild for incremental task ':expo-modules-core:bundleLibRuntimeToDirRelease'.

> Task :expo-modules-core:bundleLibRuntimeToJarRelease
Caching disabled for task ':expo-modules-core:bundleLibRuntimeToJarRelease' because:
  Build cache is disabled
  Simple merging task
Task ':expo-modules-core:bundleLibRuntimeToJarRelease' is not up-to-date because:
  Output property 'output' file C:\Users\dctm1\YongStudyApp\node_modules\expo-modules-core\android\build\intermediates\runtime_library_classes_jar\release\bundleLibRuntimeToJarRelease\classes.jar has been removed.
Resolve mutations for :react-native-async-storage_async-storage:processReleaseJavaRes (Thread[Execution worker Thread 4,5,main]) started.
:react-native-async-storage_async-storage:processReleaseJavaRes (Thread[Execution worker Thread 4,5,main]) started.

> Task :react-native-async-storage_async-storage:processReleaseJavaRes
file or directory 'C:\Users\dctm1\YongStudyApp\node_modules\@react-native-async-storage\async-storage\android\src\main\resources', not found
file or directory 'C:\Users\dctm1\YongStudyApp\node_modules\@react-native-async-storage\async-storage\android\src\release\resources', not found
file or directory 'C:\Users\dctm1\YongStudyApp\node_modules\@react-native-async-storage\async-storage\android\build\generated\ksp\release\classes', not found
file or directory 'C:\Users\dctm1\YongStudyApp\node_modules\@react-native-async-storage\async-storage\android\build\generated\ksp\release\classes', not found
file or directory 'C:\Users\dctm1\YongStudyApp\node_modules\@react-native-async-storage\async-storage\android\src\main\resources', not found
file or directory 'C:\Users\dctm1\YongStudyApp\node_modules\@react-native-async-storage\async-storage\android\src\release\resources', not found
file or directory 'C:\Users\dctm1\YongStudyApp\node_modules\@react-native-async-storage\async-storage\android\build\generated\ksp\release\classes', not found
file or directory 'C:\Users\dctm1\YongStudyApp\node_modules\@react-native-async-storage\async-storage\android\build\generated\ksp\release\classes', not found
Caching disabled for task ':react-native-async-storage_async-storage:processReleaseJavaRes' because:
  Build cache is disabled
  Caching has been disabled for the task
Task ':react-native-async-storage_async-storage:processReleaseJavaRes' is not up-to-date because:
  Output property 'destinationDir' file C:\Users\dctm1\YongStudyApp\node_modules\@react-native-async-storage\async-storage\android\build\intermediates\java_res\release\processReleaseJavaRes\out has been removed.
  Output property 'destinationDir' file C:\Users\dctm1\YongStudyApp\node_modules\@react-native-async-storage\async-storage\android\build\intermediates\java_res\release\processReleaseJavaRes\out\META-INF has been removed.
  Output property 'destinationDir' file C:\Users\dctm1\YongStudyApp\node_modules\@react-native-async-storage\async-storage\android\build\intermediates\java_res\release\processReleaseJavaRes\out\META-INF\react-native-async-storage_async-storage_release.kotlin_module has been removed.
  and more...
file or directory 'C:\Users\dctm1\YongStudyApp\node_modules\@react-native-async-storage\async-storage\android\src\main\resources', not found
file or directory 'C:\Users\dctm1\YongStudyApp\node_modules\@react-native-async-storage\async-storage\android\src\release\resources', not found
file or directory 'C:\Users\dctm1\YongStudyApp\node_modules\@react-native-async-storage\async-storage\android\build\generated\ksp\release\classes', not found
file or directory 'C:\Users\dctm1\YongStudyApp\node_modules\@react-native-async-storage\async-storage\android\build\generated\ksp\release\classes', not found
file or directory 'C:\Users\dctm1\YongStudyApp\node_modules\@react-native-async-storage\async-storage\android\src\main\resources', not found
file or directory 'C:\Users\dctm1\YongStudyApp\node_modules\@react-native-async-storage\async-storage\android\src\release\resources', not found
file or directory 'C:\Users\dctm1\YongStudyApp\node_modules\@react-native-async-storage\async-storage\android\build\generated\ksp\release\resources', not found
work action resolve out (project :react-native-async-storage_async-storage) (Thread[Execution worker Thread 4,5,main]) started.
Resolve mutations for :react-native-screens:processReleaseJavaRes (Thread[Execution worker Thread 4,5,main]) started.
:react-native-screens:processReleaseJavaRes (Thread[Execution worker Thread 4,5,main]) started.

> Task :react-native-screens:processReleaseJavaRes
file or directory 'C:\Users\dctm1\YongStudyApp\node_modules\react-native-screens\android\src\main\resources', not found
file or directory 'C:\Users\dctm1\YongStudyApp\node_modules\react-native-screens\android\src\release\resources', not found
file or directory 'C:\Users\dctm1\YongStudyApp\node_modules\react-native-screens\android\src\main\resources', not found
file or directory 'C:\Users\dctm1\YongStudyApp\node_modules\react-native-screens\android\src\release\resources', not found
Caching disabled for task ':react-native-screens:processReleaseJavaRes' because:
  Build cache is disabled
  Caching has been disabled for the task
Task ':react-native-screens:processReleaseJavaRes' is not up-to-date because:
  Output property 'destinationDir' file C:\Users\dctm1\YongStudyApp\node_modules\react-native-screens\android\build\intermediates\java_res\release\processReleaseJavaRes\out has been removed.
  Output property 'destinationDir' file C:\Users\dctm1\YongStudyApp\node_modules\react-native-screens\android\build\intermediates\java_res\release\processReleaseJavaRes\out\com has been removed.
  Output property 'destinationDir' file C:\Users\dctm1\YongStudyApp\node_modules\react-native-screens\android\build\intermediates\java_res\release\processReleaseJavaRes\out\com\swmansion has been removed.
  and more...
file or directory 'C:\Users\dctm1\YongStudyApp\node_modules\react-native-screens\android\src\main\resources', not found
file or directory 'C:\Users\dctm1\YongStudyApp\node_modules\react-native-screens\android\src\release\resources', not found
file or directory 'C:\Users\dctm1\YongStudyApp\node_modules\react-native-screens\android\src\main\resources', not found
file or directory 'C:\Users\dctm1\YongStudyApp\node_modules\react-native-screens\android\src\release\resources', not found
work action resolve out (project :react-native-screens) (Thread[Execution worker Thread 4,5,main]) started.
Resolve mutations for :react-native-gesture-handler:buildCMakeRelWithDebInfo[armeabi-v7a] (Thread[Execution worker Thread 4,5,main]) started.
:react-native-gesture-handler:buildCMakeRelWithDebInfo[armeabi-v7a] (Thread[Execution worker Thread 4,5,main]) started.

> Task :expo-modules-core:processReleaseJavaRes
file or directory 'C:\Users\dctm1\YongStudyApp\node_modules\expo-modules-core\android\src\main\resources', not found
file or directory 'C:\Users\dctm1\YongStudyApp\node_modules\expo-modules-core\android\src\release\resources', not found
file or directory 'C:\Users\dctm1\YongStudyApp\node_modules\expo-modules-core\android\src\main\resources', not found
file or directory 'C:\Users\dctm1\YongStudyApp\node_modules\expo-modules-core\android\src\release\resources', not found
Caching disabled for task ':expo-modules-core:processReleaseJavaRes' because:
  Build cache is disabled
  Caching has been disabled for the task
Task ':expo-modules-core:processReleaseJavaRes' is not up-to-date because:
  Output property 'destinationDir' file C:\Users\dctm1\YongStudyApp\node_modules\expo-modules-core\android\build\intermediates\java_res\release\processReleaseJavaRes\out has been removed.
  Output property 'destinationDir' file C:\Users\dctm1\YongStudyApp\node_modules\expo-modules-core\android\build\intermediates\java_res\release\processReleaseJavaRes\out\com has been removed.
  Output property 'destinationDir' file C:\Users\dctm1\YongStudyApp\node_modules\expo-modules-core\android\build\intermediates\java_res\release\processReleaseJavaRes\out\com\facebook has been removed.
  and more...
file or directory 'C:\Users\dctm1\YongStudyApp\node_modules\expo-modules-core\android\src\main\resources', not found
file or directory 'C:\Users\dctm1\YongStudyApp\node_modules\expo-modules-core\android\src\release\resources', not found
file or directory 'C:\Users\dctm1\YongStudyApp\node_modules\expo-modules-core\android\src\main\resources', not found
file or directory 'C:\Users\dctm1\YongStudyApp\node_modules\expo-modules-core\android\src\release\resources', not found
work action resolve classes.jar (project :expo-modules-core) (Thread[Execution worker Thread 11,5,main]) started.
work action resolve out (project :expo-modules-core) (Thread[Execution worker Thread 11,5,main]) started.
IdentityTransform (Thread[Execution worker Thread 11,5,main]) started.
DexingNoClasspathTransform (Thread[Execution worker Thread 11,5,main]) started.

> Task :react-native-screens:bundleLibRuntimeToDirRelease
Caching disabled for task ':react-native-screens:bundleLibRuntimeToDirRelease' because:
  Build cache is disabled
  Simple merging task
Task ':react-native-screens:bundleLibRuntimeToDirRelease' is not up-to-date because:
  Output property 'output' file C:\Users\dctm1\YongStudyApp\node_modules\react-native-screens\android\build\intermediates\runtime_library_classes_dir\release\bundleLibRuntimeToDirRelease has been removed.
  Output property 'output' file C:\Users\dctm1\YongStudyApp\node_modules\react-native-screens\android\build\intermediates\runtime_library_classes_dir\release\bundleLibRuntimeToDirRelease\com has been removed.
  Output property 'output' file C:\Users\dctm1\YongStudyApp\node_modules\react-native-screens\android\build\intermediates\runtime_library_classes_dir\release\bundleLibRuntimeToDirRelease\com\facebook has been removed.
  and more...
The input changes require a full rebuild for incremental task ':react-native-screens:bundleLibRuntimeToDirRelease'.

> Transform bundleLibRuntimeToDirRelease (project :react-native-async-storage_async-storage) with DexingNoClasspathTransform
Caching disabled for DexingNoClasspathTransform: C:\Users\dctm1\YongStudyApp\node_modules\@react-native-async-storage\async-storage\android\build\intermediates\runtime_library_classes_dir\release\bundleLibRuntimeToDirRelease because:
  Build cache is disabled
DexingNoClasspathTransform: C:\Users\dctm1\YongStudyApp\node_modules\@react-native-async-storage\async-storage\android\build\intermediates\runtime_library_classes_dir\release\bundleLibRuntimeToDirRelease is not up-to-date because:
  Output property 'outputDirectory' file C:\Users\dctm1\YongStudyApp\node_modules\@react-native-async-storage\async-storage\android\build\.transforms\db646fee11098cf2fcb4721fcd64d365\transformed has been removed.
  Output property 'outputDirectory' file C:\Users\dctm1\YongStudyApp\node_modules\@react-native-async-storage\async-storage\android\build\.transforms\db646fee11098cf2fcb4721fcd64d365\transformed\bundleLibRuntimeToDirRelease has been removed.
  Output property 'outputDirectory' file C:\Users\dctm1\YongStudyApp\node_modules\@react-native-async-storage\async-storage\android\build\.transforms\db646fee11098cf2fcb4721fcd64d365\transformed\bundleLibRuntimeToDirRelease\bundleLibRuntimeToDirRelease_dex has been removed.
  and more...
The input changes require a full rebuild for incremental DexingNoClasspathTransform: C:\Users\dctm1\YongStudyApp\node_modules\@react-native-async-storage\async-storage\android\build\intermediates\runtime_library_classes_dir\release\bundleLibRuntimeToDirRelease.
Running dexing transform non-incrementally for 'C:\Users\dctm1\YongStudyApp\node_modules\@react-native-async-storage\async-storage\android\build\intermediates\runtime_library_classes_dir\release\bundleLibRuntimeToDirRelease'
DexingOutputSplitTransform (Thread[Execution worker Thread 6,5,main]) started.
Resolve mutations for :expo-modules-core:configureCMakeRelWithDebInfo[arm64-v8a] (Thread[Execution worker Thread 6,5,main]) started.
:expo-modules-core:configureCMakeRelWithDebInfo[arm64-v8a] (Thread[Execution worker Thread 6,5,main]) started.

> Task :expo-constants:compileReleaseKotlin
Adding -Xuse-inline-scopes-numbers Kotlin compiler flag for task :expo-constants:compileDebugAndroidTestKotlin
GradleBuildProject.Builder should not be accessed through AnalyticsConfiguratorService after AnalyticsService is created. Analytics information of this build might be incomplete.
Caching disabled for task ':expo-constants:compileReleaseKotlin' because:
  Build cache is disabled
Task ':expo-constants:compileReleaseKotlin' is not up-to-date because:
  Output property 'classpathSnapshotProperties.classpathSnapshotDir' file C:\Users\dctm1\YongStudyApp\node_modules\expo-constants\android\build\kotlin\compileReleaseKotlin\classpath-snapshot has been removed.
  Output property 'classpathSnapshotProperties.classpathSnapshotDir' file C:\Users\dctm1\YongStudyApp\node_modules\expo-constants\android\build\kotlin\compileReleaseKotlin\classpath-snapshot\shrunk-classpath-snapshot.bin has been removed.
  Output property 'destinationDirectory' file C:\Users\dctm1\YongStudyApp\node_modules\expo-constants\android\build\tmp\kotlin-classes\release has been removed.
  and more...
The input changes require a full rebuild for incremental task ':expo-constants:compileReleaseKotlin'.
file or directory 'C:\Users\dctm1\YongStudyApp\node_modules\expo-constants\android\src\release\kotlin', not found
file or directory 'C:\Users\dctm1\YongStudyApp\node_modules\expo-constants\android\src\release\java', not found
file or directory 'C:\Users\dctm1\YongStudyApp\node_modules\expo-constants\android\src\release\kotlin', not found
file or directory 'C:\Users\dctm1\YongStudyApp\node_modules\expo-constants\android\src\release\kotlin', not found
file or directory 'C:\Users\dctm1\YongStudyApp\node_modules\expo-constants\android\src\release\java', not found
file or directory 'C:\Users\dctm1\YongStudyApp\node_modules\expo-constants\android\src\main\kotlin', not found
file or directory 'C:\Users\dctm1\YongStudyApp\node_modules\expo-constants\android\src\main\kotlin', not found
file or directory 'C:\Users\dctm1\YongStudyApp\node_modules\expo-constants\android\src\main\kotlin', not found
file or directory 'C:\Users\dctm1\YongStudyApp\node_modules\expo-constants\android\src\release\java', not found
file or directory 'C:\Users\dctm1\YongStudyApp\node_modules\expo-constants\android\src\release\kotlin', not found
file or directory 'C:\Users\dctm1\YongStudyApp\node_modules\expo-constants\android\src\release\java', not found
file or directory 'C:\Users\dctm1\YongStudyApp\node_modules\expo-constants\android\src\release\kotlin', not found
file or directory 'C:\Users\dctm1\YongStudyApp\node_modules\expo-constants\android\src\release\kotlin', not found
file or directory 'C:\Users\dctm1\YongStudyApp\node_modules\expo-constants\android\src\release\java', not found
file or directory 'C:\Users\dctm1\YongStudyApp\node_modules\expo-constants\android\src\main\kotlin', not found
file or directory 'C:\Users\dctm1\YongStudyApp\node_modules\expo-constants\android\src\release\kotlin', not found
file or directory 'C:\Users\dctm1\YongStudyApp\node_modules\expo-constants\android\src\release\java', not found
file or directory 'C:\Users\dctm1\YongStudyApp\node_modules\expo-constants\android\src\release\kotlin', not found
file or directory 'C:\Users\dctm1\YongStudyApp\node_modules\expo-constants\android\src\release\kotlin', not found
file or directory 'C:\Users\dctm1\YongStudyApp\node_modules\expo-constants\android\src\release\java', not found
file or directory 'C:\Users\dctm1\YongStudyApp\node_modules\expo-constants\android\src\main\kotlin', not found
file or directory 'C:\Users\dctm1\YongStudyApp\node_modules\expo-constants\android\src\main\kotlin', not found
file or directory 'C:\Users\dctm1\YongStudyApp\node_modules\expo-constants\android\src\main\kotlin', not found
file or directory 'C:\Users\dctm1\YongStudyApp\node_modules\expo-constants\android\src\release\java', not found
file or directory 'C:\Users\dctm1\YongStudyApp\node_modules\expo-constants\android\src\release\kotlin', not found
file or directory 'C:\Users\dctm1\YongStudyApp\node_modules\expo-constants\android\src\release\java', not found
file or directory 'C:\Users\dctm1\YongStudyApp\node_modules\expo-constants\android\src\release\kotlin', not found
file or directory 'C:\Users\dctm1\YongStudyApp\node_modules\expo-constants\android\src\release\kotlin', not found
file or directory 'C:\Users\dctm1\YongStudyApp\node_modules\expo-constants\android\src\release\java', not found
file or directory 'C:\Users\dctm1\YongStudyApp\node_modules\expo-constants\android\src\main\kotlin', not found
file or directory 'C:\Users\dctm1\YongStudyApp\node_modules\expo-constants\android\src\main\kotlin', not found
file or directory 'C:\Users\dctm1\YongStudyApp\node_modules\expo-constants\android\src\main\kotlin', not found
file or directory 'C:\Users\dctm1\YongStudyApp\node_modules\expo-constants\android\src\release\java', not found
file or directory 'C:\Users\dctm1\YongStudyApp\node_modules\expo-constants\android\src\release\kotlin', not found
file or directory 'C:\Users\dctm1\YongStudyApp\node_modules\expo-constants\android\src\release\java', not found
file or directory 'C:\Users\dctm1\YongStudyApp\node_modules\expo-constants\android\src\release\kotlin', not found
file or directory 'C:\Users\dctm1\YongStudyApp\node_modules\expo-constants\android\src\release\kotlin', not found
file or directory 'C:\Users\dctm1\YongStudyApp\node_modules\expo-constants\android\src\release\java', not found
file or directory 'C:\Users\dctm1\YongStudyApp\node_modules\expo-constants\android\src\main\kotlin', not found
file or directory 'C:\Users\dctm1\YongStudyApp\node_modules\expo-constants\android\src\main\kotlin', not found
file or directory 'C:\Users\dctm1\YongStudyApp\node_modules\expo-constants\android\src\main\kotlin', not found
file or directory 'C:\Users\dctm1\YongStudyApp\node_modules\expo-constants\android\src\release\java', not found
Kotlin source files: C:\Users\dctm1\YongStudyApp\node_modules\expo-constants\android\src\main\java\expo\modules\constants\ConstantsModule.kt, C:\Users\dctm1\YongStudyApp\node_modules\expo-constants\android\src\main\java\expo\modules\constants\ConstantsPackage.kt, C:\Users\dctm1\YongStudyApp\node_modules\expo-constants\android\src\main\java\expo\modules\constants\ConstantsService.kt
Java source files: C:\Users\dctm1\YongStudyApp\node_modules\expo-constants\android\build\generated\source\buildConfig\release\expo\modules\constants\BuildConfig.java
Script source files: 
Script file extensions: 
Using Kotlin/JVM incremental compilation
[KOTLIN] Kotlin compilation 'jdkHome' argument: null
Options for KOTLIN DAEMON: IncrementalCompilationOptions(super=CompilationOptions(compilerMode=INCREMENTAL_COMPILER, targetPlatform=JVM, reportCategories=[0, 3], reportSeverity=2, requestedCompilationResults=[0], kotlinScriptExtensions=[]), sourceChanges=org.jetbrains.kotlin.buildtools.api.SourcesChanges$Unknown@7d3fbae9, classpathChanges=NotAvailableForNonIncrementalRun, workingDir=C:\Users\dctm1\YongStudyApp\node_modules\expo-constants\android\build\kotlin\compileReleaseKotlin\cacheable, multiModuleICSettings=MultiModuleICSettings(buildHistoryFile=C:\Users\dctm1\YongStudyApp\node_modules\expo-constants\android\build\kotlin\compileReleaseKotlin\local-state\build-history.bin, useModuleDetection=true), usePreciseJavaTracking=true, icFeatures=IncrementalCompilationFeatures(withAbiSnapshot=false, preciseCompilationResultsBackup=true, keepIncrementalCompilationCachesInMemory=true, enableUnsafeIncrementalCompilationForMultiplatform=false, enableMonotonousIncrementalCompileSetExpansion=true), outputFiles=[C:\Users\dctm1\YongStudyApp\node_modules\expo-constants\android\build\tmp\kotlin-classes\release, C:\Users\dctm1\YongStudyApp\node_modules\expo-constants\android\build\kotlin\compileReleaseKotlin\cacheable, C:\Users\dctm1\YongStudyApp\node_modules\expo-constants\android\build\kotlin\compileReleaseKotlin\local-state])

> Task :expo-modules-core:configureCMakeRelWithDebInfo[arm64-v8a]
Caching disabled for task ':expo-modules-core:configureCMakeRelWithDebInfo[arm64-v8a]' because:
  Build cache is disabled
  Caching has been disabled for the task
Task ':expo-modules-core:configureCMakeRelWithDebInfo[arm64-v8a]' is not up-to-date because:
  Task.upToDateWhen is false.
C/C++: C:\Users\dctm1\YongStudyApp\node_modules\expo-modules-core\android\CMakeLists.txt release|arm64-v8a : Start JSON generation. Platform version: 24 min SDK version: arm64-v8a
C/C++: C:\Users\dctm1\YongStudyApp\node_modules\expo-modules-core\android\CMakeLists.txt release|arm64-v8a : JSON 'C:\Users\dctm1\YongStudyApp\node_modules\expo-modules-core\android\.cxx\RelWithDebInfo\2i1t1r48\arm64-v8a\android_gradle_build.json' was up-to-date
C/C++: C:\Users\dctm1\YongStudyApp\node_modules\expo-modules-core\android\CMakeLists.txt release|arm64-v8a : JSON generation completed without problems
C/C++: C:\Users\dctm1\YongStudyApp\node_modules\expo-modules-core\android\CMakeLists.txt release|arm64-v8a : Writing build model to C:\Users\dctm1\YongStudyApp\node_modules\expo-modules-core\android\build\intermediates\cxx\RelWithDebInfo\2i1t1r48\logs\arm64-v8a\build_model.json
Resolve mutations for :expo-modules-core:buildCMakeRelWithDebInfo[arm64-v8a] (Thread[Execution worker Thread 6,5,main]) started.
:expo-modules-core:buildCMakeRelWithDebInfo[arm64-v8a] (Thread[Execution worker Thread 6,5,main]) started.

> Transform classes.jar (project :react-native-screens) with DexingNoClasspathTransform
Caching disabled for DexingNoClasspathTransform: C:\Users\dctm1\YongStudyApp\node_modules\react-native-screens\android\build\intermediates\runtime_library_classes_jar\release\bundleLibRuntimeToJarRelease\classes.jar because:
  Build cache is disabled
DexingNoClasspathTransform: C:\Users\dctm1\YongStudyApp\node_modules\react-native-screens\android\build\intermediates\runtime_library_classes_jar\release\bundleLibRuntimeToJarRelease\classes.jar is not up-to-date because:
  Output property 'outputDirectory' file C:\Users\dctm1\YongStudyApp\node_modules\react-native-screens\android\build\.transforms\fd0e43c4d132160dc5ebf0717abeb69a\transformed has been removed.
  Output property 'outputDirectory' file C:\Users\dctm1\YongStudyApp\node_modules\react-native-screens\android\build\.transforms\fd0e43c4d132160dc5ebf0717abeb69a\transformed\classes has been removed.
  Output property 'outputDirectory' file C:\Users\dctm1\YongStudyApp\node_modules\react-native-screens\android\build\.transforms\fd0e43c4d132160dc5ebf0717abeb69a\transformed\classes\classes_dex has been removed.
  and more...
The input changes require a full rebuild for incremental DexingNoClasspathTransform: C:\Users\dctm1\YongStudyApp\node_modules\react-native-screens\android\build\intermediates\runtime_library_classes_jar\release\bundleLibRuntimeToJarRelease\classes.jar.
Running dexing transform non-incrementally for 'C:\Users\dctm1\YongStudyApp\node_modules\react-native-screens\android\build\intermediates\runtime_library_classes_jar\release\bundleLibRuntimeToJarRelease\classes.jar'

DexingOutputSplitTransform (Thread[Execution worker Thread 7,5,main]) started.
Resolve mutations for :react-native-screens:configureCMakeRelWithDebInfo[arm64-v8a] (Thread[Execution worker Thread 7,5,main]) started.
:react-native-screens:configureCMakeRelWithDebInfo[arm64-v8a] (Thread[Execution worker Thread 7,5,main]) started.

> Task :react-native-screens:configureCMakeRelWithDebInfo[arm64-v8a]
Caching disabled for task ':react-native-screens:configureCMakeRelWithDebInfo[arm64-v8a]' because:
  Build cache is disabled
  Caching has been disabled for the task
Task ':react-native-screens:configureCMakeRelWithDebInfo[arm64-v8a]' is not up-to-date because:
  Task.upToDateWhen is false.
C/C++: C:\Users\dctm1\YongStudyApp\node_modules\react-native-screens\android\CMakeLists.txt release|arm64-v8a : Start JSON generation. Platform version: 24 min SDK version: arm64-v8a
C/C++: C:\Users\dctm1\YongStudyApp\node_modules\react-native-screens\android\CMakeLists.txt release|arm64-v8a : JSON 'C:\Users\dctm1\YongStudyApp\node_modules\react-native-screens\android\.cxx\RelWithDebInfo\39466w2i\arm64-v8a\android_gradle_build.json' was up-to-date
C/C++: C:\Users\dctm1\YongStudyApp\node_modules\react-native-screens\android\CMakeLists.txt release|arm64-v8a : JSON generation completed without problems
C/C++: C:\Users\dctm1\YongStudyApp\node_modules\react-native-screens\android\CMakeLists.txt release|arm64-v8a : Writing build model to C:\Users\dctm1\YongStudyApp\node_modules\react-native-screens\android\build\intermediates\cxx\RelWithDebInfo\39466w2i\logs\arm64-v8a\build_model.json
Resolve mutations for :react-native-screens:buildCMakeRelWithDebInfo[arm64-v8a] (Thread[Execution worker Thread 7,5,main]) started.
:react-native-screens:buildCMakeRelWithDebInfo[arm64-v8a] (Thread[Execution worker Thread 7,5,main]) started.
Resolve mutations for :react-native-async-storage_async-storage:extractReleaseAnnotations (Thread[Execution worker Thread 5,5,main]) started.
:react-native-async-storage_async-storage:extractReleaseAnnotations (Thread[Execution worker Thread 5,5,main]) started.

> Task :react-native-async-storage_async-storage:extractReleaseAnnotations
file or directory 'C:\Users\dctm1\YongStudyApp\node_modules\@react-native-async-storage\async-storage\android\build\generated\ksp\release\classes', not found
file or directory 'C:\Users\dctm1\YongStudyApp\node_modules\@react-native-async-storage\async-storage\android\build\generated\ksp\release\java', not found
file or directory 'C:\Users\dctm1\YongStudyApp\node_modules\@react-native-async-storage\async-storage\android\build\generated\ksp\release\java', not found
Caching disabled for task ':react-native-async-storage_async-storage:extractReleaseAnnotations' because:
  Build cache is disabled
Task ':react-native-async-storage_async-storage:extractReleaseAnnotations' is not up-to-date because:
  Output property 'typedefFile' file C:\Users\dctm1\YongStudyApp\node_modules\@react-native-async-storage\async-storage\android\build\intermediates\annotations_typedef_file\release\extractReleaseAnnotations\typedefs.txt has been removed.
file or directory 'C:\Users\dctm1\YongStudyApp\node_modules\@react-native-async-storage\async-storage\android\build\generated\ksp\release\java', not found
file or directory 'C:\Users\dctm1\YongStudyApp\node_modules\@react-native-async-storage\async-storage\android\src\main\java', not found
file or directory 'C:\Users\dctm1\YongStudyApp\node_modules\@react-native-async-storage\async-storage\android\generated\java', not found
file or directory 'C:\Users\dctm1\YongStudyApp\node_modules\@react-native-async-storage\async-storage\android\generated\jni', not found
file or directory 'C:\Users\dctm1\YongStudyApp\node_modules\@react-native-async-storage\async-storage\android\src\release\java', not found
file or directory 'C:\Users\dctm1\YongStudyApp\node_modules\@react-native-async-storage\async-storage\android\build\generated\ksp\release\java', not found
Resolve mutations for :react-native-async-storage_async-storage:mergeReleaseGeneratedProguardFiles (Thread[Execution worker Thread 5,5,main]) started.
:react-native-async-storage_async-storage:mergeReleaseGeneratedProguardFiles (Thread[Execution worker Thread 5,5,main]) started.

> Task :expo-modules-core:buildCMakeRelWithDebInfo[arm64-v8a]
Caching disabled for task ':expo-modules-core:buildCMakeRelWithDebInfo[arm64-v8a]' because:
  Build cache is disabled
  Caching has been disabled for the task
Task ':expo-modules-core:buildCMakeRelWithDebInfo[arm64-v8a]' is not up-to-date because:
  Task.upToDateWhen is false.
C/C++: starting build
C/C++: reading expected JSONs
C/C++: done reading expected JSONs
C/C++: executing build commands for targets that produce .so files or executables
C/C++: evaluate miniconfig
C/C++: evaluate library fabric (arm64-v8a)
C/C++: not building target library fabric because static libraries are not build by default.
C/C++: evaluate library expo-modules-core (arm64-v8a)
C/C++: building target library expo-modules-core because no targets are specified.
C/C++: about to build targets expo-modules-core
C/C++: Build expo-modules-core
C/C++: @echo off
"C:\\Users\\dctm1\\AppData\\Local\\Android\\Sdk\\cmake\\3.22.1\\bin\\ninja.exe" ^
  -C ^
  "C:\\Users\\dctm1\\YongStudyApp\\node_modules\\expo-modules-core\\android\\.cxx\\RelWithDebInfo\\2i1t1r48\\arm64-v8a" ^
  expo-modules-core

Starting process 'command 'C:\Users\dctm1\AppData\Local\Android\Sdk\cmake\3.22.1\bin\ninja.exe''. Working directory: C:\Users\dctm1\YongStudyApp\node_modules\expo-modules-core\android Command: C:\Users\dctm1\AppData\Local\Android\Sdk\cmake\3.22.1\bin\ninja.exe -C C:\Users\dctm1\YongStudyApp\node_modules\expo-modules-core\android\.cxx\RelWithDebInfo\2i1t1r48\arm64-v8a expo-modules-core
Successfully started process 'command 'C:\Users\dctm1\AppData\Local\Android\Sdk\cmake\3.22.1\bin\ninja.exe''
C/C++: Received process result: 0
C/C++: check expected build outputs
C/C++: build complete
Resolve mutations for :expo-modules-core:configureCMakeRelWithDebInfo[armeabi-v7a] (Thread[Execution worker Thread 6,5,main]) started.
:expo-modules-core:configureCMakeRelWithDebInfo[armeabi-v7a] (Thread[Execution worker Thread 6,5,main]) started.

> Task :react-native-async-storage_async-storage:mergeReleaseGeneratedProguardFiles UP-TO-DATE
file or directory 'C:\Users\dctm1\YongStudyApp\node_modules\@react-native-async-storage\async-storage\android\build\generated\ksp\release\classes', not found
Caching disabled for task ':react-native-async-storage_async-storage:mergeReleaseGeneratedProguardFiles' because:
  Build cache is disabled
  Simple merging task
Skipping task ':react-native-async-storage_async-storage:mergeReleaseGeneratedProguardFiles' as it is up-to-date.
Resolve mutations for :react-native-async-storage_async-storage:mergeReleaseConsumerProguardFiles (Thread[Execution worker Thread 5,5,main]) started.
:react-native-async-storage_async-storage:mergeReleaseConsumerProguardFiles (Thread[Execution worker Thread 5,5,main]) started.

> Task :react-native-async-storage_async-storage:mergeReleaseConsumerProguardFiles UP-TO-DATE
Caching disabled for task ':react-native-async-storage_async-storage:mergeReleaseConsumerProguardFiles' because:
  Build cache is disabled
  Simple merging task
Skipping task ':react-native-async-storage_async-storage:mergeReleaseConsumerProguardFiles' as it is up-to-date.
Resolve mutations for :react-native-async-storage_async-storage:mergeReleaseJavaResource (Thread[Execution worker Thread 5,5,main]) started.
:react-native-async-storage_async-storage:mergeReleaseJavaResource (Thread[Execution worker Thread 5,5,main]) started.

> Task :react-native-async-storage_async-storage:mergeReleaseJavaResource
Caching disabled for task ':react-native-async-storage_async-storage:mergeReleaseJavaResource' because:
  Build cache is disabled
  Caching has been disabled for the task
Task ':react-native-async-storage_async-storage:mergeReleaseJavaResource' is not up-to-date because:
  Output property 'cacheDir' file C:\Users\dctm1\YongStudyApp\node_modules\@react-native-async-storage\async-storage\android\build\intermediates\incremental\release-mergeJavaRes\zip-cache has been removed.
  Output property 'outputFile' file C:\Users\dctm1\YongStudyApp\node_modules\@react-native-async-storage\async-storage\android\build\intermediates\merged_java_res\release\mergeReleaseJavaResource\feature-react-native-async-storage_async-storage.jar has been removed.
The input changes require a full rebuild for incremental task ':react-native-async-storage_async-storage:mergeReleaseJavaResource'.
Resolve mutations for :react-native-async-storage_async-storage:syncReleaseLibJars (Thread[Execution worker Thread 5,5,main]) started.
:react-native-async-storage_async-storage:syncReleaseLibJars (Thread[Execution worker Thread 5,5,main]) started.

> Task :expo-modules-core:configureCMakeRelWithDebInfo[armeabi-v7a]
Caching disabled for task ':expo-modules-core:configureCMakeRelWithDebInfo[armeabi-v7a]' because:
  Build cache is disabled
  Caching has been disabled for the task
Task ':expo-modules-core:configureCMakeRelWithDebInfo[armeabi-v7a]' is not up-to-date because:
  Task.upToDateWhen is false.
C/C++: C:\Users\dctm1\YongStudyApp\node_modules\expo-modules-core\android\CMakeLists.txt release|armeabi-v7a : Start JSON generation. Platform version: 24 min SDK version: armeabi-v7a
C/C++: C:\Users\dctm1\YongStudyApp\node_modules\expo-modules-core\android\CMakeLists.txt release|armeabi-v7a : JSON 'C:\Users\dctm1\YongStudyApp\node_modules\expo-modules-core\android\.cxx\RelWithDebInfo\2i1t1r48\armeabi-v7a\android_gradle_build.json' was up-to-date
C/C++: C:\Users\dctm1\YongStudyApp\node_modules\expo-modules-core\android\CMakeLists.txt release|armeabi-v7a : JSON generation completed without problems
C/C++: C:\Users\dctm1\YongStudyApp\node_modules\expo-modules-core\android\CMakeLists.txt release|armeabi-v7a : Writing build model to C:\Users\dctm1\YongStudyApp\node_modules\expo-modules-core\android\build\intermediates\cxx\RelWithDebInfo\2i1t1r48\logs\armeabi-v7a\build_model.json
Resolve mutations for :expo-modules-core:buildCMakeRelWithDebInfo[armeabi-v7a] (Thread[Execution worker Thread 6,5,main]) started.
:expo-modules-core:buildCMakeRelWithDebInfo[armeabi-v7a] (Thread[Execution worker Thread 6,5,main]) started.

> Task :react-native-screens:buildCMakeRelWithDebInfo[arm64-v8a]
Caching disabled for task ':react-native-screens:buildCMakeRelWithDebInfo[arm64-v8a]' because:
  Build cache is disabled
  Caching has been disabled for the task
Task ':react-native-screens:buildCMakeRelWithDebInfo[arm64-v8a]' is not up-to-date because:
  Task.upToDateWhen is false.
C/C++: starting build
C/C++: reading expected JSONs
C/C++: done reading expected JSONs
C/C++: executing build commands for targets that produce .so files or executables
C/C++: evaluate miniconfig
C/C++: evaluate library rnscreens (arm64-v8a)
C/C++: building target library rnscreens because no targets are specified.
C/C++: about to build targets rnscreens
C/C++: Build rnscreens
C/C++: @echo off
"C:\\Users\\dctm1\\AppData\\Local\\Android\\Sdk\\cmake\\3.22.1\\bin\\ninja.exe" ^
  -C ^
  "C:\\Users\\dctm1\\YongStudyApp\\node_modules\\react-native-screens\\android\\.cxx\\RelWithDebInfo\\39466w2i\\arm64-v8a" ^
  rnscreens

Starting process 'command 'C:\Users\dctm1\AppData\Local\Android\Sdk\cmake\3.22.1\bin\ninja.exe''. Working directory: C:\Users\dctm1\YongStudyApp\node_modules\react-native-screens\android Command: C:\Users\dctm1\AppData\Local\Android\Sdk\cmake\3.22.1\bin\ninja.exe -C C:\Users\dctm1\YongStudyApp\node_modules\react-native-screens\android\.cxx\RelWithDebInfo\39466w2i\arm64-v8a rnscreens
Successfully started process 'command 'C:\Users\dctm1\AppData\Local\Android\Sdk\cmake\3.22.1\bin\ninja.exe''
C/C++: Received process result: 0
C/C++: check expected build outputs
C/C++: build complete
work action resolve bundleLibRuntimeToDirRelease (project :react-native-screens) (Thread[Execution worker Thread 7,5,main]) started.
ClassesDirToClassesTransform (Thread[Execution worker Thread 7,5,main]) started.
DexingNoClasspathTransform (Thread[Execution worker Thread 7,5,main]) started.

> Task :react-native-gesture-handler:buildCMakeRelWithDebInfo[armeabi-v7a]
Caching disabled for task ':react-native-gesture-handler:buildCMakeRelWithDebInfo[armeabi-v7a]' because:
  Build cache is disabled
  Caching has been disabled for the task
Task ':react-native-gesture-handler:buildCMakeRelWithDebInfo[armeabi-v7a]' is not up-to-date because:
  Task.upToDateWhen is false.
C/C++: starting build
C/C++: reading expected JSONs
C/C++: done reading expected JSONs
C/C++: executing build commands for targets that produce .so files or executables
C/C++: evaluate miniconfig
C/C++: evaluate library gesturehandler (armeabi-v7a)
C/C++: building target library gesturehandler because no targets are specified.
C/C++: about to build targets gesturehandler
C/C++: Build gesturehandler
C/C++: @echo off
"C:\\Users\\dctm1\\AppData\\Local\\Android\\Sdk\\cmake\\3.22.1\\bin\\ninja.exe" ^
  -C ^
  "C:\\Users\\dctm1\\YongStudyApp\\node_modules\\react-native-gesture-handler\\android\\.cxx\\RelWithDebInfo\\3g1v4027\\armeabi-v7a" ^
  gesturehandler

Starting process 'command 'C:\Users\dctm1\AppData\Local\Android\Sdk\cmake\3.22.1\bin\ninja.exe''. Working directory: C:\Users\dctm1\YongStudyApp\node_modules\react-native-gesture-handler\android Command: C:\Users\dctm1\AppData\Local\Android\Sdk\cmake\3.22.1\bin\ninja.exe -C C:\Users\dctm1\YongStudyApp\node_modules\react-native-gesture-handler\android\.cxx\RelWithDebInfo\3g1v4027\armeabi-v7a gesturehandler
Successfully started process 'command 'C:\Users\dctm1\AppData\Local\Android\Sdk\cmake\3.22.1\bin\ninja.exe''

> Task :react-native-async-storage_async-storage:syncReleaseLibJars
Caching disabled for task ':react-native-async-storage_async-storage:syncReleaseLibJars' because:
  Build cache is disabled
Task ':react-native-async-storage_async-storage:syncReleaseLibJars' is not up-to-date because:
  Output property 'localJarsLocation' file C:\Users\dctm1\YongStudyApp\node_modules\@react-native-async-storage\async-storage\android\build\intermediates\aar_libs_directory\release\syncReleaseLibJars\libs has been removed.
  Output property 'mainClassLocation' file C:\Users\dctm1\YongStudyApp\node_modules\@react-native-async-storage\async-storage\android\build\intermediates\aar_main_jar\release\syncReleaseLibJars\classes.jar has been removed.
file or directory 'C:\Users\dctm1\YongStudyApp\node_modules\@react-native-async-storage\async-storage\android\build\generated\ksp\release\classes', not found
Resolve mutations for :react-native-screens:configureCMakeRelWithDebInfo[armeabi-v7a] (Thread[Execution worker Thread 5,5,main]) started.
:react-native-screens:configureCMakeRelWithDebInfo[armeabi-v7a] (Thread[Execution worker Thread 5,5,main]) started.
Resolve mutations for :react-native-async-storage_async-storage:bundleReleaseAar (Thread[included builds Thread 2,5,main]) started.
:react-native-async-storage_async-storage:bundleReleaseAar (Thread[included builds Thread 2,5,main]) started.

> Transform classes.jar (project :expo-modules-core) with DexingNoClasspathTransform
Caching disabled for DexingNoClasspathTransform: C:\Users\dctm1\YongStudyApp\node_modules\expo-modules-core\android\build\intermediates\runtime_library_classes_jar\release\bundleLibRuntimeToJarRelease\classes.jar because:
  Build cache is disabled
DexingNoClasspathTransform: C:\Users\dctm1\YongStudyApp\node_modules\expo-modules-core\android\build\intermediates\runtime_library_classes_jar\release\bundleLibRuntimeToJarRelease\classes.jar is not up-to-date because:
  Output property 'outputDirectory' file C:\Users\dctm1\YongStudyApp\node_modules\expo-modules-core\android\build\.transforms\70154b165383082206178c272bcc732c\transformed has been removed.
  Output property 'outputDirectory' file C:\Users\dctm1\YongStudyApp\node_modules\expo-modules-core\android\build\.transforms\70154b165383082206178c272bcc732c\transformed\classes has been removed.
  Output property 'outputDirectory' file C:\Users\dctm1\YongStudyApp\node_modules\expo-modules-core\android\build\.transforms\70154b165383082206178c272bcc732c\transformed\classes\classes_dex has been removed.
  and more...
The input changes require a full rebuild for incremental DexingNoClasspathTransform: C:\Users\dctm1\YongStudyApp\node_modules\expo-modules-core\android\build\intermediates\runtime_library_classes_jar\release\bundleLibRuntimeToJarRelease\classes.jar.
Running dexing transform non-incrementally for 'C:\Users\dctm1\YongStudyApp\node_modules\expo-modules-core\android\build\intermediates\runtime_library_classes_jar\release\bundleLibRuntimeToJarRelease\classes.jar'

> Task :react-native-async-storage_async-storage:bundleReleaseAar
Caching disabled for task ':react-native-async-storage_async-storage:bundleReleaseAar' because:
  Build cache is disabled
  Caching has been disabled for the task
Task ':react-native-async-storage_async-storage:bundleReleaseAar' is not up-to-date because:
  Output property 'archiveFile' file C:\Users\dctm1\YongStudyApp\node_modules\@react-native-async-storage\async-storage\android\build\outputs\aar\react-native-async-storage_async-storage-release.aar has been removed.
file or directory 'C:\Users\dctm1\YongStudyApp\node_modules\@react-native-async-storage\async-storage\android\build\intermediates\public_res\release\packageReleaseResources\public.txt', not found
file or directory 'C:\Users\dctm1\YongStudyApp\node_modules\@react-native-async-storage\async-storage\android\build\intermediates\navigation_json_for_aar\release\extractDeepLinksForAarRelease\navigation.json', not found
file or directory 'C:\Users\dctm1\YongStudyApp\node_modules\@react-native-async-storage\async-storage\android\build\intermediates\annotations_zip\release\extractReleaseAnnotations\annotations.zip', not found
file or directory 'C:\Users\dctm1\YongStudyApp\node_modules\@react-native-async-storage\async-storage\android\build\intermediates\merged_consumer_proguard_file\release\mergeReleaseConsumerProguardFiles\proguard.txt', not found
file or directory 'C:\Users\dctm1\YongStudyApp\node_modules\@react-native-async-storage\async-storage\android\build\intermediates\lint_publish_jar\global\prepareLintJarForPublish\lint.jar', not found
file or directory 'C:\Users\dctm1\YongStudyApp\node_modules\@react-native-async-storage\async-storage\android\build\intermediates\library_art_profile\release\prepareReleaseArtProfile\baseline-prof.txt', not found
Resolve mutations for :react-native-pager-view:syncReleaseLibJars (Thread[included builds Thread 2,5,main]) started.
:react-native-pager-view:syncReleaseLibJars (Thread[included builds Thread 2,5,main]) started.

> Task :react-native-screens:configureCMakeRelWithDebInfo[armeabi-v7a]
Caching disabled for task ':react-native-screens:configureCMakeRelWithDebInfo[armeabi-v7a]' because:
  Build cache is disabled
  Caching has been disabled for the task
Task ':react-native-screens:configureCMakeRelWithDebInfo[armeabi-v7a]' is not up-to-date because:
  Task.upToDateWhen is false.
C/C++: C:\Users\dctm1\YongStudyApp\node_modules\react-native-screens\android\CMakeLists.txt release|armeabi-v7a : Start JSON generation. Platform version: 24 min SDK version: armeabi-v7a
C/C++: C:\Users\dctm1\YongStudyApp\node_modules\react-native-screens\android\CMakeLists.txt release|armeabi-v7a : JSON 'C:\Users\dctm1\YongStudyApp\node_modules\react-native-screens\android\.cxx\RelWithDebInfo\39466w2i\armeabi-v7a\android_gradle_build.json' was up-to-date
C/C++: C:\Users\dctm1\YongStudyApp\node_modules\react-native-screens\android\CMakeLists.txt release|armeabi-v7a : JSON generation completed without problems
C/C++: C:\Users\dctm1\YongStudyApp\node_modules\react-native-screens\android\CMakeLists.txt release|armeabi-v7a : Writing build model to C:\Users\dctm1\YongStudyApp\node_modules\react-native-screens\android\build\intermediates\cxx\RelWithDebInfo\39466w2i\logs\armeabi-v7a\build_model.json
Resolve mutations for :react-native-screens:buildCMakeRelWithDebInfo[armeabi-v7a] (Thread[Execution worker Thread 5,5,main]) started.
:react-native-screens:buildCMakeRelWithDebInfo[armeabi-v7a] (Thread[Execution worker Thread 5,5,main]) started.

> Task :expo-constants:compileReleaseKotlin
w: file:///C:/Users/dctm1/YongStudyApp/node_modules/expo-constants/android/src/main/java/expo/modules/constants/ConstantsModule.kt:12:5 'fun Constants(legacyConstantsProvider: () -> Map<String, Any?>): Unit' is deprecated. Use `Constant` or `Property` instead.
Finished executing kotlin compiler using DAEMON strategy
Resolve mutations for :expo-constants:compileReleaseJavaWithJavac (Thread[Execution worker Thread 10,5,main]) started.
:expo-constants:compileReleaseJavaWithJavac (Thread[Execution worker Thread 10,5,main]) started.

> Task :react-native-pager-view:syncReleaseLibJars
Caching disabled for task ':react-native-pager-view:syncReleaseLibJars' because:
  Build cache is disabled
Task ':react-native-pager-view:syncReleaseLibJars' is not up-to-date because:
  Output property 'localJarsLocation' file C:\Users\dctm1\YongStudyApp\node_modules\react-native-pager-view\android\build\intermediates\aar_libs_directory\release\syncReleaseLibJars\libs has been removed.
  Output property 'mainClassLocation' file C:\Users\dctm1\YongStudyApp\node_modules\react-native-pager-view\android\build\intermediates\aar_main_jar\release\syncReleaseLibJars\classes.jar has been removed.
Resolve mutations for :react-native-pager-view:bundleReleaseAar (Thread[included builds Thread 2,5,main]) started.
:react-native-pager-view:bundleReleaseAar (Thread[included builds Thread 2,5,main]) started.

> Task :react-native-pager-view:bundleReleaseAar
Caching disabled for task ':react-native-pager-view:bundleReleaseAar' because:
  Build cache is disabled
  Caching has been disabled for the task
Task ':react-native-pager-view:bundleReleaseAar' is not up-to-date because:
  Output property 'archiveFile' file C:\Users\dctm1\YongStudyApp\node_modules\react-native-pager-view\android\build\outputs\aar\react-native-pager-view-release.aar has been removed.
file or directory 'C:\Users\dctm1\YongStudyApp\node_modules\react-native-pager-view\android\build\intermediates\public_res\release\packageReleaseResources\public.txt', not found
file or directory 'C:\Users\dctm1\YongStudyApp\node_modules\react-native-pager-view\android\build\intermediates\navigation_json_for_aar\release\extractDeepLinksForAarRelease\navigation.json', not found
file or directory 'C:\Users\dctm1\YongStudyApp\node_modules\react-native-pager-view\android\build\intermediates\annotations_zip\release\extractReleaseAnnotations\annotations.zip', not found
file or directory 'C:\Users\dctm1\YongStudyApp\node_modules\react-native-pager-view\android\build\intermediates\merged_consumer_proguard_file\release\mergeReleaseConsumerProguardFiles\proguard.txt', not found
file or directory 'C:\Users\dctm1\YongStudyApp\node_modules\react-native-pager-view\android\build\intermediates\lint_publish_jar\global\prepareLintJarForPublish\lint.jar', not found
file or directory 'C:\Users\dctm1\YongStudyApp\node_modules\react-native-pager-view\android\build\intermediates\library_art_profile\release\prepareReleaseArtProfile\baseline-prof.txt', not found
Resolve mutations for :react-native-pager-view:verifyReleaseResources (Thread[included builds Thread 2,5,main]) started.
:react-native-pager-view:verifyReleaseResources (Thread[included builds Thread 2,5,main]) started.

> Task :app:createBundleReleaseJsAndAssets
Starting Metro Bundler
TypeError [ERR_INVALID_ARG_TYPE]: The "path" argument must be of type string. Received undefined
TypeError: The "path" argument must be of type string. Received undefined
    at Object.join (node:path:513:7)
    at FileStore.#removeDirs (C:\Users\dctm1\YongStudyApp\node_modules\metro-cache\src\stores\FileStore.js:70:23)
    at FileStore.clear (C:\Users\dctm1\YongStudyApp\node_modules\metro-cache\src\stores\FileStore.js:58:21)
    at C:\Users\dctm1\YongStudyApp\node_modules\metro\src\Server.js:104:57
    at Array.forEach (<anonymous>)
    at new Server (C:\Users\dctm1\YongStudyApp\node_modules\metro\src\Server.js:104:32)
    at runMetro (C:\Users\dctm1\YongStudyApp\node_modules\metro\src\index.flow.js:121:18)
    at createConnectMiddleware (C:\Users\dctm1\YongStudyApp\node_modules\metro\src\index.flow.js:143:23)
    at runServer (C:\Users\dctm1\YongStudyApp\node_modules\@expo\cli\src\start\server\metro\runServer-fork.ts:59:44)
    at instantiateMetroAsync (C:\Users\dctm1\YongStudyApp\node_modules\@expo\cli\src\start\server\metro\instantiateMetro.ts:290:40)

DexingOutputSplitTransform (Thread[Execution worker,5,main]) started.
Resolve mutations for :react-native-safe-area-context:syncReleaseLibJars (Thread[Execution worker,5,main]) started.
:react-native-safe-area-context:syncReleaseLibJars (Thread[Execution worker,5,main]) started.

> Task :app:createBundleReleaseJsAndAssets FAILED

> Task :react-native-safe-area-context:syncReleaseLibJars
Caching disabled for task ':react-native-safe-area-context:syncReleaseLibJars' because:
  Build cache is disabled
Task ':react-native-safe-area-context:syncReleaseLibJars' is not up-to-date because:
  Output property 'localJarsLocation' file C:\Users\dctm1\YongStudyApp\node_modules\react-native-safe-area-context\android\build\intermediates\aar_libs_directory\release\syncReleaseLibJars\libs has been removed.
  Output property 'mainClassLocation' file C:\Users\dctm1\YongStudyApp\node_modules\react-native-safe-area-context\android\build\intermediates\aar_main_jar\release\syncReleaseLibJars\classes.jar has been removed.

> Task :expo-modules-core:buildCMakeRelWithDebInfo[armeabi-v7a]
Caching disabled for task ':expo-modules-core:buildCMakeRelWithDebInfo[armeabi-v7a]' because:
  Build cache is disabled
  Caching has been disabled for the task
Task ':expo-modules-core:buildCMakeRelWithDebInfo[armeabi-v7a]' is not up-to-date because:
  Task.upToDateWhen is false.
C/C++: starting build
C/C++: reading expected JSONs
C/C++: done reading expected JSONs
C/C++: executing build commands for targets that produce .so files or executables
C/C++: evaluate miniconfig
C/C++: evaluate library fabric (armeabi-v7a)
C/C++: not building target library fabric because static libraries are not build by default.
C/C++: evaluate library expo-modules-core (armeabi-v7a)
C/C++: building target library expo-modules-core because no targets are specified.
C/C++: about to build targets expo-modules-core
C/C++: Build expo-modules-core
C/C++: @echo off
"C:\\Users\\dctm1\\AppData\\Local\\Android\\Sdk\\cmake\\3.22.1\\bin\\ninja.exe" ^
  -C ^
  "C:\\Users\\dctm1\\YongStudyApp\\node_modules\\expo-modules-core\\android\\.cxx\\RelWithDebInfo\\2i1t1r48\\armeabi-v7a" ^
  expo-modules-core

Starting process 'command 'C:\Users\dctm1\AppData\Local\Android\Sdk\cmake\3.22.1\bin\ninja.exe''. Working directory: C:\Users\dctm1\YongStudyApp\node_modules\expo-modules-core\android Command: C:\Users\dctm1\AppData\Local\Android\Sdk\cmake\3.22.1\bin\ninja.exe -C C:\Users\dctm1\YongStudyApp\node_modules\expo-modules-core\android\.cxx\RelWithDebInfo\2i1t1r48\armeabi-v7a expo-modules-core
Successfully started process 'command 'C:\Users\dctm1\AppData\Local\Android\Sdk\cmake\3.22.1\bin\ninja.exe''

> Task :expo-constants:compileReleaseJavaWithJavac
Custom actions are attached to task ':expo-constants:compileReleaseJavaWithJavac'.
Caching disabled for task ':expo-constants:compileReleaseJavaWithJavac' because:
  Build cache is disabled
Task ':expo-constants:compileReleaseJavaWithJavac' is not up-to-date because:
  Output property 'destinationDirectory' file C:\Users\dctm1\YongStudyApp\node_modules\expo-constants\android\build\intermediates\javac\release\compileReleaseJavaWithJavac\classes has been removed.
  Output property 'destinationDirectory' file C:\Users\dctm1\YongStudyApp\node_modules\expo-constants\android\build\intermediates\javac\release\compileReleaseJavaWithJavac\classes\expo has been removed.
  Output property 'destinationDirectory' file C:\Users\dctm1\YongStudyApp\node_modules\expo-constants\android\build\intermediates\javac\release\compileReleaseJavaWithJavac\classes\expo\modules has been removed.
  and more...
The input changes require a full rebuild for incremental task ':expo-constants:compileReleaseJavaWithJavac'.
Compilation mode: in-process compilation
Full recompilation is required because no incremental change information is available. This is usually caused by clean builds or changing compiler arguments.
Compiling with toolchain 'C:\Program Files\Android\Android Studio\jbr'.
file or directory 'C:\Users\dctm1\YongStudyApp\node_modules\expo-constants\android\src\release\java', not found
Compiling with JDK Java compiler API.
Class dependency analysis for incremental compilation took 0.004 secs.
Created classpath snapshot for incremental compilation in 1.237 secs.

> Transform bundleLibRuntimeToDirRelease (project :react-native-screens) with DexingNoClasspathTransform
Caching disabled for DexingNoClasspathTransform: C:\Users\dctm1\YongStudyApp\node_modules\react-native-screens\android\build\intermediates\runtime_library_classes_dir\release\bundleLibRuntimeToDirRelease because:
  Build cache is disabled
DexingNoClasspathTransform: C:\Users\dctm1\YongStudyApp\node_modules\react-native-screens\android\build\intermediates\runtime_library_classes_dir\release\bundleLibRuntimeToDirRelease is not up-to-date because:
  Output property 'outputDirectory' file C:\Users\dctm1\YongStudyApp\node_modules\react-native-screens\android\build\.transforms\dc068d81e2cddf4f924d9e0e314a6afc\transformed has been removed.
  Output property 'outputDirectory' file C:\Users\dctm1\YongStudyApp\node_modules\react-native-screens\android\build\.transforms\dc068d81e2cddf4f924d9e0e314a6afc\transformed\bundleLibRuntimeToDirRelease has been removed.
  Output property 'outputDirectory' file C:\Users\dctm1\YongStudyApp\node_modules\react-native-screens\android\build\.transforms\dc068d81e2cddf4f924d9e0e314a6afc\transformed\bundleLibRuntimeToDirRelease\bundleLibRuntimeToDirRelease_dex has been removed.
  and more...
The input changes require a full rebuild for incremental DexingNoClasspathTransform: C:\Users\dctm1\YongStudyApp\node_modules\react-native-screens\android\build\intermediates\runtime_library_classes_dir\release\bundleLibRuntimeToDirRelease.
Running dexing transform non-incrementally for 'C:\Users\dctm1\YongStudyApp\node_modules\react-native-screens\android\build\intermediates\runtime_library_classes_dir\release\bundleLibRuntimeToDirRelease'

> Task :react-native-screens:buildCMakeRelWithDebInfo[armeabi-v7a]
Caching disabled for task ':react-native-screens:buildCMakeRelWithDebInfo[armeabi-v7a]' because:
  Build cache is disabled
  Caching has been disabled for the task
Task ':react-native-screens:buildCMakeRelWithDebInfo[armeabi-v7a]' is not up-to-date because:
  Task.upToDateWhen is false.
C/C++: starting build
C/C++: reading expected JSONs
C/C++: done reading expected JSONs
C/C++: executing build commands for targets that produce .so files or executables
C/C++: evaluate miniconfig
C/C++: evaluate library rnscreens (armeabi-v7a)
C/C++: building target library rnscreens because no targets are specified.
C/C++: about to build targets rnscreens
C/C++: Build rnscreens
C/C++: @echo off
"C:\\Users\\dctm1\\AppData\\Local\\Android\\Sdk\\cmake\\3.22.1\\bin\\ninja.exe" ^
  -C ^
  "C:\\Users\\dctm1\\YongStudyApp\\node_modules\\react-native-screens\\android\\.cxx\\RelWithDebInfo\\39466w2i\\armeabi-v7a" ^
  rnscreens

Starting process 'command 'C:\Users\dctm1\AppData\Local\Android\Sdk\cmake\3.22.1\bin\ninja.exe''. Working directory: C:\Users\dctm1\YongStudyApp\node_modules\react-native-screens\android Command: C:\Users\dctm1\AppData\Local\Android\Sdk\cmake\3.22.1\bin\ninja.exe -C C:\Users\dctm1\YongStudyApp\node_modules\react-native-screens\android\.cxx\RelWithDebInfo\39466w2i\armeabi-v7a rnscreens
Successfully started process 'command 'C:\Users\dctm1\AppData\Local\Android\Sdk\cmake\3.22.1\bin\ninja.exe''

> Task :react-native-pager-view:verifyReleaseResources
Caching disabled for task ':react-native-pager-view:verifyReleaseResources' because:
  Build cache is disabled
Task ':react-native-pager-view:verifyReleaseResources' is not up-to-date because:
  Output property 'compiledDirectory' file C:\Users\dctm1\YongStudyApp\node_modules\react-native-pager-view\android\build\intermediates\verified_library_resources\release\verifyReleaseResources has been removed.
  Output property 'compiledDirectory' file C:\Users\dctm1\YongStudyApp\node_modules\react-native-pager-view\android\build\intermediates\verified_library_resources\release\verifyReleaseResources\compiled has been removed.
  Output property 'compiledDirectory' file C:\Users\dctm1\YongStudyApp\node_modules\react-native-pager-view\android\build\intermediates\verified_library_resources\release\verifyReleaseResources\compiled\anim-v21_fragment_fast_out_extra_slow_in.xml.flat has been removed.
  and more...
The input changes require a full rebuild for incremental task ':react-native-pager-view:verifyReleaseResources'.
Compiling xml file C:\Users\dctm1\YongStudyApp\node_modules\react-native-pager-view\android\build\intermediates\merged_res\release\mergeReleaseResources\anim\abc_slide_out_bottom.xml to C:\Users\dctm1\YongStudyApp\node_modules\react-native-pager-view\android\build\intermediates\verified_library_resources\release\verifyReleaseResources\compiled\anim_abc_slide_out_bottom.xml.flat
Compiling xml file C:\Users\dctm1\YongStudyApp\node_modules\react-native-pager-view\android\build\intermediates\merged_res\release\mergeReleaseResources\anim\btn_radio_to_off_mtrl_ring_outer_path_animation.xml to C:\Users\dctm1\YongStudyApp\node_modules\react-native-pager-view\android\build\intermediates\verified_library_resources\release\verifyReleaseResources\compiled\anim_btn_radio_to_off_mtrl_ring_outer_path_animation.xml.flat
Compiling xml file C:\Users\dctm1\YongStudyApp\node_modules\react-native-pager-view\android\build\intermediates\merged_res\release\mergeReleaseResources\animator\fragment_close_exit.xml to C:\Users\dctm1\YongStudyApp\node_modules\react-native-pager-view\android\build\intermediates\verified_library_resources\release\verifyReleaseResources\compiled\animator_fragment_close_exit.xml.flat
Compiling xml file C:\Users\dctm1\YongStudyApp\node_modules\react-native-pager-view\android\build\intermediates\merged_res\release\mergeReleaseResources\color\abc_primary_text_material_light.xml to C:\Users\dctm1\YongStudyApp\node_modules\react-native-pager-view\android\build\intermediates\verified_library_resources\release\verifyReleaseResources\compiled\color_abc_primary_text_material_light.xml.flat
Compiling xml file C:\Users\dctm1\YongStudyApp\node_modules\react-native-pager-view\android\build\intermediates\merged_res\release\mergeReleaseResources\color-v23\abc_tint_seek_thumb.xml to C:\Users\dctm1\YongStudyApp\node_modules\react-native-pager-view\android\build\intermediates\verified_library_resources\release\verifyReleaseResources\compiled\color-v23_abc_tint_seek_thumb.xml.flat
Compiling xml file C:\Users\dctm1\YongStudyApp\node_modules\react-native-pager-view\android\build\intermediates\merged_res\release\mergeReleaseResources\drawable\abc_ic_arrow_drop_right_black_24dp.xml to C:\Users\dctm1\YongStudyApp\node_modules\react-native-pager-view\android\build\intermediates\verified_library_resources\release\verifyReleaseResources\compiled\drawable_abc_ic_arrow_drop_right_black_24dp.xml.flat
Compiling xml file C:\Users\dctm1\YongStudyApp\node_modules\react-native-pager-view\android\build\intermediates\merged_res\release\mergeReleaseResources\drawable\abc_item_background_holo_light.xml to C:\Users\dctm1\YongStudyApp\node_modules\react-native-pager-view\android\build\intermediates\verified_library_resources\release\verifyReleaseResources\compiled\drawable_abc_item_background_holo_light.xml.flat
Compiling xml file C:\Users\dctm1\YongStudyApp\node_modules\react-native-pager-view\android\build\intermediates\merged_res\release\mergeReleaseResources\drawable\abc_star_black_48dp.xml to C:\Users\dctm1\YongStudyApp\node_modules\react-native-pager-view\android\build\intermediates\verified_library_resources\release\verifyReleaseResources\compiled\drawable_abc_star_black_48dp.xml.flat
Compiling xml file C:\Users\dctm1\YongStudyApp\node_modules\react-native-pager-view\android\build\intermediates\merged_res\release\mergeReleaseResources\drawable\btn_radio_off_to_on_mtrl_animation.xml to C:\Users\dctm1\YongStudyApp\node_modules\react-native-pager-view\android\build\intermediates\verified_library_resources\release\verifyReleaseResources\compiled\drawable_btn_radio_off_to_on_mtrl_animation.xml.flat
Compiling xml file C:\Users\dctm1\YongStudyApp\node_modules\react-native-pager-view\android\build\intermediates\merged_res\release\mergeReleaseResources\drawable\tooltip_frame_dark.xml to C:\Users\dctm1\YongStudyApp\node_modules\react-native-pager-view\android\build\intermediates\verified_library_resources\release\verifyReleaseResources\compiled\drawable_tooltip_frame_dark.xml.flat
Compiling image file C:\Users\dctm1\YongStudyApp\node_modules\react-native-pager-view\android\build\intermediates\merged_res\release\mergeReleaseResources\drawable-hdpi-v4\abc_ic_commit_search_api_mtrl_alpha.png
Compiling file C:\Users\dctm1\YongStudyApp\node_modules\react-native-pager-view\android\build\intermediates\merged_res\release\mergeReleaseResources\drawable-hdpi-v4\abc_ic_commit_search_api_mtrl_alpha.png to C:\Users\dctm1\YongStudyApp\node_modules\react-native-pager-view\android\build\intermediates\verified_library_resources\release\verifyReleaseResources\compiled\drawable-hdpi-v4_abc_ic_commit_search_api_mtrl_alpha.png.flat
Compiling image file C:\Users\dctm1\YongStudyApp\node_modules\react-native-pager-view\android\build\intermediates\merged_res\release\mergeReleaseResources\drawable-hdpi-v4\ic_call_decline_low.png
Compiling file C:\Users\dctm1\YongStudyApp\node_modules\react-native-pager-view\android\build\intermediates\merged_res\release\mergeReleaseResources\drawable-hdpi-v4\ic_call_decline_low.png to C:\Users\dctm1\YongStudyApp\node_modules\react-native-pager-view\android\build\intermediates\verified_library_resources\release\verifyReleaseResources\compiled\drawable-hdpi-v4_ic_call_decline_low.png.flat
Compiling image file C:\Users\dctm1\YongStudyApp\node_modules\react-native-pager-view\android\build\intermediates\merged_res\release\mergeReleaseResources\drawable-mdpi-v4\abc_btn_radio_to_on_mtrl_000.png
Compiling file C:\Users\dctm1\YongStudyApp\node_modules\react-native-pager-view\android\build\intermediates\merged_res\release\mergeReleaseResources\drawable-mdpi-v4\abc_btn_radio_to_on_mtrl_000.png to C:\Users\dctm1\YongStudyApp\node_modules\react-native-pager-view\android\build\intermediates\verified_library_resources\release\verifyReleaseResources\compiled\drawable-mdpi-v4_abc_btn_radio_to_on_mtrl_000.png.flat
Compiling image file C:\Users\dctm1\YongStudyApp\node_modules\react-native-pager-view\android\build\intermediates\merged_res\release\mergeReleaseResources\drawable-mdpi-v4\ic_call_answer_video_low.png
Compiling file C:\Users\dctm1\YongStudyApp\node_modules\react-native-pager-view\android\build\intermediates\merged_res\release\mergeReleaseResources\drawable-mdpi-v4\ic_call_answer_video_low.png to C:\Users\dctm1\YongStudyApp\node_modules\react-native-pager-view\android\build\intermediates\verified_library_resources\release\verifyReleaseResources\compiled\drawable-mdpi-v4_ic_call_answer_video_low.png.flat
Compiling xml file C:\Users\dctm1\YongStudyApp\node_modules\react-native-pager-view\android\build\intermediates\merged_res\release\mergeReleaseResources\drawable-v29\autofill_inline_suggestion_chip_background.xml to C:\Users\dctm1\YongStudyApp\node_modules\react-native-pager-view\android\build\intermediates\verified_library_resources\release\verifyReleaseResources\compiled\drawable-v29_autofill_inline_suggestion_chip_background.xml.flat
Compiling image file C:\Users\dctm1\YongStudyApp\node_modules\react-native-pager-view\android\build\intermediates\merged_res\release\mergeReleaseResources\drawable-xhdpi-v4\abc_text_select_handle_right_mtrl.png
Compiling file C:\Users\dctm1\YongStudyApp\node_modules\react-native-pager-view\android\build\intermediates\merged_res\release\mergeReleaseResources\drawable-xhdpi-v4\abc_text_select_handle_right_mtrl.png to C:\Users\dctm1\YongStudyApp\node_modules\react-native-pager-view\android\build\intermediates\verified_library_resources\release\verifyReleaseResources\compiled\drawable-xhdpi-v4_abc_text_select_handle_right_mtrl.png.flat
Compiling image file C:\Users\dctm1\YongStudyApp\node_modules\react-native-pager-view\android\build\intermediates\merged_res\release\mergeReleaseResources\drawable-xxhdpi-v4\abc_btn_radio_to_on_mtrl_015.png
Compiling file C:\Users\dctm1\YongStudyApp\node_modules\react-native-pager-view\android\build\intermediates\merged_res\release\mergeReleaseResources\drawable-xxhdpi-v4\abc_btn_radio_to_on_mtrl_015.png to C:\Users\dctm1\YongStudyApp\node_modules\react-native-pager-view\android\build\intermediates\verified_library_resources\release\verifyReleaseResources\compiled\drawable-xxhdpi-v4_abc_btn_radio_to_on_mtrl_015.png.flat
Compiling image file C:\Users\dctm1\YongStudyApp\node_modules\react-native-pager-view\android\build\intermediates\merged_res\release\mergeReleaseResources\drawable-xxhdpi-v4\ic_call_decline.png
Compiling file C:\Users\dctm1\YongStudyApp\node_modules\react-native-pager-view\android\build\intermediates\merged_res\release\mergeReleaseResources\drawable-xxhdpi-v4\ic_call_decline.png to C:\Users\dctm1\YongStudyApp\node_modules\react-native-pager-view\android\build\intermediates\verified_library_resources\release\verifyReleaseResources\compiled\drawable-xxhdpi-v4_ic_call_decline.png.flat
Compiling image file C:\Users\dctm1\YongStudyApp\node_modules\react-native-pager-view\android\build\intermediates\merged_res\release\mergeReleaseResources\drawable-xxxhdpi-v4\ic_call_answer_low.png
Compiling file C:\Users\dctm1\YongStudyApp\node_modules\react-native-pager-view\android\build\intermediates\merged_res\release\mergeReleaseResources\drawable-xxxhdpi-v4\ic_call_answer_low.png to C:\Users\dctm1\YongStudyApp\node_modules\react-native-pager-view\android\build\intermediates\verified_library_resources\release\verifyReleaseResources\compiled\drawable-xxxhdpi-v4_ic_call_answer_low.png.flat
Compiling xml file C:\Users\dctm1\YongStudyApp\node_modules\react-native-pager-view\android\build\intermediates\merged_res\release\mergeReleaseResources\interpolator\fast_out_slow_in.xml to C:\Users\dctm1\YongStudyApp\node_modules\react-native-pager-view\android\build\intermediates\verified_library_resources\release\verifyReleaseResources\compiled\interpolator_fast_out_slow_in.xml.flat
Compiling xml file C:\Users\dctm1\YongStudyApp\node_modules\react-native-pager-view\android\build\intermediates\merged_res\release\mergeReleaseResources\layout\abc_cascading_menu_item_layout.xml to C:\Users\dctm1\YongStudyApp\node_modules\react-native-pager-view\android\build\intermediates\verified_library_resources\release\verifyReleaseResources\compiled\layout_abc_cascading_menu_item_layout.xml.flat
Compiling xml file C:\Users\dctm1\YongStudyApp\node_modules\react-native-pager-view\android\build\intermediates\merged_res\release\mergeReleaseResources\layout\abc_screen_toolbar.xml to C:\Users\dctm1\YongStudyApp\node_modules\react-native-pager-view\android\build\intermediates\verified_library_resources\release\verifyReleaseResources\compiled\layout_abc_screen_toolbar.xml.flat
Compiling xml file C:\Users\dctm1\YongStudyApp\node_modules\react-native-pager-view\android\build\intermediates\merged_res\release\mergeReleaseResources\layout\notification_template_part_chronometer.xml to C:\Users\dctm1\YongStudyApp\node_modules\react-native-pager-view\android\build\intermediates\verified_library_resources\release\verifyReleaseResources\compiled\layout_notification_template_part_chronometer.xml.flat
Compiling xml file C:\Users\dctm1\YongStudyApp\node_modules\react-native-pager-view\android\build\intermediates\merged_res\release\mergeReleaseResources\layout-v21\notification_template_custom_big.xml to C:\Users\dctm1\YongStudyApp\node_modules\react-native-pager-view\android\build\intermediates\verified_library_resources\release\verifyReleaseResources\compiled\layout-v21_notification_template_custom_big.xml.flat
Compiling XML table C:\Users\dctm1\YongStudyApp\node_modules\react-native-pager-view\android\build\intermediates\merged_res\release\mergeReleaseResources\values-be\values-be.xml to C:\Users\dctm1\YongStudyApp\node_modules\react-native-pager-view\android\build\intermediates\verified_library_resources\release\verifyReleaseResources\compiled\values-be_values-be.arsc.flat
Compiling XML table C:\Users\dctm1\YongStudyApp\node_modules\react-native-pager-view\android\build\intermediates\merged_res\release\mergeReleaseResources\values-en-rIN\values-en-rIN.xml to C:\Users\dctm1\YongStudyApp\node_modules\react-native-pager-view\android\build\intermediates\verified_library_resources\release\verifyReleaseResources\compiled\values-en-rIN_values-en-rIN.arsc.flat
Compiling XML table C:\Users\dctm1\YongStudyApp\node_modules\react-native-pager-view\android\build\intermediates\merged_res\release\mergeReleaseResources\values-gu\values-gu.xml to C:\Users\dctm1\YongStudyApp\node_modules\react-native-pager-view\android\build\intermediates\verified_library_resources\release\verifyReleaseResources\compiled\values-gu_values-gu.arsc.flat
Compiling XML table C:\Users\dctm1\YongStudyApp\node_modules\react-native-pager-view\android\build\intermediates\merged_res\release\mergeReleaseResources\values-ka\values-ka.xml to C:\Users\dctm1\YongStudyApp\node_modules\react-native-pager-view\android\build\intermediates\verified_library_resources\release\verifyReleaseResources\compiled\values-ka_values-ka.arsc.flat
Compiling XML table C:\Users\dctm1\YongStudyApp\node_modules\react-native-pager-view\android\build\intermediates\merged_res\release\mergeReleaseResources\values-mk\values-mk.xml to C:\Users\dctm1\YongStudyApp\node_modules\react-native-pager-view\android\build\intermediates\verified_library_resources\release\verifyReleaseResources\compiled\values-mk_values-mk.arsc.flat
Compiling XML table C:\Users\dctm1\YongStudyApp\node_modules\react-native-pager-view\android\build\intermediates\merged_res\release\mergeReleaseResources\values-pl\values-pl.xml to C:\Users\dctm1\YongStudyApp\node_modules\react-native-pager-view\android\build\intermediates\verified_library_resources\release\verifyReleaseResources\compiled\values-pl_values-pl.arsc.flat
Compiling XML table C:\Users\dctm1\YongStudyApp\node_modules\react-native-pager-view\android\build\intermediates\merged_res\release\mergeReleaseResources\values-sv\values-sv.xml to C:\Users\dctm1\YongStudyApp\node_modules\react-native-pager-view\android\build\intermediates\verified_library_resources\release\verifyReleaseResources\compiled\values-sv_values-sv.arsc.flat
Compiling XML table C:\Users\dctm1\YongStudyApp\node_modules\react-native-pager-view\android\build\intermediates\merged_res\release\mergeReleaseResources\values-v17\values-v17.xml to C:\Users\dctm1\YongStudyApp\node_modules\react-native-pager-view\android\build\intermediates\verified_library_resources\release\verifyReleaseResources\compiled\values-v17_values-v17.arsc.flat
Compiling XML table C:\Users\dctm1\YongStudyApp\node_modules\react-native-pager-view\android\build\intermediates\merged_res\release\mergeReleaseResources\values-xlarge-v4\values-xlarge-v4.xml to C:\Users\dctm1\YongStudyApp\node_modules\react-native-pager-view\android\build\intermediates\verified_library_resources\release\verifyReleaseResources\compiled\values-xlarge-v4_values-xlarge-v4.arsc.flat
Compiling xml file C:\Users\dctm1\YongStudyApp\node_modules\react-native-pager-view\android\build\intermediates\merged_res\release\mergeReleaseResources\anim\abc_slide_out_top.xml to C:\Users\dctm1\YongStudyApp\node_modules\react-native-pager-view\android\build\intermediates\verified_library_resources\release\verifyReleaseResources\compiled\anim_abc_slide_out_top.xml.flat
Compiling xml file C:\Users\dctm1\YongStudyApp\node_modules\react-native-pager-view\android\build\intermediates\merged_res\release\mergeReleaseResources\anim\btn_radio_to_on_mtrl_dot_group_animation.xml to C:\Users\dctm1\YongStudyApp\node_modules\react-native-pager-view\android\build\intermediates\verified_library_resources\release\verifyReleaseResources\compiled\anim_btn_radio_to_on_mtrl_dot_group_animation.xml.flat
Compiling xml file C:\Users\dctm1\YongStudyApp\node_modules\react-native-pager-view\android\build\intermediates\merged_res\release\mergeReleaseResources\animator\fragment_fade_enter.xml to C:\Users\dctm1\YongStudyApp\node_modules\react-native-pager-view\android\build\intermediates\verified_library_resources\release\verifyReleaseResources\compiled\animator_fragment_fade_enter.xml.flat
Compiling xml file C:\Users\dctm1\YongStudyApp\node_modules\react-native-pager-view\android\build\intermediates\merged_res\release\mergeReleaseResources\color\abc_search_url_text.xml to C:\Users\dctm1\YongStudyApp\node_modules\react-native-pager-view\android\build\intermediates\verified_library_resources\release\verifyReleaseResources\compiled\color_abc_search_url_text.xml.flat
Compiling xml file C:\Users\dctm1\YongStudyApp\node_modules\react-native-pager-view\android\build\intermediates\merged_res\release\mergeReleaseResources\color-v23\abc_tint_spinner.xml to C:\Users\dctm1\YongStudyApp\node_modules\react-native-pager-view\android\build\intermediates\verified_library_resources\release\verifyReleaseResources\compiled\color-v23_abc_tint_spinner.xml.flat
Compiling xml file C:\Users\dctm1\YongStudyApp\node_modules\react-native-pager-view\android\build\intermediates\merged_res\release\mergeReleaseResources\drawable\abc_ic_clear_material.xml to C:\Users\dctm1\YongStudyApp\node_modules\react-native-pager-view\android\build\intermediates\verified_library_resources\release\verifyReleaseResources\compiled\drawable_abc_ic_clear_material.xml.flat
Compiling xml file C:\Users\dctm1\YongStudyApp\node_modules\react-native-pager-view\android\build\intermediates\merged_res\release\mergeReleaseResources\drawable\abc_list_selector_background_transition_holo_dark.xml to C:\Users\dctm1\YongStudyApp\node_modules\react-native-pager-view\android\build\intermediates\verified_library_resources\release\verifyReleaseResources\compiled\drawable_abc_list_selector_background_transition_holo_dark.xml.flat
Compiling xml file C:\Users\dctm1\YongStudyApp\node_modules\react-native-pager-view\android\build\intermediates\merged_res\release\mergeReleaseResources\drawable\abc_star_half_black_48dp.xml to C:\Users\dctm1\YongStudyApp\node_modules\react-native-pager-view\android\build\intermediates\verified_library_resources\release\verifyReleaseResources\compiled\drawable_abc_star_half_black_48dp.xml.flat
Compiling xml file C:\Users\dctm1\YongStudyApp\node_modules\react-native-pager-view\android\build\intermediates\merged_res\release\mergeReleaseResources\drawable\btn_radio_on_mtrl.xml to C:\Users\dctm1\YongStudyApp\node_modules\react-native-pager-view\android\build\intermediates\verified_library_resources\release\verifyReleaseResources\compiled\drawable_btn_radio_on_mtrl.xml.flat
Compiling xml file C:\Users\dctm1\YongStudyApp\node_modules\react-native-pager-view\android\build\intermediates\merged_res\release\mergeReleaseResources\drawable\tooltip_frame_light.xml to C:\Users\dctm1\YongStudyApp\node_modules\react-native-pager-view\android\build\intermediates\verified_library_resources\release\verifyReleaseResources\compiled\drawable_tooltip_frame_light.xml.flat
Compiling image file C:\Users\dctm1\YongStudyApp\node_modules\react-native-pager-view\android\build\intermediates\merged_res\release\mergeReleaseResources\drawable-hdpi-v4\abc_scrubber_control_off_mtrl_alpha.png
Compiling file C:\Users\dctm1\YongStudyApp\node_modules\react-native-pager-view\android\build\intermediates\merged_res\release\mergeReleaseResources\drawable-hdpi-v4\abc_scrubber_control_off_mtrl_alpha.png to C:\Users\dctm1\YongStudyApp\node_modules\react-native-pager-view\android\build\intermediates\verified_library_resources\release\verifyReleaseResources\compiled\drawable-hdpi-v4_abc_scrubber_control_off_mtrl_alpha.png.flat
Compiling image file C:\Users\dctm1\YongStudyApp\node_modules\react-native-pager-view\android\build\intermediates\merged_res\release\mergeReleaseResources\drawable-hdpi-v4\ic_resume.png
Compiling file C:\Users\dctm1\YongStudyApp\node_modules\react-native-pager-view\android\build\intermediates\merged_res\release\mergeReleaseResources\drawable-hdpi-v4\ic_resume.png to C:\Users\dctm1\YongStudyApp\node_modules\react-native-pager-view\android\build\intermediates\verified_library_resources\release\verifyReleaseResources\compiled\drawable-hdpi-v4_ic_resume.png.flat
Compiling image file C:\Users\dctm1\YongStudyApp\node_modules\react-native-pager-view\android\build\intermediates\merged_res\release\mergeReleaseResources\drawable-mdpi-v4\abc_btn_radio_to_on_mtrl_015.png
Compiling file C:\Users\dctm1\YongStudyApp\node_modules\react-native-pager-view\android\build\intermediates\merged_res\release\mergeReleaseResources\drawable-mdpi-v4\abc_btn_radio_to_on_mtrl_015.png to C:\Users\dctm1\YongStudyApp\node_modules\react-native-pager-view\android\build\intermediates\verified_library_resources\release\verifyReleaseResources\compiled\drawable-mdpi-v4_abc_btn_radio_to_on_mtrl_015.png.flat
Compiling image file C:\Users\dctm1\YongStudyApp\node_modules\react-native-pager-view\android\build\intermediates\merged_res\release\mergeReleaseResources\drawable-mdpi-v4\ic_call_decline.png
Compiling file C:\Users\dctm1\YongStudyApp\node_modules\react-native-pager-view\android\build\intermediates\merged_res\release\mergeReleaseResources\drawable-mdpi-v4\ic_call_decline.png to C:\Users\dctm1\YongStudyApp\node_modules\react-native-pager-view\android\build\intermediates\verified_library_resources\release\verifyReleaseResources\compiled\drawable-mdpi-v4_ic_call_decline.png.flat
Compiling xml file C:\Users\dctm1\YongStudyApp\node_modules\react-native-pager-view\android\build\intermediates\merged_res\release\mergeReleaseResources\drawable-watch-v20\abc_dialog_material_background.xml to C:\Users\dctm1\YongStudyApp\node_modules\react-native-pager-view\android\build\intermediates\verified_library_resources\release\verifyReleaseResources\compiled\drawable-watch-v20_abc_dialog_material_background.xml.flat
Compiling image file C:\Users\dctm1\YongStudyApp\node_modules\react-native-pager-view\android\build\intermediates\merged_res\release\mergeReleaseResources\drawable-xhdpi-v4\ic_call_answer.png
Compiling file C:\Users\dctm1\YongStudyApp\node_modules\react-native-pager-view\android\build\intermediates\merged_res\release\mergeReleaseResources\drawable-xhdpi-v4\ic_call_answer.png to C:\Users\dctm1\YongStudyApp\node_modules\react-native-pager-view\android\build\intermediates\verified_library_resources\release\verifyReleaseResources\compiled\drawable-xhdpi-v4_ic_call_answer.png.flat
Compiling xml file C:\Users\dctm1\YongStudyApp\node_modules\react-native-pager-view\android\build\intermediates\merged_res\release\mergeReleaseResources\anim\abc_fade_in.xml to C:\Users\dctm1\YongStudyApp\node_modules\react-native-pager-view\android\build\intermediates\verified_library_resources\release\verifyReleaseResources\compiled\anim_abc_fade_in.xml.flat
Compiling image file C:\Users\dctm1\YongStudyApp\node_modules\react-native-pager-view\android\build\intermediates\merged_res\release\mergeReleaseResources\drawable-xxhdpi-v4\abc_ic_commit_search_api_mtrl_alpha.png
Compiling file C:\Users\dctm1\YongStudyApp\node_modules\react-native-pager-view\android\build\intermediates\merged_res\release\mergeReleaseResources\drawable-xxhdpi-v4\abc_ic_commit_search_api_mtrl_alpha.png to C:\Users\dctm1\YongStudyApp\node_modules\react-native-pager-view\android\build\intermediates\verified_library_resources\release\verifyReleaseResources\compiled\drawable-xxhdpi-v4_abc_ic_commit_search_api_mtrl_alpha.png.flat
Compiling xml file C:\Users\dctm1\YongStudyApp\node_modules\react-native-pager-view\android\build\intermediates\merged_res\release\mergeReleaseResources\anim\btn_checkbox_to_checked_box_inner_merged_animation.xml to C:\Users\dctm1\YongStudyApp\node_modules\react-native-pager-view\android\build\intermediates\verified_library_resources\release\verifyReleaseResources\compiled\anim_btn_checkbox_to_checked_box_inner_merged_animation.xml.flat
Compiling image file C:\Users\dctm1\YongStudyApp\node_modules\react-native-pager-view\android\build\intermediates\merged_res\release\mergeReleaseResources\drawable-xxhdpi-v4\ic_call_decline_low.png
Compiling file C:\Users\dctm1\YongStudyApp\node_modules\react-native-pager-view\android\build\intermediates\merged_res\release\mergeReleaseResources\drawable-xxhdpi-v4\ic_call_decline_low.png to C:\Users\dctm1\YongStudyApp\node_modules\react-native-pager-view\android\build\intermediates\verified_library_resources\release\verifyReleaseResources\compiled\drawable-xxhdpi-v4_ic_call_decline_low.png.flat
Compiling xml file C:\Users\dctm1\YongStudyApp\node_modules\react-native-pager-view\android\build\intermediates\merged_res\release\mergeReleaseResources\anim\catalyst_fade_in.xml to C:\Users\dctm1\YongStudyApp\node_modules\react-native-pager-view\android\build\intermediates\verified_library_resources\release\verifyReleaseResources\compiled\anim_catalyst_fade_in.xml.flat
Compiling image file C:\Users\dctm1\YongStudyApp\node_modules\react-native-pager-view\android\build\intermediates\merged_res\release\mergeReleaseResources\drawable-xxxhdpi-v4\ic_call_answer_video.png
Compiling file C:\Users\dctm1\YongStudyApp\node_modules\react-native-pager-view\android\build\intermediates\merged_res\release\mergeReleaseResources\drawable-xxxhdpi-v4\ic_call_answer_video.png to C:\Users\dctm1\YongStudyApp\node_modules\react-native-pager-view\android\build\intermediates\verified_library_resources\release\verifyReleaseResources\compiled\drawable-xxxhdpi-v4_ic_call_answer_video.png.flat
Compiling xml file C:\Users\dctm1\YongStudyApp\node_modules\react-native-pager-view\android\build\intermediates\merged_res\release\mergeReleaseResources\animator\fragment_open_exit.xml to C:\Users\dctm1\YongStudyApp\node_modules\react-native-pager-view\android\build\intermediates\verified_library_resources\release\verifyReleaseResources\compiled\animator_fragment_open_exit.xml.flat
Compiling xml file C:\Users\dctm1\YongStudyApp\node_modules\react-native-pager-view\android\build\intermediates\merged_res\release\mergeReleaseResources\layout\abc_action_bar_title_item.xml to C:\Users\dctm1\YongStudyApp\node_modules\react-native-pager-view\android\build\intermediates\verified_library_resources\release\verifyReleaseResources\compiled\layout_abc_action_bar_title_item.xml.flat
Compiling xml file C:\Users\dctm1\YongStudyApp\node_modules\react-native-pager-view\android\build\intermediates\merged_res\release\mergeReleaseResources\layout\abc_dialog_title_material.xml to C:\Users\dctm1\YongStudyApp\node_modules\react-native-pager-view\android\build\intermediates\verified_library_resources\release\verifyReleaseResources\compiled\layout_abc_dialog_title_material.xml.flat
Compiling xml file C:\Users\dctm1\YongStudyApp\node_modules\react-native-pager-view\android\build\intermediates\merged_res\release\mergeReleaseResources\color\switch_thumb_material_dark.xml to C:\Users\dctm1\YongStudyApp\node_modules\react-native-pager-view\android\build\intermediates\verified_library_resources\release\verifyReleaseResources\compiled\color_switch_thumb_material_dark.xml.flat
Compiling xml file C:\Users\dctm1\YongStudyApp\node_modules\react-native-pager-view\android\build\intermediates\merged_res\release\mergeReleaseResources\layout\abc_search_dropdown_item_icons_2line.xml to C:\Users\dctm1\YongStudyApp\node_modules\react-native-pager-view\android\build\intermediates\verified_library_resources\release\verifyReleaseResources\compiled\layout_abc_search_dropdown_item_icons_2line.xml.flat
Compiling xml file C:\Users\dctm1\YongStudyApp\node_modules\react-native-pager-view\android\build\intermediates\merged_res\release\mergeReleaseResources\drawable\abc_btn_check_material.xml to C:\Users\dctm1\YongStudyApp\node_modules\react-native-pager-view\android\build\intermediates\verified_library_resources\release\verifyReleaseResources\compiled\drawable_abc_btn_check_material.xml.flat
Compiling xml file C:\Users\dctm1\YongStudyApp\node_modules\react-native-pager-view\android\build\intermediates\merged_res\release\mergeReleaseResources\drawable\abc_ic_menu_cut_mtrl_alpha.xml to C:\Users\dctm1\YongStudyApp\node_modules\react-native-pager-view\android\build\intermediates\verified_library_resources\release\verifyReleaseResources\compiled\drawable_abc_ic_menu_cut_mtrl_alpha.xml.flat
Compiling xml file C:\Users\dctm1\YongStudyApp\node_modules\react-native-pager-view\android\build\intermediates\merged_res\release\mergeReleaseResources\layout\notification_template_part_time.xml to C:\Users\dctm1\YongStudyApp\node_modules\react-native-pager-view\android\build\intermediates\verified_library_resources\release\verifyReleaseResources\compiled\layout_notification_template_part_time.xml.flat
Compiling xml file C:\Users\dctm1\YongStudyApp\node_modules\react-native-pager-view\android\build\intermediates\merged_res\release\mergeReleaseResources\drawable\abc_list_selector_holo_light.xml to C:\Users\dctm1\YongStudyApp\node_modules\react-native-pager-view\android\build\intermediates\verified_library_resources\release\verifyReleaseResources\compiled\drawable_abc_list_selector_holo_light.xml.flat
Compiling xml file C:\Users\dctm1\YongStudyApp\node_modules\react-native-pager-view\android\build\intermediates\merged_res\release\mergeReleaseResources\layout-v21\notification_template_icon_group.xml to C:\Users\dctm1\YongStudyApp\node_modules\react-native-pager-view\android\build\intermediates\verified_library_resources\release\verifyReleaseResources\compiled\layout-v21_notification_template_icon_group.xml.flat
Compiling XML table C:\Users\dctm1\YongStudyApp\node_modules\react-native-pager-view\android\build\intermediates\merged_res\release\mergeReleaseResources\values-bg\values-bg.xml to C:\Users\dctm1\YongStudyApp\node_modules\react-native-pager-view\android\build\intermediates\verified_library_resources\release\verifyReleaseResources\compiled\values-bg_values-bg.arsc.flat
Compiling xml file C:\Users\dctm1\YongStudyApp\node_modules\react-native-pager-view\android\build\intermediates\merged_res\release\mergeReleaseResources\drawable\abc_text_cursor_material.xml to C:\Users\dctm1\YongStudyApp\node_modules\react-native-pager-view\android\build\intermediates\verified_library_resources\release\verifyReleaseResources\compiled\drawable_abc_text_cursor_material.xml.flat
Compiling xml file C:\Users\dctm1\YongStudyApp\node_modules\react-native-pager-view\android\build\intermediates\merged_res\release\mergeReleaseResources\drawable\notification_bg_low.xml to C:\Users\dctm1\YongStudyApp\node_modules\react-native-pager-view\android\build\intermediates\verified_library_resources\release\verifyReleaseResources\compiled\drawable_notification_bg_low.xml.flat
Compiling XML table C:\Users\dctm1\YongStudyApp\node_modules\react-native-pager-view\android\build\intermediates\merged_res\release\mergeReleaseResources\values-en-rXC\values-en-rXC.xml to C:\Users\dctm1\YongStudyApp\node_modules\react-native-pager-view\android\build\intermediates\verified_library_resources\release\verifyReleaseResources\compiled\values-en-rXC_values-en-rXC.arsc.flat
Compiling xml file C:\Users\dctm1\YongStudyApp\node_modules\react-native-pager-view\android\build\intermediates\merged_res\release\mergeReleaseResources\drawable-anydpi-v21\ic_call_answer_video.xml to C:\Users\dctm1\YongStudyApp\node_modules\react-native-pager-view\android\build\intermediates\verified_library_resources\release\verifyReleaseResources\compiled\drawable-anydpi-v21_ic_call_answer_video.xml.flat
Compiling XML table C:\Users\dctm1\YongStudyApp\node_modules\react-native-pager-view\android\build\intermediates\merged_res\release\mergeReleaseResources\values-h720dp-v13\values-h720dp-v13.xml to C:\Users\dctm1\YongStudyApp\node_modules\react-native-pager-view\android\build\intermediates\verified_library_resources\release\verifyReleaseResources\compiled\values-h720dp-v13_values-h720dp-v13.arsc.flat
Compiling image file C:\Users\dctm1\YongStudyApp\node_modules\react-native-pager-view\android\build\intermediates\merged_res\release\mergeReleaseResources\drawable-hdpi-v4\abc_text_select_handle_left_mtrl.png
Compiling file C:\Users\dctm1\YongStudyApp\node_modules\react-native-pager-view\android\build\intermediates\merged_res\release\mergeReleaseResources\drawable-hdpi-v4\abc_text_select_handle_left_mtrl.png to C:\Users\dctm1\YongStudyApp\node_modules\react-native-pager-view\android\build\intermediates\verified_library_resources\release\verifyReleaseResources\compiled\drawable-hdpi-v4_abc_text_select_handle_left_mtrl.png.flat
Compiling XML table C:\Users\dctm1\YongStudyApp\node_modules\react-native-pager-view\android\build\intermediates\merged_res\release\mergeReleaseResources\values-kk\values-kk.xml to C:\Users\dctm1\YongStudyApp\node_modules\react-native-pager-view\android\build\intermediates\verified_library_resources\release\verifyReleaseResources\compiled\values-kk_values-kk.arsc.flat
Compiling image file C:\Users\dctm1\YongStudyApp\node_modules\react-native-pager-view\android\build\intermediates\merged_res\release\mergeReleaseResources\drawable-ldpi-v4\ic_call_answer.png
Compiling file C:\Users\dctm1\YongStudyApp\node_modules\react-native-pager-view\android\build\intermediates\merged_res\release\mergeReleaseResources\drawable-ldpi-v4\ic_call_answer.png to C:\Users\dctm1\YongStudyApp\node_modules\react-native-pager-view\android\build\intermediates\verified_library_resources\release\verifyReleaseResources\compiled\drawable-ldpi-v4_ic_call_answer.png.flat
Compiling image file C:\Users\dctm1\YongStudyApp\node_modules\react-native-pager-view\android\build\intermediates\merged_res\release\mergeReleaseResources\drawable-mdpi-v4\abc_scrubber_control_to_pressed_mtrl_000.png
Compiling file C:\Users\dctm1\YongStudyApp\node_modules\react-native-pager-view\android\build\intermediates\merged_res\release\mergeReleaseResources\drawable-mdpi-v4\abc_scrubber_control_to_pressed_mtrl_000.png to C:\Users\dctm1\YongStudyApp\node_modules\react-native-pager-view\android\build\intermediates\verified_library_resources\release\verifyReleaseResources\compiled\drawable-mdpi-v4_abc_scrubber_control_to_pressed_mtrl_000.png.flat
Compiling XML table C:\Users\dctm1\YongStudyApp\node_modules\react-native-pager-view\android\build\intermediates\merged_res\release\mergeReleaseResources\values-ml\values-ml.xml to C:\Users\dctm1\YongStudyApp\node_modules\react-native-pager-view\android\build\intermediates\verified_library_resources\release\verifyReleaseResources\compiled\values-ml_values-ml.arsc.flat
Compiling image file C:\Users\dctm1\YongStudyApp\node_modules\react-native-pager-view\android\build\intermediates\merged_res\release\mergeReleaseResources\drawable-mdpi-v4\notify_panel_notification_icon_bg.png
Compiling file C:\Users\dctm1\YongStudyApp\node_modules\react-native-pager-view\android\build\intermediates\merged_res\release\mergeReleaseResources\drawable-mdpi-v4\notify_panel_notification_icon_bg.png to C:\Users\dctm1\YongStudyApp\node_modules\react-native-pager-view\android\build\intermediates\verified_library_resources\release\verifyReleaseResources\compiled\drawable-mdpi-v4_notify_panel_notification_icon_bg.png.flat
Compiling XML table C:\Users\dctm1\YongStudyApp\node_modules\react-native-pager-view\android\build\intermediates\merged_res\release\mergeReleaseResources\values-port\values-port.xml to C:\Users\dctm1\YongStudyApp\node_modules\react-native-pager-view\android\build\intermediates\verified_library_resources\release\verifyReleaseResources\compiled\values-port_values-port.arsc.flat
Compiling image file C:\Users\dctm1\YongStudyApp\node_modules\react-native-pager-view\android\build\intermediates\merged_res\release\mergeReleaseResources\drawable-xhdpi-v4\abc_btn_radio_to_on_mtrl_000.png
Compiling file C:\Users\dctm1\YongStudyApp\node_modules\react-native-pager-view\android\build\intermediates\merged_res\release\mergeReleaseResources\drawable-xhdpi-v4\abc_btn_radio_to_on_mtrl_000.png to C:\Users\dctm1\YongStudyApp\node_modules\react-native-pager-view\android\build\intermediates\verified_library_resources\release\verifyReleaseResources\compiled\drawable-xhdpi-v4_abc_btn_radio_to_on_mtrl_000.png.flat
Compiling XML table C:\Users\dctm1\YongStudyApp\node_modules\react-native-pager-view\android\build\intermediates\merged_res\release\mergeReleaseResources\values-sw\values-sw.xml to C:\Users\dctm1\YongStudyApp\node_modules\react-native-pager-view\android\build\intermediates\verified_library_resources\release\verifyReleaseResources\compiled\values-sw_values-sw.arsc.flat
Compiling image file C:\Users\dctm1\YongStudyApp\node_modules\react-native-pager-view\android\build\intermediates\merged_res\release\mergeReleaseResources\drawable-xhdpi-v4\ic_call_answer_video_low.png
Compiling file C:\Users\dctm1\YongStudyApp\node_modules\react-native-pager-view\android\build\intermediates\merged_res\release\mergeReleaseResources\drawable-xhdpi-v4\ic_call_answer_video_low.png to C:\Users\dctm1\YongStudyApp\node_modules\react-native-pager-view\android\build\intermediates\verified_library_resources\release\verifyReleaseResources\compiled\drawable-xhdpi-v4_ic_call_answer_video_low.png.flat
Compiling image file C:\Users\dctm1\YongStudyApp\node_modules\react-native-pager-view\android\build\intermediates\merged_res\release\mergeReleaseResources\drawable-xxhdpi-v4\abc_scrubber_control_to_pressed_mtrl_005.png
Compiling file C:\Users\dctm1\YongStudyApp\node_modules\react-native-pager-view\android\build\intermediates\merged_res\release\mergeReleaseResources\drawable-xxhdpi-v4\abc_scrubber_control_to_pressed_mtrl_005.png to C:\Users\dctm1\YongStudyApp\node_modules\react-native-pager-view\android\build\intermediates\verified_library_resources\release\verifyReleaseResources\compiled\drawable-xxhdpi-v4_abc_scrubber_control_to_pressed_mtrl_005.png.flat
Compiling XML table C:\Users\dctm1\YongStudyApp\node_modules\react-native-pager-view\android\build\intermediates\merged_res\release\mergeReleaseResources\values-v18\values-v18.xml to C:\Users\dctm1\YongStudyApp\node_modules\react-native-pager-view\android\build\intermediates\verified_library_resources\release\verifyReleaseResources\compiled\values-v18_values-v18.arsc.flat
Compiling image file C:\Users\dctm1\YongStudyApp\node_modules\react-native-pager-view\android\build\intermediates\merged_res\release\mergeReleaseResources\drawable-xxxhdpi-v4\abc_btn_check_to_on_mtrl_015.png
Compiling file C:\Users\dctm1\YongStudyApp\node_modules\react-native-pager-view\android\build\intermediates\merged_res\release\mergeReleaseResources\drawable-xxxhdpi-v4\abc_btn_check_to_on_mtrl_015.png to C:\Users\dctm1\YongStudyApp\node_modules\react-native-pager-view\android\build\intermediates\verified_library_resources\release\verifyReleaseResources\compiled\drawable-xxxhdpi-v4_abc_btn_check_to_on_mtrl_015.png.flat
Compiling XML table C:\Users\dctm1\YongStudyApp\node_modules\react-native-pager-view\android\build\intermediates\merged_res\release\mergeReleaseResources\values-zh-rCN\values-zh-rCN.xml to C:\Users\dctm1\YongStudyApp\node_modules\react-native-pager-view\android\build\intermediates\verified_library_resources\release\verifyReleaseResources\compiled\values-zh-rCN_values-zh-rCN.arsc.flat
Compiling image file C:\Users\dctm1\YongStudyApp\node_modules\react-native-pager-view\android\build\intermediates\merged_res\release\mergeReleaseResources\drawable-xxxhdpi-v4\ic_call_decline_low.png
Compiling file C:\Users\dctm1\YongStudyApp\node_modules\react-native-pager-view\android\build\intermediates\merged_res\release\mergeReleaseResources\drawable-xxxhdpi-v4\ic_call_decline_low.png to C:\Users\dctm1\YongStudyApp\node_modules\react-native-pager-view\android\build\intermediates\verified_library_resources\release\verifyReleaseResources\compiled\drawable-xxxhdpi-v4_ic_call_decline_low.png.flat
Compiling xml file C:\Users\dctm1\YongStudyApp\node_modules\react-native-pager-view\android\build\intermediates\merged_res\release\mergeReleaseResources\layout\abc_action_menu_layout.xml to C:\Users\dctm1\YongStudyApp\node_modules\react-native-pager-view\android\build\intermediates\verified_library_resources\release\verifyReleaseResources\compiled\layout_abc_action_menu_layout.xml.flat
Compiling xml file C:\Users\dctm1\YongStudyApp\node_modules\react-native-pager-view\android\build\intermediates\merged_res\release\mergeReleaseResources\anim\abc_tooltip_exit.xml to C:\Users\dctm1\YongStudyApp\node_modules\react-native-pager-view\android\build\intermediates\verified_library_resources\release\verifyReleaseResources\compiled\anim_abc_tooltip_exit.xml.flat
Compiling xml file C:\Users\dctm1\YongStudyApp\node_modules\react-native-pager-view\android\build\intermediates\merged_res\release\mergeReleaseResources\anim\btn_radio_to_on_mtrl_ring_outer_path_animation.xml to C:\Users\dctm1\YongStudyApp\node_modules\react-native-pager-view\android\build\intermediates\verified_library_resources\release\verifyReleaseResources\compiled\anim_btn_radio_to_on_mtrl_ring_outer_path_animation.xml.flat
Compiling xml file C:\Users\dctm1\YongStudyApp\node_modules\react-native-pager-view\android\build\intermediates\merged_res\release\mergeReleaseResources\layout\abc_list_menu_item_icon.xml to C:\Users\dctm1\YongStudyApp\node_modules\react-native-pager-view\android\build\intermediates\verified_library_resources\release\verifyReleaseResources\compiled\layout_abc_list_menu_item_icon.xml.flat
Compiling xml file C:\Users\dctm1\YongStudyApp\node_modules\react-native-pager-view\android\build\intermediates\merged_res\release\mergeReleaseResources\animator\fragment_open_enter.xml to C:\Users\dctm1\YongStudyApp\node_modules\react-native-pager-view\android\build\intermediates\verified_library_resources\release\verifyReleaseResources\compiled\animator_fragment_open_enter.xml.flat
Compiling xml file C:\Users\dctm1\YongStudyApp\node_modules\react-native-pager-view\android\build\intermediates\merged_res\release\mergeReleaseResources\layout\abc_tooltip.xml to C:\Users\dctm1\YongStudyApp\node_modules\react-native-pager-view\android\build\intermediates\verified_library_resources\release\verifyReleaseResources\compiled\layout_abc_tooltip.xml.flat
Compiling xml file C:\Users\dctm1\YongStudyApp\node_modules\react-native-pager-view\android\build\intermediates\merged_res\release\mergeReleaseResources\color\abc_secondary_text_material_light.xml to C:\Users\dctm1\YongStudyApp\node_modules\react-native-pager-view\android\build\intermediates\verified_library_resources\release\verifyReleaseResources\compiled\color_abc_secondary_text_material_light.xml.flat
Compiling xml file C:\Users\dctm1\YongStudyApp\node_modules\react-native-pager-view\android\build\intermediates\merged_res\release\mergeReleaseResources\layout\redbox_item_title.xml to C:\Users\dctm1\YongStudyApp\node_modules\react-native-pager-view\android\build\intermediates\verified_library_resources\release\verifyReleaseResources\compiled\layout_redbox_item_title.xml.flat
Compiling xml file C:\Users\dctm1\YongStudyApp\node_modules\react-native-pager-view\android\build\intermediates\merged_res\release\mergeReleaseResources\drawable\abc_btn_borderless_material.xml to C:\Users\dctm1\YongStudyApp\node_modules\react-native-pager-view\android\build\intermediates\verified_library_resources\release\verifyReleaseResources\compiled\drawable_abc_btn_borderless_material.xml.flat
Compiling xml file C:\Users\dctm1\YongStudyApp\node_modules\react-native-pager-view\android\build\intermediates\merged_res\release\mergeReleaseResources\layout-watch-v20\abc_alert_dialog_title_material.xml to C:\Users\dctm1\YongStudyApp\node_modules\react-native-pager-view\android\build\intermediates\verified_library_resources\release\verifyReleaseResources\compiled\layout-watch-v20_abc_alert_dialog_title_material.xml.flat
Compiling XML table C:\Users\dctm1\YongStudyApp\node_modules\react-native-pager-view\android\build\intermediates\merged_res\release\mergeReleaseResources\values-ca\values-ca.xml to C:\Users\dctm1\YongStudyApp\node_modules\react-native-pager-view\android\build\intermediates\verified_library_resources\release\verifyReleaseResources\compiled\values-ca_values-ca.arsc.flat
Compiling xml file C:\Users\dctm1\YongStudyApp\node_modules\react-native-pager-view\android\build\intermediates\merged_res\release\mergeReleaseResources\drawable\abc_ic_menu_copy_mtrl_am_alpha.xml to C:\Users\dctm1\YongStudyApp\node_modules\react-native-pager-view\android\build\intermediates\verified_library_resources\release\verifyReleaseResources\compiled\drawable_abc_ic_menu_copy_mtrl_am_alpha.xml.flat
Compiling xml file C:\Users\dctm1\YongStudyApp\node_modules\react-native-pager-view\android\build\intermediates\merged_res\release\mergeReleaseResources\drawable\abc_list_selector_holo_dark.xml to C:\Users\dctm1\YongStudyApp\node_modules\react-native-pager-view\android\build\intermediates\verified_library_resources\release\verifyReleaseResources\compiled\drawable_abc_list_selector_holo_dark.xml.flat
Compiling XML table C:\Users\dctm1\YongStudyApp\node_modules\react-native-pager-view\android\build\intermediates\merged_res\release\mergeReleaseResources\values-es-rUS\values-es-rUS.xml to C:\Users\dctm1\YongStudyApp\node_modules\react-native-pager-view\android\build\intermediates\verified_library_resources\release\verifyReleaseResources\compiled\values-es-rUS_values-es-rUS.arsc.flat
Compiling xml file C:\Users\dctm1\YongStudyApp\node_modules\react-native-pager-view\android\build\intermediates\merged_res\release\mergeReleaseResources\drawable\abc_tab_indicator_material.xml to C:\Users\dctm1\YongStudyApp\node_modules\react-native-pager-view\android\build\intermediates\verified_library_resources\release\verifyReleaseResources\compiled\drawable_abc_tab_indicator_material.xml.flat
Compiling xml file C:\Users\dctm1\YongStudyApp\node_modules\react-native-pager-view\android\build\intermediates\merged_res\release\mergeReleaseResources\drawable\notification_bg.xml to C:\Users\dctm1\YongStudyApp\node_modules\react-native-pager-view\android\build\intermediates\verified_library_resources\release\verifyReleaseResources\compiled\drawable_notification_bg.xml.flat
Compiling XML table C:\Users\dctm1\YongStudyApp\node_modules\react-native-pager-view\android\build\intermediates\merged_res\release\mergeReleaseResources\values-hr\values-hr.xml to C:\Users\dctm1\YongStudyApp\node_modules\react-native-pager-view\android\build\intermediates\verified_library_resources\release\verifyReleaseResources\compiled\values-hr_values-hr.arsc.flat
Compiling xml file C:\Users\dctm1\YongStudyApp\node_modules\react-native-pager-view\android\build\intermediates\merged_res\release\mergeReleaseResources\drawable-anydpi-v21\ic_call_answer_low.xml to C:\Users\dctm1\YongStudyApp\node_modules\react-native-pager-view\android\build\intermediates\verified_library_resources\release\verifyReleaseResources\compiled\drawable-anydpi-v21_ic_call_answer_low.xml.flat
Compiling XML table C:\Users\dctm1\YongStudyApp\node_modules\react-native-pager-view\android\build\intermediates\merged_res\release\mergeReleaseResources\values-ko\values-ko.xml to C:\Users\dctm1\YongStudyApp\node_modules\react-native-pager-view\android\build\intermediates\verified_library_resources\release\verifyReleaseResources\compiled\values-ko_values-ko.arsc.flat
Compiling image file C:\Users\dctm1\YongStudyApp\node_modules\react-native-pager-view\android\build\intermediates\merged_res\release\mergeReleaseResources\drawable-hdpi-v4\abc_scrubber_control_to_pressed_mtrl_005.png
Compiling file C:\Users\dctm1\YongStudyApp\node_modules\react-native-pager-view\android\build\intermediates\merged_res\release\mergeReleaseResources\drawable-hdpi-v4\abc_scrubber_control_to_pressed_mtrl_005.png to C:\Users\dctm1\YongStudyApp\node_modules\react-native-pager-view\android\build\intermediates\verified_library_resources\release\verifyReleaseResources\compiled\drawable-hdpi-v4_abc_scrubber_control_to_pressed_mtrl_005.png.flat
Compiling XML table C:\Users\dctm1\YongStudyApp\node_modules\react-native-pager-view\android\build\intermediates\merged_res\release\mergeReleaseResources\values-ms\values-ms.xml to C:\Users\dctm1\YongStudyApp\node_modules\react-native-pager-view\android\build\intermediates\verified_library_resources\release\verifyReleaseResources\compiled\values-ms_values-ms.arsc.flat
Compiling image file C:\Users\dctm1\YongStudyApp\node_modules\react-native-pager-view\android\build\intermediates\merged_res\release\mergeReleaseResources\drawable-hdpi-v4\notify_panel_notification_icon_bg.png
Compiling file C:\Users\dctm1\YongStudyApp\node_modules\react-native-pager-view\android\build\intermediates\merged_res\release\mergeReleaseResources\drawable-hdpi-v4\notify_panel_notification_icon_bg.png to C:\Users\dctm1\YongStudyApp\node_modules\react-native-pager-view\android\build\intermediates\verified_library_resources\release\verifyReleaseResources\compiled\drawable-hdpi-v4_notify_panel_notification_icon_bg.png.flat
Compiling image file C:\Users\dctm1\YongStudyApp\node_modules\react-native-pager-view\android\build\intermediates\merged_res\release\mergeReleaseResources\drawable-mdpi-v4\abc_scrubber_control_off_mtrl_alpha.png
Compiling file C:\Users\dctm1\YongStudyApp\node_modules\react-native-pager-view\android\build\intermediates\merged_res\release\mergeReleaseResources\drawable-mdpi-v4\abc_scrubber_control_off_mtrl_alpha.png to C:\Users\dctm1\YongStudyApp\node_modules\react-native-pager-view\android\build\intermediates\verified_library_resources\release\verifyReleaseResources\compiled\drawable-mdpi-v4_abc_scrubber_control_off_mtrl_alpha.png.flat
Compiling XML table C:\Users\dctm1\YongStudyApp\node_modules\react-native-pager-view\android\build\intermediates\merged_res\release\mergeReleaseResources\values-pt-rPT\values-pt-rPT.xml to C:\Users\dctm1\YongStudyApp\node_modules\react-native-pager-view\android\build\intermediates\verified_library_resources\release\verifyReleaseResources\compiled\values-pt-rPT_values-pt-rPT.arsc.flat
Compiling image file C:\Users\dctm1\YongStudyApp\node_modules\react-native-pager-view\android\build\intermediates\merged_res\release\mergeReleaseResources\drawable-mdpi-v4\ic_resume.png
Compiling file C:\Users\dctm1\YongStudyApp\node_modules\react-native-pager-view\android\build\intermediates\merged_res\release\mergeReleaseResources\drawable-mdpi-v4\ic_resume.png to C:\Users\dctm1\YongStudyApp\node_modules\react-native-pager-view\android\build\intermediates\verified_library_resources\release\verifyReleaseResources\compiled\drawable-mdpi-v4_ic_resume.png.flat
Compiling XML table C:\Users\dctm1\YongStudyApp\node_modules\react-native-pager-view\android\build\intermediates\merged_res\release\mergeReleaseResources\values-te\values-te.xml to C:\Users\dctm1\YongStudyApp\node_modules\react-native-pager-view\android\build\intermediates\verified_library_resources\release\verifyReleaseResources\compiled\values-te_values-te.arsc.flat
Compiling image file C:\Users\dctm1\YongStudyApp\node_modules\react-native-pager-view\android\build\intermediates\merged_res\release\mergeReleaseResources\drawable-xhdpi-v4\abc_btn_check_to_on_mtrl_015.png
Compiling file C:\Users\dctm1\YongStudyApp\node_modules\react-native-pager-view\android\build\intermediates\merged_res\release\mergeReleaseResources\drawable-xhdpi-v4\abc_btn_check_to_on_mtrl_015.png to C:\Users\dctm1\YongStudyApp\node_modules\react-native-pager-view\android\build\intermediates\verified_library_resources\release\verifyReleaseResources\compiled\drawable-xhdpi-v4_abc_btn_check_to_on_mtrl_015.png.flat
Compiling XML table C:\Users\dctm1\YongStudyApp\node_modules\react-native-pager-view\android\build\intermediates\merged_res\release\mergeReleaseResources\values-v23\values-v23.xml to C:\Users\dctm1\YongStudyApp\node_modules\react-native-pager-view\android\build\intermediates\verified_library_resources\release\verifyReleaseResources\compiled\values-v23_values-v23.arsc.flat
Compiling image file C:\Users\dctm1\YongStudyApp\node_modules\react-native-pager-view\android\build\intermediates\merged_res\release\mergeReleaseResources\drawable-xhdpi-v4\ic_call_answer_video.png
Compiling file C:\Users\dctm1\YongStudyApp\node_modules\react-native-pager-view\android\build\intermediates\merged_res\release\mergeReleaseResources\drawable-xhdpi-v4\ic_call_answer_video.png to C:\Users\dctm1\YongStudyApp\node_modules\react-native-pager-view\android\build\intermediates\verified_library_resources\release\verifyReleaseResources\compiled\drawable-xhdpi-v4_ic_call_answer_video.png.flat
Compiling image file C:\Users\dctm1\YongStudyApp\node_modules\react-native-pager-view\android\build\intermediates\merged_res\release\mergeReleaseResources\drawable-xxhdpi-v4\abc_scrubber_control_to_pressed_mtrl_000.png
Compiling file C:\Users\dctm1\YongStudyApp\node_modules\react-native-pager-view\android\build\intermediates\merged_res\release\mergeReleaseResources\drawable-xxhdpi-v4\abc_scrubber_control_to_pressed_mtrl_000.png to C:\Users\dctm1\YongStudyApp\node_modules\react-native-pager-view\android\build\intermediates\verified_library_resources\release\verifyReleaseResources\compiled\drawable-xxhdpi-v4_abc_scrubber_control_to_pressed_mtrl_000.png.flat
Compiling XML table C:\Users\dctm1\YongStudyApp\node_modules\react-native-pager-view\android\build\intermediates\merged_res\release\mergeReleaseResources\values-zu\values-zu.xml to C:\Users\dctm1\YongStudyApp\node_modules\react-native-pager-view\android\build\intermediates\verified_library_resources\release\verifyReleaseResources\compiled\values-zu_values-zu.arsc.flat
Compiling image file C:\Users\dctm1\YongStudyApp\node_modules\react-native-pager-view\android\build\intermediates\merged_res\release\mergeReleaseResources\drawable-xxxhdpi-v4\abc_btn_check_to_on_mtrl_000.png
Compiling file C:\Users\dctm1\YongStudyApp\node_modules\react-native-pager-view\android\build\intermediates\merged_res\release\mergeReleaseResources\drawable-xxxhdpi-v4\abc_btn_check_to_on_mtrl_000.png to C:\Users\dctm1\YongStudyApp\node_modules\react-native-pager-view\android\build\intermediates\verified_library_resources\release\verifyReleaseResources\compiled\drawable-xxxhdpi-v4_abc_btn_check_to_on_mtrl_000.png.flat
Compiling image file C:\Users\dctm1\YongStudyApp\node_modules\react-native-pager-view\android\build\intermediates\merged_res\release\mergeReleaseResources\drawable-xxxhdpi-v4\ic_call_decline.png
Compiling file C:\Users\dctm1\YongStudyApp\node_modules\react-native-pager-view\android\build\intermediates\merged_res\release\mergeReleaseResources\drawable-xxxhdpi-v4\ic_call_decline.png to C:\Users\dctm1\YongStudyApp\node_modules\react-native-pager-view\android\build\intermediates\verified_library_resources\release\verifyReleaseResources\compiled\drawable-xxxhdpi-v4_ic_call_decline.png.flat
Compiling xml file C:\Users\dctm1\YongStudyApp\node_modules\react-native-pager-view\android\build\intermediates\merged_res\release\mergeReleaseResources\layout\abc_action_menu_item_layout.xml to C:\Users\dctm1\YongStudyApp\node_modules\react-native-pager-view\android\build\intermediates\verified_library_resources\release\verifyReleaseResources\compiled\layout_abc_action_menu_item_layout.xml.flat
Compiling xml file C:\Users\dctm1\YongStudyApp\node_modules\react-native-pager-view\android\build\intermediates\merged_res\release\mergeReleaseResources\layout\abc_list_menu_item_checkbox.xml to C:\Users\dctm1\YongStudyApp\node_modules\react-native-pager-view\android\build\intermediates\verified_library_resources\release\verifyReleaseResources\compiled\layout_abc_list_menu_item_checkbox.xml.flat
Compiling xml file C:\Users\dctm1\YongStudyApp\node_modules\react-native-pager-view\android\build\intermediates\merged_res\release\mergeReleaseResources\layout\abc_select_dialog_material.xml to C:\Users\dctm1\YongStudyApp\node_modules\react-native-pager-view\android\build\intermediates\verified_library_resources\release\verifyReleaseResources\compiled\layout_abc_select_dialog_material.xml.flat
Compiling xml file C:\Users\dctm1\YongStudyApp\node_modules\react-native-pager-view\android\build\intermediates\merged_res\release\mergeReleaseResources\layout\redbox_item_frame.xml to C:\Users\dctm1\YongStudyApp\node_modules\react-native-pager-view\android\build\intermediates\verified_library_resources\release\verifyReleaseResources\compiled\layout_redbox_item_frame.xml.flat
Compiling xml file C:\Users\dctm1\YongStudyApp\node_modules\react-native-pager-view\android\build\intermediates\merged_res\release\mergeReleaseResources\layout-watch-v20\abc_alert_dialog_button_bar_material.xml to C:\Users\dctm1\YongStudyApp\node_modules\react-native-pager-view\android\build\intermediates\verified_library_resources\release\verifyReleaseResources\compiled\layout-watch-v20_abc_alert_dialog_button_bar_material.xml.flat
Compiling XML table C:\Users\dctm1\YongStudyApp\node_modules\react-native-pager-view\android\build\intermediates\merged_res\release\mergeReleaseResources\values-bs\values-bs.xml to C:\Users\dctm1\YongStudyApp\node_modules\react-native-pager-view\android\build\intermediates\verified_library_resources\release\verifyReleaseResources\compiled\values-bs_values-bs.arsc.flat
Compiling XML table C:\Users\dctm1\YongStudyApp\node_modules\react-native-pager-view\android\build\intermediates\merged_res\release\mergeReleaseResources\values-es-rES\values-es-rES.xml to C:\Users\dctm1\YongStudyApp\node_modules\react-native-pager-view\android\build\intermediates\verified_library_resources\release\verifyReleaseResources\compiled\values-es-rES_values-es-rES.arsc.flat
Compiling XML table C:\Users\dctm1\YongStudyApp\node_modules\react-native-pager-view\android\build\intermediates\merged_res\release\mergeReleaseResources\values-hi\values-hi.xml to C:\Users\dctm1\YongStudyApp\node_modules\react-native-pager-view\android\build\intermediates\verified_library_resources\release\verifyReleaseResources\compiled\values-hi_values-hi.arsc.flat
Compiling XML table C:\Users\dctm1\YongStudyApp\node_modules\react-native-pager-view\android\build\intermediates\merged_res\release\mergeReleaseResources\values-kn\values-kn.xml to C:\Users\dctm1\YongStudyApp\node_modules\react-native-pager-view\android\build\intermediates\verified_library_resources\release\verifyReleaseResources\compiled\values-kn_values-kn.arsc.flat
Compiling XML table C:\Users\dctm1\YongStudyApp\node_modules\react-native-pager-view\android\build\intermediates\merged_res\release\mergeReleaseResources\values-mr\values-mr.xml to C:\Users\dctm1\YongStudyApp\node_modules\react-native-pager-view\android\build\intermediates\verified_library_resources\release\verifyReleaseResources\compiled\values-mr_values-mr.arsc.flat
Compiling XML table C:\Users\dctm1\YongStudyApp\node_modules\react-native-pager-view\android\build\intermediates\merged_res\release\mergeReleaseResources\values-pt-rBR\values-pt-rBR.xml to C:\Users\dctm1\YongStudyApp\node_modules\react-native-pager-view\android\build\intermediates\verified_library_resources\release\verifyReleaseResources\compiled\values-pt-rBR_values-pt-rBR.arsc.flat
Compiling XML table C:\Users\dctm1\YongStudyApp\node_modules\react-native-pager-view\android\build\intermediates\merged_res\release\mergeReleaseResources\values-ta\values-ta.xml to C:\Users\dctm1\YongStudyApp\node_modules\react-native-pager-view\android\build\intermediates\verified_library_resources\release\verifyReleaseResources\compiled\values-ta_values-ta.arsc.flat
Compiling XML table C:\Users\dctm1\YongStudyApp\node_modules\react-native-pager-view\android\build\intermediates\merged_res\release\mergeReleaseResources\values-v22\values-v22.xml to C:\Users\dctm1\YongStudyApp\node_modules\react-native-pager-view\android\build\intermediates\verified_library_resources\release\verifyReleaseResources\compiled\values-v22_values-v22.arsc.flat
Compiling XML table C:\Users\dctm1\YongStudyApp\node_modules\react-native-pager-view\android\build\intermediates\merged_res\release\mergeReleaseResources\values-zh-rTW\values-zh-rTW.xml to C:\Users\dctm1\YongStudyApp\node_modules\react-native-pager-view\android\build\intermediates\verified_library_resources\release\verifyReleaseResources\compiled\values-zh-rTW_values-zh-rTW.arsc.flat
Compiling xml file C:\Users\dctm1\YongStudyApp\node_modules\react-native-pager-view\android\build\intermediates\merged_res\release\mergeReleaseResources\anim\abc_popup_enter.xml to C:\Users\dctm1\YongStudyApp\node_modules\react-native-pager-view\android\build\intermediates\verified_library_resources\release\verifyReleaseResources\compiled\anim_abc_popup_enter.xml.flat
Compiling xml file C:\Users\dctm1\YongStudyApp\node_modules\react-native-pager-view\android\build\intermediates\merged_res\release\mergeReleaseResources\anim\btn_checkbox_to_unchecked_box_inner_merged_animation.xml to C:\Users\dctm1\YongStudyApp\node_modules\react-native-pager-view\android\build\intermediates\verified_library_resources\release\verifyReleaseResources\compiled\anim_btn_checkbox_to_unchecked_box_inner_merged_animation.xml.flat
Compiling xml file C:\Users\dctm1\YongStudyApp\node_modules\react-native-pager-view\android\build\intermediates\merged_res\release\mergeReleaseResources\anim\catalyst_push_up_out.xml to C:\Users\dctm1\YongStudyApp\node_modules\react-native-pager-view\android\build\intermediates\verified_library_resources\release\verifyReleaseResources\compiled\anim_catalyst_push_up_out.xml.flat
Compiling xml file C:\Users\dctm1\YongStudyApp\node_modules\react-native-pager-view\android\build\intermediates\merged_res\release\mergeReleaseResources\color\abc_hint_foreground_material_dark.xml to C:\Users\dctm1\YongStudyApp\node_modules\react-native-pager-view\android\build\intermediates\verified_library_resources\release\verifyReleaseResources\compiled\color_abc_hint_foreground_material_dark.xml.flat
Compiling xml file C:\Users\dctm1\YongStudyApp\node_modules\react-native-pager-view\android\build\intermediates\merged_res\release\mergeReleaseResources\color-v23\abc_btn_colored_text_material.xml to C:\Users\dctm1\YongStudyApp\node_modules\react-native-pager-view\android\build\intermediates\verified_library_resources\release\verifyReleaseResources\compiled\color-v23_abc_btn_colored_text_material.xml.flat
Compiling xml file C:\Users\dctm1\YongStudyApp\node_modules\react-native-pager-view\android\build\intermediates\merged_res\release\mergeReleaseResources\drawable\abc_btn_radio_material.xml to C:\Users\dctm1\YongStudyApp\node_modules\react-native-pager-view\android\build\intermediates\verified_library_resources\release\verifyReleaseResources\compiled\drawable_abc_btn_radio_material.xml.flat
Compiling xml file C:\Users\dctm1\YongStudyApp\node_modules\react-native-pager-view\android\build\intermediates\merged_res\release\mergeReleaseResources\drawable\abc_ic_menu_selectall_mtrl_alpha.xml to C:\Users\dctm1\YongStudyApp\node_modules\react-native-pager-view\android\build\intermediates\verified_library_resources\release\verifyReleaseResources\compiled\drawable_abc_ic_menu_selectall_mtrl_alpha.xml.flat
Compiling xml file C:\Users\dctm1\YongStudyApp\node_modules\react-native-pager-view\android\build\intermediates\merged_res\release\mergeReleaseResources\drawable\abc_ratingbar_small_material.xml to C:\Users\dctm1\YongStudyApp\node_modules\react-native-pager-view\android\build\intermediates\verified_library_resources\release\verifyReleaseResources\compiled\drawable_abc_ratingbar_small_material.xml.flat
Compiling xml file C:\Users\dctm1\YongStudyApp\node_modules\react-native-pager-view\android\build\intermediates\merged_res\release\mergeReleaseResources\drawable\btn_checkbox_checked_mtrl.xml to C:\Users\dctm1\YongStudyApp\node_modules\react-native-pager-view\android\build\intermediates\verified_library_resources\release\verifyReleaseResources\compiled\drawable_btn_checkbox_checked_mtrl.xml.flat
Compiling xml file C:\Users\dctm1\YongStudyApp\node_modules\react-native-pager-view\android\build\intermediates\merged_res\release\mergeReleaseResources\drawable\paused_in_debugger_background.xml to C:\Users\dctm1\YongStudyApp\node_modules\react-native-pager-view\android\build\intermediates\verified_library_resources\release\verifyReleaseResources\compiled\drawable_paused_in_debugger_background.xml.flat
Compiling xml file C:\Users\dctm1\YongStudyApp\node_modules\react-native-pager-view\android\build\intermediates\merged_res\release\mergeReleaseResources\drawable-anydpi-v21\ic_call_decline_low.xml to C:\Users\dctm1\YongStudyApp\node_modules\react-native-pager-view\android\build\intermediates\verified_library_resources\release\verifyReleaseResources\compiled\drawable-anydpi-v21_ic_call_decline_low.xml.flat
Compiling xml file C:\Users\dctm1\YongStudyApp\node_modules\react-native-pager-view\android\build\intermediates\merged_res\release\mergeReleaseResources\anim\abc_tooltip_enter.xml to C:\Users\dctm1\YongStudyApp\node_modules\react-native-pager-view\android\build\intermediates\verified_library_resources\release\verifyReleaseResources\compiled\anim_abc_tooltip_enter.xml.flat
Compiling image file C:\Users\dctm1\YongStudyApp\node_modules\react-native-pager-view\android\build\intermediates\merged_res\release\mergeReleaseResources\drawable-hdpi-v4\ic_call_answer.png
Compiling file C:\Users\dctm1\YongStudyApp\node_modules\react-native-pager-view\android\build\intermediates\merged_res\release\mergeReleaseResources\drawable-hdpi-v4\ic_call_answer.png to C:\Users\dctm1\YongStudyApp\node_modules\react-native-pager-view\android\build\intermediates\verified_library_resources\release\verifyReleaseResources\compiled\drawable-hdpi-v4_ic_call_answer.png.flat
Compiling xml file C:\Users\dctm1\YongStudyApp\node_modules\react-native-pager-view\android\build\intermediates\merged_res\release\mergeReleaseResources\anim\abc_grow_fade_in_from_bottom.xml to C:\Users\dctm1\YongStudyApp\node_modules\react-native-pager-view\android\build\intermediates\verified_library_resources\release\verifyReleaseResources\compiled\anim_abc_grow_fade_in_from_bottom.xml.flat
Compiling xml file C:\Users\dctm1\YongStudyApp\node_modules\react-native-pager-view\android\build\intermediates\merged_res\release\mergeReleaseResources\anim\abc_fade_out.xml to C:\Users\dctm1\YongStudyApp\node_modules\react-native-pager-view\android\build\intermediates\verified_library_resources\release\verifyReleaseResources\compiled\anim_abc_fade_out.xml.flat
Compiling xml file C:\Users\dctm1\YongStudyApp\node_modules\react-native-pager-view\android\build\intermediates\merged_res\release\mergeReleaseResources\anim\btn_radio_to_on_mtrl_ring_outer_animation.xml to C:\Users\dctm1\YongStudyApp\node_modules\react-native-pager-view\android\build\intermediates\verified_library_resources\release\verifyReleaseResources\compiled\anim_btn_radio_to_on_mtrl_ring_outer_animation.xml.flat
Compiling xml file C:\Users\dctm1\YongStudyApp\node_modules\react-native-pager-view\android\build\intermediates\merged_res\release\mergeReleaseResources\animator\fragment_fade_exit.xml to C:\Users\dctm1\YongStudyApp\node_modules\react-native-pager-view\android\build\intermediates\verified_library_resources\release\verifyReleaseResources\compiled\animator_fragment_fade_exit.xml.flat
Compiling xml file C:\Users\dctm1\YongStudyApp\node_modules\react-native-pager-view\android\build\intermediates\merged_res\release\mergeReleaseResources\color\abc_secondary_text_material_dark.xml to C:\Users\dctm1\YongStudyApp\node_modules\react-native-pager-view\android\build\intermediates\verified_library_resources\release\verifyReleaseResources\compiled\color_abc_secondary_text_material_dark.xml.flat
Compiling xml file C:\Users\dctm1\YongStudyApp\node_modules\react-native-pager-view\android\build\intermediates\merged_res\release\mergeReleaseResources\color-v23\abc_tint_switch_track.xml to C:\Users\dctm1\YongStudyApp\node_modules\react-native-pager-view\android\build\intermediates\verified_library_resources\release\verifyReleaseResources\compiled\color-v23_abc_tint_switch_track.xml.flat
Compiling xml file C:\Users\dctm1\YongStudyApp\node_modules\react-native-pager-view\android\build\intermediates\merged_res\release\mergeReleaseResources\drawable\abc_ic_go_search_api_material.xml to C:\Users\dctm1\YongStudyApp\node_modules\react-native-pager-view\android\build\intermediates\verified_library_resources\release\verifyReleaseResources\compiled\drawable_abc_ic_go_search_api_material.xml.flat
Compiling xml file C:\Users\dctm1\YongStudyApp\node_modules\react-native-pager-view\android\build\intermediates\merged_res\release\mergeReleaseResources\drawable\abc_list_selector_background_transition_holo_light.xml to C:\Users\dctm1\YongStudyApp\node_modules\react-native-pager-view\android\build\intermediates\verified_library_resources\release\verifyReleaseResources\compiled\drawable_abc_list_selector_background_transition_holo_light.xml.flat
Compiling xml file C:\Users\dctm1\YongStudyApp\node_modules\react-native-pager-view\android\build\intermediates\merged_res\release\mergeReleaseResources\drawable\abc_switch_thumb_material.xml to C:\Users\dctm1\YongStudyApp\node_modules\react-native-pager-view\android\build\intermediates\verified_library_resources\release\verifyReleaseResources\compiled\drawable_abc_switch_thumb_material.xml.flat
Compiling xml file C:\Users\dctm1\YongStudyApp\node_modules\react-native-pager-view\android\build\intermediates\merged_res\release\mergeReleaseResources\drawable\btn_radio_on_to_off_mtrl_animation.xml to C:\Users\dctm1\YongStudyApp\node_modules\react-native-pager-view\android\build\intermediates\verified_library_resources\release\verifyReleaseResources\compiled\drawable_btn_radio_on_to_off_mtrl_animation.xml.flat
Compiling xml file C:\Users\dctm1\YongStudyApp\node_modules\react-native-pager-view\android\build\intermediates\merged_res\release\mergeReleaseResources\drawable-anydpi-v21\ic_call_answer.xml to C:\Users\dctm1\YongStudyApp\node_modules\react-native-pager-view\android\build\intermediates\verified_library_resources\release\verifyReleaseResources\compiled\drawable-anydpi-v21_ic_call_answer.xml.flat
Compiling image file C:\Users\dctm1\YongStudyApp\node_modules\react-native-pager-view\android\build\intermediates\merged_res\release\mergeReleaseResources\drawable-hdpi-v4\abc_scrubber_control_to_pressed_mtrl_000.png
Compiling file C:\Users\dctm1\YongStudyApp\node_modules\react-native-pager-view\android\build\intermediates\merged_res\release\mergeReleaseResources\drawable-hdpi-v4\abc_scrubber_control_to_pressed_mtrl_000.png to C:\Users\dctm1\YongStudyApp\node_modules\react-native-pager-view\android\build\intermediates\verified_library_resources\release\verifyReleaseResources\compiled\drawable-hdpi-v4_abc_scrubber_control_to_pressed_mtrl_000.png.flat
Compiling image file C:\Users\dctm1\YongStudyApp\node_modules\react-native-pager-view\android\build\intermediates\merged_res\release\mergeReleaseResources\drawable-hdpi-v4\notification_oversize_large_icon_bg.png
Compiling file C:\Users\dctm1\YongStudyApp\node_modules\react-native-pager-view\android\build\intermediates\merged_res\release\mergeReleaseResources\drawable-hdpi-v4\notification_oversize_large_icon_bg.png to C:\Users\dctm1\YongStudyApp\node_modules\react-native-pager-view\android\build\intermediates\verified_library_resources\release\verifyReleaseResources\compiled\drawable-hdpi-v4_notification_oversize_large_icon_bg.png.flat
Compiling xml file C:\Users\dctm1\YongStudyApp\node_modules\react-native-pager-view\android\build\intermediates\merged_res\release\mergeReleaseResources\anim\btn_checkbox_to_checked_icon_null_animation.xml to C:\Users\dctm1\YongStudyApp\node_modules\react-native-pager-view\android\build\intermediates\verified_library_resources\release\verifyReleaseResources\compiled\anim_btn_checkbox_to_checked_icon_null_animation.xml.flat
Compiling image file C:\Users\dctm1\YongStudyApp\node_modules\react-native-pager-view\android\build\intermediates\merged_res\release\mergeReleaseResources\drawable-mdpi-v4\abc_ic_commit_search_api_mtrl_alpha.png
Compiling file C:\Users\dctm1\YongStudyApp\node_modules\react-native-pager-view\android\build\intermediates\merged_res\release\mergeReleaseResources\drawable-mdpi-v4\abc_ic_commit_search_api_mtrl_alpha.png to C:\Users\dctm1\YongStudyApp\node_modules\react-native-pager-view\android\build\intermediates\verified_library_resources\release\verifyReleaseResources\compiled\drawable-mdpi-v4_abc_ic_commit_search_api_mtrl_alpha.png.flat
Compiling image file C:\Users\dctm1\YongStudyApp\node_modules\react-native-pager-view\android\build\intermediates\merged_res\release\mergeReleaseResources\drawable-ldpi-v4\ic_call_answer_video_low.png
Compiling file C:\Users\dctm1\YongStudyApp\node_modules\react-native-pager-view\android\build\intermediates\merged_res\release\mergeReleaseResources\drawable-ldpi-v4\ic_call_answer_video_low.png to C:\Users\dctm1\YongStudyApp\node_modules\react-native-pager-view\android\build\intermediates\verified_library_resources\release\verifyReleaseResources\compiled\drawable-ldpi-v4_ic_call_answer_video_low.png.flat
Compiling xml file C:\Users\dctm1\YongStudyApp\node_modules\react-native-pager-view\android\build\intermediates\merged_res\release\mergeReleaseResources\anim\btn_checkbox_to_checked_box_outer_merged_animation.xml to C:\Users\dctm1\YongStudyApp\node_modules\react-native-pager-view\android\build\intermediates\verified_library_resources\release\verifyReleaseResources\compiled\anim_btn_checkbox_to_checked_box_outer_merged_animation.xml.flat
Compiling image file C:\Users\dctm1\YongStudyApp\node_modules\react-native-pager-view\android\build\intermediates\merged_res\release\mergeReleaseResources\drawable-mdpi-v4\ic_call_decline_low.png
Compiling file C:\Users\dctm1\YongStudyApp\node_modules\react-native-pager-view\android\build\intermediates\merged_res\release\mergeReleaseResources\drawable-mdpi-v4\ic_call_decline_low.png to C:\Users\dctm1\YongStudyApp\node_modules\react-native-pager-view\android\build\intermediates\verified_library_resources\release\verifyReleaseResources\compiled\drawable-mdpi-v4_ic_call_decline_low.png.flat
Compiling image file C:\Users\dctm1\YongStudyApp\node_modules\react-native-pager-view\android\build\intermediates\merged_res\release\mergeReleaseResources\drawable-mdpi-v4\abc_text_select_handle_middle_mtrl.png
Compiling xml file C:\Users\dctm1\YongStudyApp\node_modules\react-native-pager-view\android\build\intermediates\merged_res\release\mergeReleaseResources\anim\catalyst_push_up_in.xml to C:\Users\dctm1\YongStudyApp\node_modules\react-native-pager-view\android\build\intermediates\verified_library_resources\release\verifyReleaseResources\compiled\anim_catalyst_push_up_in.xml.flat
Compiling file C:\Users\dctm1\YongStudyApp\node_modules\react-native-pager-view\android\build\intermediates\merged_res\release\mergeReleaseResources\drawable-mdpi-v4\abc_text_select_handle_middle_mtrl.png to C:\Users\dctm1\YongStudyApp\node_modules\react-native-pager-view\android\build\intermediates\verified_library_resources\release\verifyReleaseResources\compiled\drawable-mdpi-v4_abc_text_select_handle_middle_mtrl.png.flat
Compiling xml file C:\Users\dctm1\YongStudyApp\node_modules\react-native-pager-view\android\build\intermediates\merged_res\release\mergeReleaseResources\anim\catalyst_fade_out.xml to C:\Users\dctm1\YongStudyApp\node_modules\react-native-pager-view\android\build\intermediates\verified_library_resources\release\verifyReleaseResources\compiled\anim_catalyst_fade_out.xml.flat
Compiling image file C:\Users\dctm1\YongStudyApp\node_modules\react-native-pager-view\android\build\intermediates\merged_res\release\mergeReleaseResources\drawable-xhdpi-v4\abc_btn_check_to_on_mtrl_000.png
Compiling file C:\Users\dctm1\YongStudyApp\node_modules\react-native-pager-view\android\build\intermediates\merged_res\release\mergeReleaseResources\drawable-xhdpi-v4\abc_btn_check_to_on_mtrl_000.png to C:\Users\dctm1\YongStudyApp\node_modules\react-native-pager-view\android\build\intermediates\verified_library_resources\release\verifyReleaseResources\compiled\drawable-xhdpi-v4_abc_btn_check_to_on_mtrl_000.png.flat
Compiling xml file C:\Users\dctm1\YongStudyApp\node_modules\react-native-pager-view\android\build\intermediates\merged_res\release\mergeReleaseResources\color\abc_background_cache_hint_selector_material_light.xml to C:\Users\dctm1\YongStudyApp\node_modules\react-native-pager-view\android\build\intermediates\verified_library_resources\release\verifyReleaseResources\compiled\color_abc_background_cache_hint_selector_material_light.xml.flat
Compiling image file C:\Users\dctm1\YongStudyApp\node_modules\react-native-pager-view\android\build\intermediates\merged_res\release\mergeReleaseResources\drawable-xhdpi-v4\ic_call_answer_low.png
Compiling file C:\Users\dctm1\YongStudyApp\node_modules\react-native-pager-view\android\build\intermediates\merged_res\release\mergeReleaseResources\drawable-xhdpi-v4\ic_call_answer_low.png to C:\Users\dctm1\YongStudyApp\node_modules\react-native-pager-view\android\build\intermediates\verified_library_resources\release\verifyReleaseResources\compiled\drawable-xhdpi-v4_ic_call_answer_low.png.flat
Compiling xml file C:\Users\dctm1\YongStudyApp\node_modules\react-native-pager-view\android\build\intermediates\merged_res\release\mergeReleaseResources\color\abc_background_cache_hint_selector_material_dark.xml to C:\Users\dctm1\YongStudyApp\node_modules\react-native-pager-view\android\build\intermediates\verified_library_resources\release\verifyReleaseResources\compiled\color_abc_background_cache_hint_selector_material_dark.xml.flat
Compiling xml file C:\Users\dctm1\YongStudyApp\node_modules\react-native-pager-view\android\build\intermediates\merged_res\release\mergeReleaseResources\drawable-v21\abc_dialog_material_background.xml to C:\Users\dctm1\YongStudyApp\node_modules\react-native-pager-view\android\build\intermediates\verified_library_resources\release\verifyReleaseResources\compiled\drawable-v21_abc_dialog_material_background.xml.flat
Compiling xml file C:\Users\dctm1\YongStudyApp\node_modules\react-native-pager-view\android\build\intermediates\merged_res\release\mergeReleaseResources\color-v23\abc_btn_colored_borderless_text_material.xml to C:\Users\dctm1\YongStudyApp\node_modules\react-native-pager-view\android\build\intermediates\verified_library_resources\release\verifyReleaseResources\compiled\color-v23_abc_btn_colored_borderless_text_material.xml.flat
Compiling image file C:\Users\dctm1\YongStudyApp\node_modules\react-native-pager-view\android\build\intermediates\merged_res\release\mergeReleaseResources\drawable-xxhdpi-v4\abc_scrubber_control_off_mtrl_alpha.png
Compiling file C:\Users\dctm1\YongStudyApp\node_modules\react-native-pager-view\android\build\intermediates\merged_res\release\mergeReleaseResources\drawable-xxhdpi-v4\abc_scrubber_control_off_mtrl_alpha.png to C:\Users\dctm1\YongStudyApp\node_modules\react-native-pager-view\android\build\intermediates\verified_library_resources\release\verifyReleaseResources\compiled\drawable-xxhdpi-v4_abc_scrubber_control_off_mtrl_alpha.png.flat
Compiling xml file C:\Users\dctm1\YongStudyApp\node_modules\react-native-pager-view\android\build\intermediates\merged_res\release\mergeReleaseResources\drawable\abc_btn_default_mtrl_shape.xml to C:\Users\dctm1\YongStudyApp\node_modules\react-native-pager-view\android\build\intermediates\verified_library_resources\release\verifyReleaseResources\compiled\drawable_abc_btn_default_mtrl_shape.xml.flat
Compiling xml file C:\Users\dctm1\YongStudyApp\node_modules\react-native-pager-view\android\build\intermediates\merged_res\release\mergeReleaseResources\color\switch_thumb_material_light.xml to C:\Users\dctm1\YongStudyApp\node_modules\react-native-pager-view\android\build\intermediates\verified_library_resources\release\verifyReleaseResources\compiled\color_switch_thumb_material_light.xml.flat
Compiling image file C:\Users\dctm1\YongStudyApp\node_modules\react-native-pager-view\android\build\intermediates\merged_res\release\mergeReleaseResources\drawable-xhdpi-v4\abc_scrubber_control_off_mtrl_alpha.png
Compiling image file C:\Users\dctm1\YongStudyApp\node_modules\react-native-pager-view\android\build\intermediates\merged_res\release\mergeReleaseResources\drawable-xxhdpi-v4\ic_resume.png
Compiling file C:\Users\dctm1\YongStudyApp\node_modules\react-native-pager-view\android\build\intermediates\merged_res\release\mergeReleaseResources\drawable-xhdpi-v4\abc_scrubber_control_off_mtrl_alpha.png to C:\Users\dctm1\YongStudyApp\node_modules\react-native-pager-view\android\build\intermediates\verified_library_resources\release\verifyReleaseResources\compiled\drawable-xhdpi-v4_abc_scrubber_control_off_mtrl_alpha.png.flat
Compiling file C:\Users\dctm1\YongStudyApp\node_modules\react-native-pager-view\android\build\intermediates\merged_res\release\mergeReleaseResources\drawable-xxhdpi-v4\ic_resume.png to C:\Users\dctm1\YongStudyApp\node_modules\react-native-pager-view\android\build\intermediates\verified_library_resources\release\verifyReleaseResources\compiled\drawable-xxhdpi-v4_ic_resume.png.flat
Compiling xml file C:\Users\dctm1\YongStudyApp\node_modules\react-native-pager-view\android\build\intermediates\merged_res\release\mergeReleaseResources\drawable\abc_ic_menu_paste_mtrl_am_alpha.xml to C:\Users\dctm1\YongStudyApp\node_modules\react-native-pager-view\android\build\intermediates\verified_library_resources\release\verifyReleaseResources\compiled\drawable_abc_ic_menu_paste_mtrl_am_alpha.xml.flat
Compiling xml file C:\Users\dctm1\YongStudyApp\node_modules\react-native-pager-view\android\build\intermediates\merged_res\release\mergeReleaseResources\drawable\abc_btn_check_material_anim.xml to C:\Users\dctm1\YongStudyApp\node_modules\react-native-pager-view\android\build\intermediates\verified_library_resources\release\verifyReleaseResources\compiled\drawable_abc_btn_check_material_anim.xml.flat
Compiling image file C:\Users\dctm1\YongStudyApp\node_modules\react-native-pager-view\android\build\intermediates\merged_res\release\mergeReleaseResources\drawable-xxxhdpi-v4\ic_call_answer_video_low.png
Compiling file C:\Users\dctm1\YongStudyApp\node_modules\react-native-pager-view\android\build\intermediates\merged_res\release\mergeReleaseResources\drawable-xxxhdpi-v4\ic_call_answer_video_low.png to C:\Users\dctm1\YongStudyApp\node_modules\react-native-pager-view\android\build\intermediates\verified_library_resources\release\verifyReleaseResources\compiled\drawable-xxxhdpi-v4_ic_call_answer_video_low.png.flat
Compiling xml file C:\Users\dctm1\YongStudyApp\node_modules\react-native-pager-view\android\build\intermediates\merged_res\release\mergeReleaseResources\drawable\abc_ratingbar_material.xml to C:\Users\dctm1\YongStudyApp\node_modules\react-native-pager-view\android\build\intermediates\verified_library_resources\release\verifyReleaseResources\compiled\drawable_abc_ratingbar_material.xml.flat
Compiling image file C:\Users\dctm1\YongStudyApp\node_modules\react-native-pager-view\android\build\intermediates\merged_res\release\mergeReleaseResources\drawable-xhdpi-v4\ic_resume.png
Compiling file C:\Users\dctm1\YongStudyApp\node_modules\react-native-pager-view\android\build\intermediates\merged_res\release\mergeReleaseResources\drawable-xhdpi-v4\ic_resume.png to C:\Users\dctm1\YongStudyApp\node_modules\react-native-pager-view\android\build\intermediates\verified_library_resources\release\verifyReleaseResources\compiled\drawable-xhdpi-v4_ic_resume.png.flat
Compiling xml file C:\Users\dctm1\YongStudyApp\node_modules\react-native-pager-view\android\build\intermediates\merged_res\release\mergeReleaseResources\drawable\abc_ic_menu_overflow_material.xml to C:\Users\dctm1\YongStudyApp\node_modules\react-native-pager-view\android\build\intermediates\verified_library_resources\release\verifyReleaseResources\compiled\drawable_abc_ic_menu_overflow_material.xml.flat
Compiling xml file C:\Users\dctm1\YongStudyApp\node_modules\react-native-pager-view\android\build\intermediates\merged_res\release\mergeReleaseResources\layout\abc_action_bar_up_container.xml to C:\Users\dctm1\YongStudyApp\node_modules\react-native-pager-view\android\build\intermediates\verified_library_resources\release\verifyReleaseResources\compiled\layout_abc_action_bar_up_container.xml.flat
Compiling xml file C:\Users\dctm1\YongStudyApp\node_modules\react-native-pager-view\android\build\intermediates\merged_res\release\mergeReleaseResources\drawable\abc_vector_test.xml to C:\Users\dctm1\YongStudyApp\node_modules\react-native-pager-view\android\build\intermediates\verified_library_resources\release\verifyReleaseResources\compiled\drawable_abc_vector_test.xml.flat
Compiling xml file C:\Users\dctm1\YongStudyApp\node_modules\react-native-pager-view\android\build\intermediates\merged_res\release\mergeReleaseResources\layout\abc_expanded_menu_layout.xml to C:\Users\dctm1\YongStudyApp\node_modules\react-native-pager-view\android\build\intermediates\verified_library_resources\release\verifyReleaseResources\compiled\layout_abc_expanded_menu_layout.xml.flat
Compiling image file C:\Users\dctm1\YongStudyApp\node_modules\react-native-pager-view\android\build\intermediates\merged_res\release\mergeReleaseResources\drawable-xxhdpi-v4\abc_text_select_handle_right_mtrl.png
Compiling file C:\Users\dctm1\YongStudyApp\node_modules\react-native-pager-view\android\build\intermediates\merged_res\release\mergeReleaseResources\drawable-xxhdpi-v4\abc_text_select_handle_right_mtrl.png to C:\Users\dctm1\YongStudyApp\node_modules\react-native-pager-view\android\build\intermediates\verified_library_resources\release\verifyReleaseResources\compiled\drawable-xxhdpi-v4_abc_text_select_handle_right_mtrl.png.flat
Compiling xml file C:\Users\dctm1\YongStudyApp\node_modules\react-native-pager-view\android\build\intermediates\merged_res\release\mergeReleaseResources\drawable\notification_tile_bg.xml to C:\Users\dctm1\YongStudyApp\node_modules\react-native-pager-view\android\build\intermediates\verified_library_resources\release\verifyReleaseResources\compiled\drawable_notification_tile_bg.xml.flat
Compiling xml file C:\Users\dctm1\YongStudyApp\node_modules\react-native-pager-view\android\build\intermediates\merged_res\release\mergeReleaseResources\drawable\abc_ratingbar_indicator_material.xml to C:\Users\dctm1\YongStudyApp\node_modules\react-native-pager-view\android\build\intermediates\verified_library_resources\release\verifyReleaseResources\compiled\drawable_abc_ratingbar_indicator_material.xml.flat
Compiling xml file C:\Users\dctm1\YongStudyApp\node_modules\react-native-pager-view\android\build\intermediates\merged_res\release\mergeReleaseResources\layout\abc_search_view.xml to C:\Users\dctm1\YongStudyApp\node_modules\react-native-pager-view\android\build\intermediates\verified_library_resources\release\verifyReleaseResources\compiled\layout_abc_search_view.xml.flat
Compiling xml file C:\Users\dctm1\YongStudyApp\node_modules\react-native-pager-view\android\build\intermediates\merged_res\release\mergeReleaseResources\drawable-anydpi-v21\ic_call_decline.xml to C:\Users\dctm1\YongStudyApp\node_modules\react-native-pager-view\android\build\intermediates\verified_library_resources\release\verifyReleaseResources\compiled\drawable-anydpi-v21_ic_call_decline.xml.flat
Compiling image file C:\Users\dctm1\YongStudyApp\node_modules\react-native-pager-view\android\build\intermediates\merged_res\release\mergeReleaseResources\drawable-xxxhdpi-v4\abc_scrubber_control_to_pressed_mtrl_000.png
Compiling file C:\Users\dctm1\YongStudyApp\node_modules\react-native-pager-view\android\build\intermediates\merged_res\release\mergeReleaseResources\drawable-xxxhdpi-v4\abc_scrubber_control_to_pressed_mtrl_000.png to C:\Users\dctm1\YongStudyApp\node_modules\react-native-pager-view\android\build\intermediates\verified_library_resources\release\verifyReleaseResources\compiled\drawable-xxxhdpi-v4_abc_scrubber_control_to_pressed_mtrl_000.png.flat
Compiling xml file C:\Users\dctm1\YongStudyApp\node_modules\react-native-pager-view\android\build\intermediates\merged_res\release\mergeReleaseResources\drawable\abc_textfield_search_material.xml to C:\Users\dctm1\YongStudyApp\node_modules\react-native-pager-view\android\build\intermediates\verified_library_resources\release\verifyReleaseResources\compiled\drawable_abc_textfield_search_material.xml.flat
Compiling xml file C:\Users\dctm1\YongStudyApp\node_modules\react-native-pager-view\android\build\intermediates\merged_res\release\mergeReleaseResources\layout\paused_in_debugger_view.xml to C:\Users\dctm1\YongStudyApp\node_modules\react-native-pager-view\android\build\intermediates\verified_library_resources\release\verifyReleaseResources\compiled\layout_paused_in_debugger_view.xml.flat
Compiling image file C:\Users\dctm1\YongStudyApp\node_modules\react-native-pager-view\android\build\intermediates\merged_res\release\mergeReleaseResources\drawable-hdpi-v4\abc_text_select_handle_right_mtrl.png
Compiling file C:\Users\dctm1\YongStudyApp\node_modules\react-native-pager-view\android\build\intermediates\merged_res\release\mergeReleaseResources\drawable-hdpi-v4\abc_text_select_handle_right_mtrl.png to C:\Users\dctm1\YongStudyApp\node_modules\react-native-pager-view\android\build\intermediates\verified_library_resources\release\verifyReleaseResources\compiled\drawable-hdpi-v4_abc_text_select_handle_right_mtrl.png.flat
Compiling xml file C:\Users\dctm1\YongStudyApp\node_modules\react-native-pager-view\android\build\intermediates\merged_res\release\mergeReleaseResources\interpolator\btn_checkbox_checked_mtrl_animation_interpolator_1.xml to C:\Users\dctm1\YongStudyApp\node_modules\react-native-pager-view\android\build\intermediates\verified_library_resources\release\verifyReleaseResources\compiled\interpolator_btn_checkbox_checked_mtrl_animation_interpolator_1.xml.flat
Compiling xml file C:\Users\dctm1\YongStudyApp\node_modules\react-native-pager-view\android\build\intermediates\merged_res\release\mergeReleaseResources\layout-v26\abc_screen_toolbar.xml to C:\Users\dctm1\YongStudyApp\node_modules\react-native-pager-view\android\build\intermediates\verified_library_resources\release\verifyReleaseResources\compiled\layout-v26_abc_screen_toolbar.xml.flat
Compiling image file C:\Users\dctm1\YongStudyApp\node_modules\react-native-pager-view\android\build\intermediates\merged_res\release\mergeReleaseResources\drawable-ldpi-v4\ic_call_answer_video.png
Compiling file C:\Users\dctm1\YongStudyApp\node_modules\react-native-pager-view\android\build\intermediates\merged_res\release\mergeReleaseResources\drawable-ldpi-v4\ic_call_answer_video.png to C:\Users\dctm1\YongStudyApp\node_modules\react-native-pager-view\android\build\intermediates\verified_library_resources\release\verifyReleaseResources\compiled\drawable-ldpi-v4_ic_call_answer_video.png.flat
Compiling xml file C:\Users\dctm1\YongStudyApp\node_modules\react-native-pager-view\android\build\intermediates\merged_res\release\mergeReleaseResources\drawable\notification_icon_background.xml to C:\Users\dctm1\YongStudyApp\node_modules\react-native-pager-view\android\build\intermediates\verified_library_resources\release\verifyReleaseResources\compiled\drawable_notification_icon_background.xml.flat
Compiling image file C:\Users\dctm1\YongStudyApp\node_modules\react-native-pager-view\android\build\intermediates\merged_res\release\mergeReleaseResources\drawable-mdpi-v4\abc_text_select_handle_left_mtrl.png
Compiling file C:\Users\dctm1\YongStudyApp\node_modules\react-native-pager-view\android\build\intermediates\merged_res\release\mergeReleaseResources\drawable-mdpi-v4\abc_text_select_handle_left_mtrl.png to C:\Users\dctm1\YongStudyApp\node_modules\react-native-pager-view\android\build\intermediates\verified_library_resources\release\verifyReleaseResources\compiled\drawable-mdpi-v4_abc_text_select_handle_left_mtrl.png.flat
Compiling XML table C:\Users\dctm1\YongStudyApp\node_modules\react-native-pager-view\android\build\intermediates\merged_res\release\mergeReleaseResources\values-bn\values-bn.xml to C:\Users\dctm1\YongStudyApp\node_modules\react-native-pager-view\android\build\intermediates\verified_library_resources\release\verifyReleaseResources\compiled\values-bn_values-bn.arsc.flat
Compiling xml file C:\Users\dctm1\YongStudyApp\node_modules\react-native-pager-view\android\build\intermediates\merged_res\release\mergeReleaseResources\drawable-anydpi-v21\ic_call_answer_video_low.xml to C:\Users\dctm1\YongStudyApp\node_modules\react-native-pager-view\android\build\intermediates\verified_library_resources\release\verifyReleaseResources\compiled\drawable-anydpi-v21_ic_call_answer_video_low.xml.flat
Compiling xml file C:\Users\dctm1\YongStudyApp\node_modules\react-native-pager-view\android\build\intermediates\merged_res\release\mergeReleaseResources\layout\abc_activity_chooser_view.xml to C:\Users\dctm1\YongStudyApp\node_modules\react-native-pager-view\android\build\intermediates\verified_library_resources\release\verifyReleaseResources\compiled\layout_abc_activity_chooser_view.xml.flat
Compiling xml file C:\Users\dctm1\YongStudyApp\node_modules\react-native-pager-view\android\build\intermediates\merged_res\release\mergeReleaseResources\drawable-v21\abc_btn_colored_material.xml to C:\Users\dctm1\YongStudyApp\node_modules\react-native-pager-view\android\build\intermediates\verified_library_resources\release\verifyReleaseResources\compiled\drawable-v21_abc_btn_colored_material.xml.flat
Compiling xml file C:\Users\dctm1\YongStudyApp\node_modules\react-native-pager-view\android\build\intermediates\merged_res\release\mergeReleaseResources\layout\abc_popup_menu_header_item_layout.xml to C:\Users\dctm1\YongStudyApp\node_modules\react-native-pager-view\android\build\intermediates\verified_library_resources\release\verifyReleaseResources\compiled\layout_abc_popup_menu_header_item_layout.xml.flat
Compiling image file C:\Users\dctm1\YongStudyApp\node_modules\react-native-pager-view\android\build\intermediates\merged_res\release\mergeReleaseResources\drawable-xhdpi-v4\abc_ic_commit_search_api_mtrl_alpha.png
Compiling file C:\Users\dctm1\YongStudyApp\node_modules\react-native-pager-view\android\build\intermediates\merged_res\release\mergeReleaseResources\drawable-xhdpi-v4\abc_ic_commit_search_api_mtrl_alpha.png to C:\Users\dctm1\YongStudyApp\node_modules\react-native-pager-view\android\build\intermediates\verified_library_resources\release\verifyReleaseResources\compiled\drawable-xhdpi-v4_abc_ic_commit_search_api_mtrl_alpha.png.flat
Compiling image file C:\Users\dctm1\YongStudyApp\node_modules\react-native-pager-view\android\build\intermediates\merged_res\release\mergeReleaseResources\drawable-hdpi-v4\abc_text_select_handle_middle_mtrl.png
Compiling XML table C:\Users\dctm1\YongStudyApp\node_modules\react-native-pager-view\android\build\intermediates\merged_res\release\mergeReleaseResources\values-es\values-es.xml to C:\Users\dctm1\YongStudyApp\node_modules\react-native-pager-view\android\build\intermediates\verified_library_resources\release\verifyReleaseResources\compiled\values-es_values-es.arsc.flat
Compiling file C:\Users\dctm1\YongStudyApp\node_modules\react-native-pager-view\android\build\intermediates\merged_res\release\mergeReleaseResources\drawable-hdpi-v4\abc_text_select_handle_middle_mtrl.png to C:\Users\dctm1\YongStudyApp\node_modules\react-native-pager-view\android\build\intermediates\verified_library_resources\release\verifyReleaseResources\compiled\drawable-hdpi-v4_abc_text_select_handle_middle_mtrl.png.flat
Compiling image file C:\Users\dctm1\YongStudyApp\node_modules\react-native-pager-view\android\build\intermediates\merged_res\release\mergeReleaseResources\drawable-xhdpi-v4\ic_call_decline_low.png
Compiling file C:\Users\dctm1\YongStudyApp\node_modules\react-native-pager-view\android\build\intermediates\merged_res\release\mergeReleaseResources\drawable-xhdpi-v4\ic_call_decline_low.png to C:\Users\dctm1\YongStudyApp\node_modules\react-native-pager-view\android\build\intermediates\verified_library_resources\release\verifyReleaseResources\compiled\drawable-xhdpi-v4_ic_call_decline_low.png.flat
Compiling xml file C:\Users\dctm1\YongStudyApp\node_modules\react-native-pager-view\android\build\intermediates\merged_res\release\mergeReleaseResources\layout\custom_dialog.xml to C:\Users\dctm1\YongStudyApp\node_modules\react-native-pager-view\android\build\intermediates\verified_library_resources\release\verifyReleaseResources\compiled\layout_custom_dialog.xml.flat
Compiling image file C:\Users\dctm1\YongStudyApp\node_modules\react-native-pager-view\android\build\intermediates\merged_res\release\mergeReleaseResources\drawable-ldpi-v4\ic_call_answer_low.png
Compiling file C:\Users\dctm1\YongStudyApp\node_modules\react-native-pager-view\android\build\intermediates\merged_res\release\mergeReleaseResources\drawable-ldpi-v4\ic_call_answer_low.png to C:\Users\dctm1\YongStudyApp\node_modules\react-native-pager-view\android\build\intermediates\verified_library_resources\release\verifyReleaseResources\compiled\drawable-ldpi-v4_ic_call_answer_low.png.flat
Compiling xml file C:\Users\dctm1\YongStudyApp\node_modules\react-native-pager-view\android\build\intermediates\merged_res\release\mergeReleaseResources\layout\select_dialog_multichoice_material.xml to C:\Users\dctm1\YongStudyApp\node_modules\react-native-pager-view\android\build\intermediates\verified_library_resources\release\verifyReleaseResources\compiled\layout_select_dialog_multichoice_material.xml.flat
Compiling XML table C:\Users\dctm1\YongStudyApp\node_modules\react-native-pager-view\android\build\intermediates\merged_res\release\mergeReleaseResources\values-hdpi-v4\values-hdpi-v4.xml to C:\Users\dctm1\YongStudyApp\node_modules\react-native-pager-view\android\build\intermediates\verified_library_resources\release\verifyReleaseResources\compiled\values-hdpi-v4_values-hdpi-v4.arsc.flat
Compiling image file C:\Users\dctm1\YongStudyApp\node_modules\react-native-pager-view\android\build\intermediates\merged_res\release\mergeReleaseResources\drawable-xxhdpi-v4\abc_text_select_handle_middle_mtrl.png
Compiling file C:\Users\dctm1\YongStudyApp\node_modules\react-native-pager-view\android\build\intermediates\merged_res\release\mergeReleaseResources\drawable-xxhdpi-v4\abc_text_select_handle_middle_mtrl.png to C:\Users\dctm1\YongStudyApp\node_modules\react-native-pager-view\android\build\intermediates\verified_library_resources\release\verifyReleaseResources\compiled\drawable-xxhdpi-v4_abc_text_select_handle_middle_mtrl.png.flat
Compiling image file C:\Users\dctm1\YongStudyApp\node_modules\react-native-pager-view\android\build\intermediates\merged_res\release\mergeReleaseResources\drawable-mdpi-v4\abc_scrubber_control_to_pressed_mtrl_005.png
Compiling file C:\Users\dctm1\YongStudyApp\node_modules\react-native-pager-view\android\build\intermediates\merged_res\release\mergeReleaseResources\drawable-mdpi-v4\abc_scrubber_control_to_pressed_mtrl_005.png to C:\Users\dctm1\YongStudyApp\node_modules\react-native-pager-view\android\build\intermediates\verified_library_resources\release\verifyReleaseResources\compiled\drawable-mdpi-v4_abc_scrubber_control_to_pressed_mtrl_005.png.flat
Compiling XML table C:\Users\dctm1\YongStudyApp\node_modules\react-native-pager-view\android\build\intermediates\merged_res\release\mergeReleaseResources\values-am\values-am.xml to C:\Users\dctm1\YongStudyApp\node_modules\react-native-pager-view\android\build\intermediates\verified_library_resources\release\verifyReleaseResources\compiled\values-am_values-am.arsc.flat
Compiling XML table C:\Users\dctm1\YongStudyApp\node_modules\react-native-pager-view\android\build\intermediates\merged_res\release\mergeReleaseResources\values-km\values-km.xml to C:\Users\dctm1\YongStudyApp\node_modules\react-native-pager-view\android\build\intermediates\verified_library_resources\release\verifyReleaseResources\compiled\values-km_values-km.arsc.flat
Compiling image file C:\Users\dctm1\YongStudyApp\node_modules\react-native-pager-view\android\build\intermediates\merged_res\release\mergeReleaseResources\drawable-xxxhdpi-v4\abc_btn_radio_to_on_mtrl_015.png
Compiling file C:\Users\dctm1\YongStudyApp\node_modules\react-native-pager-view\android\build\intermediates\merged_res\release\mergeReleaseResources\drawable-xxxhdpi-v4\abc_btn_radio_to_on_mtrl_015.png to C:\Users\dctm1\YongStudyApp\node_modules\react-native-pager-view\android\build\intermediates\verified_library_resources\release\verifyReleaseResources\compiled\drawable-xxxhdpi-v4_abc_btn_radio_to_on_mtrl_015.png.flat
Compiling xml file C:\Users\dctm1\YongStudyApp\node_modules\react-native-pager-view\android\build\intermediates\merged_res\release\mergeReleaseResources\drawable-v21\abc_action_bar_item_background_material.xml to C:\Users\dctm1\YongStudyApp\node_modules\react-native-pager-view\android\build\intermediates\verified_library_resources\release\verifyReleaseResources\compiled\drawable-v21_abc_action_bar_item_background_material.xml.flat
Compiling XML table C:\Users\dctm1\YongStudyApp\node_modules\react-native-pager-view\android\build\intermediates\merged_res\release\mergeReleaseResources\values-de\values-de.xml to C:\Users\dctm1\YongStudyApp\node_modules\react-native-pager-view\android\build\intermediates\verified_library_resources\release\verifyReleaseResources\compiled\values-de_values-de.arsc.flat
Compiling xml file C:\Users\dctm1\YongStudyApp\node_modules\react-native-pager-view\android\build\intermediates\merged_res\release\mergeReleaseResources\interpolator\btn_checkbox_checked_mtrl_animation_interpolator_0.xml to C:\Users\dctm1\YongStudyApp\node_modules\react-native-pager-view\android\build\intermediates\verified_library_resources\release\verifyReleaseResources\compiled\interpolator_btn_checkbox_checked_mtrl_animation_interpolator_0.xml.flat
Compiling XML table C:\Users\dctm1\YongStudyApp\node_modules\react-native-pager-view\android\build\intermediates\merged_res\release\mergeReleaseResources\values-mn\values-mn.xml to C:\Users\dctm1\YongStudyApp\node_modules\react-native-pager-view\android\build\intermediates\verified_library_resources\release\verifyReleaseResources\compiled\values-mn_values-mn.arsc.flat
Compiling image file C:\Users\dctm1\YongStudyApp\node_modules\react-native-pager-view\android\build\intermediates\merged_res\release\mergeReleaseResources\drawable-xhdpi-v4\abc_btn_radio_to_on_mtrl_015.png
Compiling file C:\Users\dctm1\YongStudyApp\node_modules\react-native-pager-view\android\build\intermediates\merged_res\release\mergeReleaseResources\drawable-xhdpi-v4\abc_btn_radio_to_on_mtrl_015.png to C:\Users\dctm1\YongStudyApp\node_modules\react-native-pager-view\android\build\intermediates\verified_library_resources\release\verifyReleaseResources\compiled\drawable-xhdpi-v4_abc_btn_radio_to_on_mtrl_015.png.flat
Compiling xml file C:\Users\dctm1\YongStudyApp\node_modules\react-native-pager-view\android\build\intermediates\merged_res\release\mergeReleaseResources\layout\abc_action_mode_close_item_material.xml to C:\Users\dctm1\YongStudyApp\node_modules\react-native-pager-view\android\build\intermediates\verified_library_resources\release\verifyReleaseResources\compiled\layout_abc_action_mode_close_item_material.xml.flat
Compiling XML table C:\Users\dctm1\YongStudyApp\node_modules\react-native-pager-view\android\build\intermediates\merged_res\release\mergeReleaseResources\values-pt\values-pt.xml to C:\Users\dctm1\YongStudyApp\node_modules\react-native-pager-view\android\build\intermediates\verified_library_resources\release\verifyReleaseResources\compiled\values-pt_values-pt.arsc.flat
Compiling image file C:\Users\dctm1\YongStudyApp\node_modules\react-native-pager-view\android\build\intermediates\merged_res\release\mergeReleaseResources\drawable-xhdpi-v4\ic_call_decline.png
Compiling file C:\Users\dctm1\YongStudyApp\node_modules\react-native-pager-view\android\build\intermediates\merged_res\release\mergeReleaseResources\drawable-xhdpi-v4\ic_call_decline.png to C:\Users\dctm1\YongStudyApp\node_modules\react-native-pager-view\android\build\intermediates\verified_library_resources\release\verifyReleaseResources\compiled\drawable-xhdpi-v4_ic_call_decline.png.flat
Compiling XML table C:\Users\dctm1\YongStudyApp\node_modules\react-native-pager-view\android\build\intermediates\merged_res\release\mergeReleaseResources\values-fa\values-fa.xml to C:\Users\dctm1\YongStudyApp\node_modules\react-native-pager-view\android\build\intermediates\verified_library_resources\release\verifyReleaseResources\compiled\values-fa_values-fa.arsc.flat
Compiling xml file C:\Users\dctm1\YongStudyApp\node_modules\react-native-pager-view\android\build\intermediates\merged_res\release\mergeReleaseResources\layout\abc_list_menu_item_radio.xml to C:\Users\dctm1\YongStudyApp\node_modules\react-native-pager-view\android\build\intermediates\verified_library_resources\release\verifyReleaseResources\compiled\layout_abc_list_menu_item_radio.xml.flat
Compiling image file C:\Users\dctm1\YongStudyApp\node_modules\react-native-pager-view\android\build\intermediates\merged_res\release\mergeReleaseResources\drawable-xxhdpi-v4\abc_text_select_handle_left_mtrl.png
Compiling XML table C:\Users\dctm1\YongStudyApp\node_modules\react-native-pager-view\android\build\intermediates\merged_res\release\mergeReleaseResources\values-sw600dp-v13\values-sw600dp-v13.xml to C:\Users\dctm1\YongStudyApp\node_modules\react-native-pager-view\android\build\intermediates\verified_library_resources\release\verifyReleaseResources\compiled\values-sw600dp-v13_values-sw600dp-v13.arsc.flat
Compiling XML table C:\Users\dctm1\YongStudyApp\node_modules\react-native-pager-view\android\build\intermediates\merged_res\release\mergeReleaseResources\values-in\values-in.xml to C:\Users\dctm1\YongStudyApp\node_modules\react-native-pager-view\android\build\intermediates\verified_library_resources\release\verifyReleaseResources\compiled\values-in_values-in.arsc.flat
Compiling file C:\Users\dctm1\YongStudyApp\node_modules\react-native-pager-view\android\build\intermediates\merged_res\release\mergeReleaseResources\drawable-xxhdpi-v4\abc_text_select_handle_left_mtrl.png to C:\Users\dctm1\YongStudyApp\node_modules\react-native-pager-view\android\build\intermediates\verified_library_resources\release\verifyReleaseResources\compiled\drawable-xxhdpi-v4_abc_text_select_handle_left_mtrl.png.flat
Compiling xml file C:\Users\dctm1\YongStudyApp\node_modules\react-native-pager-view\android\build\intermediates\merged_res\release\mergeReleaseResources\layout\autofill_inline_suggestion.xml to C:\Users\dctm1\YongStudyApp\node_modules\react-native-pager-view\android\build\intermediates\verified_library_resources\release\verifyReleaseResources\compiled\layout_autofill_inline_suggestion.xml.flat
Compiling XML table C:\Users\dctm1\YongStudyApp\node_modules\react-native-pager-view\android\build\intermediates\merged_res\release\mergeReleaseResources\values-v21\values-v21.xml to C:\Users\dctm1\YongStudyApp\node_modules\react-native-pager-view\android\build\intermediates\verified_library_resources\release\verifyReleaseResources\compiled\values-v21_values-v21.arsc.flat
Compiling image file C:\Users\dctm1\YongStudyApp\node_modules\react-native-pager-view\android\build\intermediates\merged_res\release\mergeReleaseResources\drawable-xxxhdpi-v4\abc_btn_radio_to_on_mtrl_000.png
Compiling file C:\Users\dctm1\YongStudyApp\node_modules\react-native-pager-view\android\build\intermediates\merged_res\release\mergeReleaseResources\drawable-xxxhdpi-v4\abc_btn_radio_to_on_mtrl_000.png to C:\Users\dctm1\YongStudyApp\node_modules\react-native-pager-view\android\build\intermediates\verified_library_resources\release\verifyReleaseResources\compiled\drawable-xxxhdpi-v4_abc_btn_radio_to_on_mtrl_000.png.flat
Compiling xml file C:\Users\dctm1\YongStudyApp\node_modules\react-native-pager-view\android\build\intermediates\merged_res\release\mergeReleaseResources\layout\select_dialog_item_material.xml to C:\Users\dctm1\YongStudyApp\node_modules\react-native-pager-view\android\build\intermediates\verified_library_resources\release\verifyReleaseResources\compiled\layout_select_dialog_item_material.xml.flat
Compiling XML table C:\Users\dctm1\YongStudyApp\node_modules\react-native-pager-view\android\build\intermediates\merged_res\release\mergeReleaseResources\values-large-v4\values-large-v4.xml to C:\Users\dctm1\YongStudyApp\node_modules\react-native-pager-view\android\build\intermediates\verified_library_resources\release\verifyReleaseResources\compiled\values-large-v4_values-large-v4.arsc.flat
Compiling image file C:\Users\dctm1\YongStudyApp\node_modules\react-native-pager-view\android\build\intermediates\merged_res\release\mergeReleaseResources\drawable-xxxhdpi-v4\ic_resume.png
Compiling XML table C:\Users\dctm1\YongStudyApp\node_modules\react-native-pager-view\android\build\intermediates\merged_res\release\mergeReleaseResources\values-af\values-af.xml to C:\Users\dctm1\YongStudyApp\node_modules\react-native-pager-view\android\build\intermediates\verified_library_resources\release\verifyReleaseResources\compiled\values-af_values-af.arsc.flat
Compiling file C:\Users\dctm1\YongStudyApp\node_modules\react-native-pager-view\android\build\intermediates\merged_res\release\mergeReleaseResources\drawable-xxxhdpi-v4\ic_resume.png to C:\Users\dctm1\YongStudyApp\node_modules\react-native-pager-view\android\build\intermediates\verified_library_resources\release\verifyReleaseResources\compiled\drawable-xxxhdpi-v4_ic_resume.png.flat
Compiling XML table C:\Users\dctm1\YongStudyApp\node_modules\react-native-pager-view\android\build\intermediates\merged_res\release\mergeReleaseResources\values-ne\values-ne.xml to C:\Users\dctm1\YongStudyApp\node_modules\react-native-pager-view\android\build\intermediates\verified_library_resources\release\verifyReleaseResources\compiled\values-ne_values-ne.arsc.flat
Compiling XML table C:\Users\dctm1\YongStudyApp\node_modules\react-native-pager-view\android\build\intermediates\merged_res\release\mergeReleaseResources\values-da\values-da.xml to C:\Users\dctm1\YongStudyApp\node_modules\react-native-pager-view\android\build\intermediates\verified_library_resources\release\verifyReleaseResources\compiled\values-da_values-da.arsc.flat
Compiling XML table C:\Users\dctm1\YongStudyApp\node_modules\react-native-pager-view\android\build\intermediates\merged_res\release\mergeReleaseResources\values-si\values-si.xml to C:\Users\dctm1\YongStudyApp\node_modules\react-native-pager-view\android\build\intermediates\verified_library_resources\release\verifyReleaseResources\compiled\values-si_values-si.arsc.flat
Compiling xml file C:\Users\dctm1\YongStudyApp\node_modules\react-native-pager-view\android\build\intermediates\merged_res\release\mergeReleaseResources\layout\abc_action_mode_bar.xml to C:\Users\dctm1\YongStudyApp\node_modules\react-native-pager-view\android\build\intermediates\verified_library_resources\release\verifyReleaseResources\compiled\layout_abc_action_mode_bar.xml.flat
Compiling xml file C:\Users\dctm1\YongStudyApp\node_modules\react-native-pager-view\android\build\intermediates\merged_res\release\mergeReleaseResources\layout\abc_list_menu_item_layout.xml to C:\Users\dctm1\YongStudyApp\node_modules\react-native-pager-view\android\build\intermediates\verified_library_resources\release\verifyReleaseResources\compiled\layout_abc_list_menu_item_layout.xml.flat
Compiling XML table C:\Users\dctm1\YongStudyApp\node_modules\react-native-pager-view\android\build\intermediates\merged_res\release\mergeReleaseResources\values-tr\values-tr.xml to C:\Users\dctm1\YongStudyApp\node_modules\react-native-pager-view\android\build\intermediates\verified_library_resources\release\verifyReleaseResources\compiled\values-tr_values-tr.arsc.flat
Compiling xml file C:\Users\dctm1\YongStudyApp\node_modules\react-native-pager-view\android\build\intermediates\merged_res\release\mergeReleaseResources\layout\alert_title_layout.xml to C:\Users\dctm1\YongStudyApp\node_modules\react-native-pager-view\android\build\intermediates\verified_library_resources\release\verifyReleaseResources\compiled\layout_alert_title_layout.xml.flat
Compiling XML table C:\Users\dctm1\YongStudyApp\node_modules\react-native-pager-view\android\build\intermediates\merged_res\release\mergeReleaseResources\values-v26\values-v26.xml to C:\Users\dctm1\YongStudyApp\node_modules\react-native-pager-view\android\build\intermediates\verified_library_resources\release\verifyReleaseResources\compiled\values-v26_values-v26.arsc.flat
Compiling xml file C:\Users\dctm1\YongStudyApp\node_modules\react-native-pager-view\android\build\intermediates\merged_res\release\mergeReleaseResources\layout\redbox_view.xml to C:\Users\dctm1\YongStudyApp\node_modules\react-native-pager-view\android\build\intermediates\verified_library_resources\release\verifyReleaseResources\compiled\layout_redbox_view.xml.flat
Compiling XML table C:\Users\dctm1\YongStudyApp\node_modules\react-native-pager-view\android\build\intermediates\merged_res\release\mergeReleaseResources\values\values.xml to C:\Users\dctm1\YongStudyApp\node_modules\react-native-pager-view\android\build\intermediates\verified_library_resources\release\verifyReleaseResources\compiled\values_values.arsc.flat
Compiling xml file C:\Users\dctm1\YongStudyApp\node_modules\react-native-pager-view\android\build\intermediates\merged_res\release\mergeReleaseResources\anim\abc_shrink_fade_out_from_bottom.xml to C:\Users\dctm1\YongStudyApp\node_modules\react-native-pager-view\android\build\intermediates\verified_library_resources\release\verifyReleaseResources\compiled\anim_abc_shrink_fade_out_from_bottom.xml.flat
Compiling XML table C:\Users\dctm1\YongStudyApp\node_modules\react-native-pager-view\android\build\intermediates\merged_res\release\mergeReleaseResources\values-eu\values-eu.xml to C:\Users\dctm1\YongStudyApp\node_modules\react-native-pager-view\android\build\intermediates\verified_library_resources\release\verifyReleaseResources\compiled\values-eu_values-eu.arsc.flat
Compiling XML table C:\Users\dctm1\YongStudyApp\node_modules\react-native-pager-view\android\build\intermediates\merged_res\release\mergeReleaseResources\values-zh-rHK\values-zh-rHK.xml to C:\Users\dctm1\YongStudyApp\node_modules\react-native-pager-view\android\build\intermediates\verified_library_resources\release\verifyReleaseResources\compiled\values-zh-rHK_values-zh-rHK.arsc.flat
Compiling xml file C:\Users\dctm1\YongStudyApp\node_modules\react-native-pager-view\android\build\intermediates\merged_res\release\mergeReleaseResources\anim\btn_checkbox_to_unchecked_icon_null_animation.xml to C:\Users\dctm1\YongStudyApp\node_modules\react-native-pager-view\android\build\intermediates\verified_library_resources\release\verifyReleaseResources\compiled\anim_btn_checkbox_to_unchecked_icon_null_animation.xml.flat
Compiling XML table C:\Users\dctm1\YongStudyApp\node_modules\react-native-pager-view\android\build\intermediates\merged_res\release\mergeReleaseResources\values-hy\values-hy.xml to C:\Users\dctm1\YongStudyApp\node_modules\react-native-pager-view\android\build\intermediates\verified_library_resources\release\verifyReleaseResources\compiled\values-hy_values-hy.arsc.flat
Compiling xml file C:\Users\dctm1\YongStudyApp\node_modules\react-native-pager-view\android\build\intermediates\merged_res\release\mergeReleaseResources\anim\catalyst_slide_up.xml to C:\Users\dctm1\YongStudyApp\node_modules\react-native-pager-view\android\build\intermediates\verified_library_resources\release\verifyReleaseResources\compiled\anim_catalyst_slide_up.xml.flat
Compiling xml file C:\Users\dctm1\YongStudyApp\node_modules\react-native-pager-view\android\build\intermediates\merged_res\release\mergeReleaseResources\anim\abc_slide_in_bottom.xml to C:\Users\dctm1\YongStudyApp\node_modules\react-native-pager-view\android\build\intermediates\verified_library_resources\release\verifyReleaseResources\compiled\anim_abc_slide_in_bottom.xml.flat
Compiling XML table C:\Users\dctm1\YongStudyApp\node_modules\react-native-pager-view\android\build\intermediates\merged_res\release\mergeReleaseResources\values-land\values-land.xml to C:\Users\dctm1\YongStudyApp\node_modules\react-native-pager-view\android\build\intermediates\verified_library_resources\release\verifyReleaseResources\compiled\values-land_values-land.arsc.flat
Compiling xml file C:\Users\dctm1\YongStudyApp\node_modules\react-native-pager-view\android\build\intermediates\merged_res\release\mergeReleaseResources\color\abc_primary_text_disable_only_material_dark.xml to C:\Users\dctm1\YongStudyApp\node_modules\react-native-pager-view\android\build\intermediates\verified_library_resources\release\verifyReleaseResources\compiled\color_abc_primary_text_disable_only_material_dark.xml.flat
Compiling xml file C:\Users\dctm1\YongStudyApp\node_modules\react-native-pager-view\android\build\intermediates\merged_res\release\mergeReleaseResources\anim\btn_radio_to_off_mtrl_dot_group_animation.xml to C:\Users\dctm1\YongStudyApp\node_modules\react-native-pager-view\android\build\intermediates\verified_library_resources\release\verifyReleaseResources\compiled\anim_btn_radio_to_off_mtrl_dot_group_animation.xml.flat
Compiling XML table C:\Users\dctm1\YongStudyApp\node_modules\react-native-pager-view\android\build\intermediates\merged_res\release\mergeReleaseResources\values-nb\values-nb.xml to C:\Users\dctm1\YongStudyApp\node_modules\react-native-pager-view\android\build\intermediates\verified_library_resources\release\verifyReleaseResources\compiled\values-nb_values-nb.arsc.flat
Compiling xml file C:\Users\dctm1\YongStudyApp\node_modules\react-native-pager-view\android\build\intermediates\merged_res\release\mergeReleaseResources\color-v23\abc_tint_btn_checkable.xml to C:\Users\dctm1\YongStudyApp\node_modules\react-native-pager-view\android\build\intermediates\verified_library_resources\release\verifyReleaseResources\compiled\color-v23_abc_tint_btn_checkable.xml.flat
Compiling xml file C:\Users\dctm1\YongStudyApp\node_modules\react-native-pager-view\android\build\intermediates\merged_res\release\mergeReleaseResources\anim-v21\fragment_fast_out_extra_slow_in.xml to C:\Users\dctm1\YongStudyApp\node_modules\react-native-pager-view\android\build\intermediates\verified_library_resources\release\verifyReleaseResources\compiled\anim-v21_fragment_fast_out_extra_slow_in.xml.flat
Compiling XML table C:\Users\dctm1\YongStudyApp\node_modules\react-native-pager-view\android\build\intermediates\merged_res\release\mergeReleaseResources\values-ru\values-ru.xml to C:\Users\dctm1\YongStudyApp\node_modules\react-native-pager-view\android\build\intermediates\verified_library_resources\release\verifyReleaseResources\compiled\values-ru_values-ru.arsc.flat
Compiling xml file C:\Users\dctm1\YongStudyApp\node_modules\react-native-pager-view\android\build\intermediates\merged_res\release\mergeReleaseResources\drawable\abc_cab_background_internal_bg.xml to C:\Users\dctm1\YongStudyApp\node_modules\react-native-pager-view\android\build\intermediates\verified_library_resources\release\verifyReleaseResources\compiled\drawable_abc_cab_background_internal_bg.xml.flat
Compiling xml file C:\Users\dctm1\YongStudyApp\node_modules\react-native-pager-view\android\build\intermediates\merged_res\release\mergeReleaseResources\color\abc_primary_text_disable_only_material_light.xml to C:\Users\dctm1\YongStudyApp\node_modules\react-native-pager-view\android\build\intermediates\verified_library_resources\release\verifyReleaseResources\compiled\color_abc_primary_text_disable_only_material_light.xml.flat
Compiling xml file C:\Users\dctm1\YongStudyApp\node_modules\react-native-pager-view\android\build\intermediates\merged_res\release\mergeReleaseResources\drawable\abc_ic_search_api_material.xml to C:\Users\dctm1\YongStudyApp\node_modules\react-native-pager-view\android\build\intermediates\verified_library_resources\release\verifyReleaseResources\compiled\drawable_abc_ic_search_api_material.xml.flat
Compiling xml file C:\Users\dctm1\YongStudyApp\node_modules\react-native-pager-view\android\build\intermediates\merged_res\release\mergeReleaseResources\color-v23\abc_tint_default.xml to C:\Users\dctm1\YongStudyApp\node_modules\react-native-pager-view\android\build\intermediates\verified_library_resources\release\verifyReleaseResources\compiled\color-v23_abc_tint_default.xml.flat
Compiling XML table C:\Users\dctm1\YongStudyApp\node_modules\react-native-pager-view\android\build\intermediates\merged_res\release\mergeReleaseResources\values-tl\values-tl.xml to C:\Users\dctm1\YongStudyApp\node_modules\react-native-pager-view\android\build\intermediates\verified_library_resources\release\verifyReleaseResources\compiled\values-tl_values-tl.arsc.flat
Compiling xml file C:\Users\dctm1\YongStudyApp\node_modules\react-native-pager-view\android\build\intermediates\merged_res\release\mergeReleaseResources\drawable\abc_seekbar_tick_mark_material.xml to C:\Users\dctm1\YongStudyApp\node_modules\react-native-pager-view\android\build\intermediates\verified_library_resources\release\verifyReleaseResources\compiled\drawable_abc_seekbar_tick_mark_material.xml.flat
Compiling xml file C:\Users\dctm1\YongStudyApp\node_modules\react-native-pager-view\android\build\intermediates\merged_res\release\mergeReleaseResources\drawable\abc_cab_background_top_material.xml to C:\Users\dctm1\YongStudyApp\node_modules\react-native-pager-view\android\build\intermediates\verified_library_resources\release\verifyReleaseResources\compiled\drawable_abc_cab_background_top_material.xml.flat
Compiling XML table C:\Users\dctm1\YongStudyApp\node_modules\react-native-pager-view\android\build\intermediates\merged_res\release\mergeReleaseResources\values-v25\values-v25.xml to C:\Users\dctm1\YongStudyApp\node_modules\react-native-pager-view\android\build\intermediates\verified_library_resources\release\verifyReleaseResources\compiled\values-v25_values-v25.arsc.flat
Compiling xml file C:\Users\dctm1\YongStudyApp\node_modules\react-native-pager-view\android\build\intermediates\merged_res\release\mergeReleaseResources\drawable\btn_checkbox_unchecked_mtrl.xml to C:\Users\dctm1\YongStudyApp\node_modules\react-native-pager-view\android\build\intermediates\verified_library_resources\release\verifyReleaseResources\compiled\drawable_btn_checkbox_unchecked_mtrl.xml.flat
Compiling xml file C:\Users\dctm1\YongStudyApp\node_modules\react-native-pager-view\android\build\intermediates\merged_res\release\mergeReleaseResources\drawable\abc_ic_voice_search_api_material.xml to C:\Users\dctm1\YongStudyApp\node_modules\react-native-pager-view\android\build\intermediates\verified_library_resources\release\verifyReleaseResources\compiled\drawable_abc_ic_voice_search_api_material.xml.flat
Compiling xml file C:\Users\dctm1\YongStudyApp\node_modules\react-native-pager-view\android\build\intermediates\merged_res\release\mergeReleaseResources\drawable\abc_seekbar_track_material.xml to C:\Users\dctm1\YongStudyApp\node_modules\react-native-pager-view\android\build\intermediates\verified_library_resources\release\verifyReleaseResources\compiled\drawable_abc_seekbar_track_material.xml.flat
Compiling xml file C:\Users\dctm1\YongStudyApp\node_modules\react-native-pager-view\android\build\intermediates\merged_res\release\mergeReleaseResources\drawable\redbox_top_border_background.xml to C:\Users\dctm1\YongStudyApp\node_modules\react-native-pager-view\android\build\intermediates\verified_library_resources\release\verifyReleaseResources\compiled\drawable_redbox_top_border_background.xml.flat
Compiling xml file C:\Users\dctm1\YongStudyApp\node_modules\react-native-pager-view\android\build\intermediates\merged_res\release\mergeReleaseResources\anim\abc_slide_in_top.xml to C:\Users\dctm1\YongStudyApp\node_modules\react-native-pager-view\android\build\intermediates\verified_library_resources\release\verifyReleaseResources\compiled\anim_abc_slide_in_top.xml.flat
Compiling xml file C:\Users\dctm1\YongStudyApp\node_modules\react-native-pager-view\android\build\intermediates\merged_res\release\mergeReleaseResources\drawable\btn_checkbox_unchecked_to_checked_mtrl_animation.xml to C:\Users\dctm1\YongStudyApp\node_modules\react-native-pager-view\android\build\intermediates\verified_library_resources\release\verifyReleaseResources\compiled\drawable_btn_checkbox_unchecked_to_checked_mtrl_animation.xml.flat
Compiling image file C:\Users\dctm1\YongStudyApp\node_modules\react-native-pager-view\android\build\intermediates\merged_res\release\mergeReleaseResources\drawable-hdpi-v4\abc_btn_check_to_on_mtrl_015.png
Compiling file C:\Users\dctm1\YongStudyApp\node_modules\react-native-pager-view\android\build\intermediates\merged_res\release\mergeReleaseResources\drawable-hdpi-v4\abc_btn_check_to_on_mtrl_015.png to C:\Users\dctm1\YongStudyApp\node_modules\react-native-pager-view\android\build\intermediates\verified_library_resources\release\verifyReleaseResources\compiled\drawable-hdpi-v4_abc_btn_check_to_on_mtrl_015.png.flat
Compiling xml file C:\Users\dctm1\YongStudyApp\node_modules\react-native-pager-view\android\build\intermediates\merged_res\release\mergeReleaseResources\anim\btn_radio_to_off_mtrl_ring_outer_animation.xml to C:\Users\dctm1\YongStudyApp\node_modules\react-native-pager-view\android\build\intermediates\verified_library_resources\release\verifyReleaseResources\compiled\anim_btn_radio_to_off_mtrl_ring_outer_animation.xml.flat
Compiling xml file C:\Users\dctm1\YongStudyApp\node_modules\react-native-pager-view\android\build\intermediates\merged_res\release\mergeReleaseResources\drawable\ripple_effect.xml to C:\Users\dctm1\YongStudyApp\node_modules\react-native-pager-view\android\build\intermediates\verified_library_resources\release\verifyReleaseResources\compiled\drawable_ripple_effect.xml.flat
Compiling image file C:\Users\dctm1\YongStudyApp\node_modules\react-native-pager-view\android\build\intermediates\merged_res\release\mergeReleaseResources\drawable-hdpi-v4\ic_call_answer_video.png
Compiling file C:\Users\dctm1\YongStudyApp\node_modules\react-native-pager-view\android\build\intermediates\merged_res\release\mergeReleaseResources\drawable-hdpi-v4\ic_call_answer_video.png to C:\Users\dctm1\YongStudyApp\node_modules\react-native-pager-view\android\build\intermediates\verified_library_resources\release\verifyReleaseResources\compiled\drawable-hdpi-v4_ic_call_answer_video.png.flat
Compiling image file C:\Users\dctm1\YongStudyApp\node_modules\react-native-pager-view\android\build\intermediates\merged_res\release\mergeReleaseResources\drawable-ldpi-v4\ic_call_decline_low.png
Compiling file C:\Users\dctm1\YongStudyApp\node_modules\react-native-pager-view\android\build\intermediates\merged_res\release\mergeReleaseResources\drawable-ldpi-v4\ic_call_decline_low.png to C:\Users\dctm1\YongStudyApp\node_modules\react-native-pager-view\android\build\intermediates\verified_library_resources\release\verifyReleaseResources\compiled\drawable-ldpi-v4_ic_call_decline_low.png.flat
Compiling image file C:\Users\dctm1\YongStudyApp\node_modules\react-native-pager-view\android\build\intermediates\merged_res\release\mergeReleaseResources\drawable-hdpi-v4\abc_btn_radio_to_on_mtrl_000.png
Compiling file C:\Users\dctm1\YongStudyApp\node_modules\react-native-pager-view\android\build\intermediates\merged_res\release\mergeReleaseResources\drawable-hdpi-v4\abc_btn_radio_to_on_mtrl_000.png to C:\Users\dctm1\YongStudyApp\node_modules\react-native-pager-view\android\build\intermediates\verified_library_resources\release\verifyReleaseResources\compiled\drawable-hdpi-v4_abc_btn_radio_to_on_mtrl_000.png.flat
Compiling xml file C:\Users\dctm1\YongStudyApp\node_modules\react-native-pager-view\android\build\intermediates\merged_res\release\mergeReleaseResources\animator\fragment_close_enter.xml to C:\Users\dctm1\YongStudyApp\node_modules\react-native-pager-view\android\build\intermediates\verified_library_resources\release\verifyReleaseResources\compiled\animator_fragment_close_enter.xml.flat
Compiling image file C:\Users\dctm1\YongStudyApp\node_modules\react-native-pager-view\android\build\intermediates\merged_res\release\mergeReleaseResources\drawable-mdpi-v4\ic_call_answer.png
Compiling file C:\Users\dctm1\YongStudyApp\node_modules\react-native-pager-view\android\build\intermediates\merged_res\release\mergeReleaseResources\drawable-mdpi-v4\ic_call_answer.png to C:\Users\dctm1\YongStudyApp\node_modules\react-native-pager-view\android\build\intermediates\verified_library_resources\release\verifyReleaseResources\compiled\drawable-mdpi-v4_ic_call_answer.png.flat
Compiling image file C:\Users\dctm1\YongStudyApp\node_modules\react-native-pager-view\android\build\intermediates\merged_res\release\mergeReleaseResources\drawable-hdpi-v4\ic_call_answer_video_low.png
Compiling file C:\Users\dctm1\YongStudyApp\node_modules\react-native-pager-view\android\build\intermediates\merged_res\release\mergeReleaseResources\drawable-hdpi-v4\ic_call_answer_video_low.png to C:\Users\dctm1\YongStudyApp\node_modules\react-native-pager-view\android\build\intermediates\verified_library_resources\release\verifyReleaseResources\compiled\drawable-hdpi-v4_ic_call_answer_video_low.png.flat
Compiling xml file C:\Users\dctm1\YongStudyApp\node_modules\react-native-pager-view\android\build\intermediates\merged_res\release\mergeReleaseResources\drawable-v21\abc_list_divider_material.xml to C:\Users\dctm1\YongStudyApp\node_modules\react-native-pager-view\android\build\intermediates\verified_library_resources\release\verifyReleaseResources\compiled\drawable-v21_abc_list_divider_material.xml.flat
Compiling image file C:\Users\dctm1\YongStudyApp\node_modules\react-native-pager-view\android\build\intermediates\merged_res\release\mergeReleaseResources\drawable-mdpi-v4\abc_btn_check_to_on_mtrl_000.png
Compiling file C:\Users\dctm1\YongStudyApp\node_modules\react-native-pager-view\android\build\intermediates\merged_res\release\mergeReleaseResources\drawable-mdpi-v4\abc_btn_check_to_on_mtrl_000.png to C:\Users\dctm1\YongStudyApp\node_modules\react-native-pager-view\android\build\intermediates\verified_library_resources\release\verifyReleaseResources\compiled\drawable-mdpi-v4_abc_btn_check_to_on_mtrl_000.png.flat
Compiling xml file C:\Users\dctm1\YongStudyApp\node_modules\react-native-pager-view\android\build\intermediates\merged_res\release\mergeReleaseResources\color\abc_primary_text_material_dark.xml to C:\Users\dctm1\YongStudyApp\node_modules\react-native-pager-view\android\build\intermediates\verified_library_resources\release\verifyReleaseResources\compiled\color_abc_primary_text_material_dark.xml.flat
Compiling image file C:\Users\dctm1\YongStudyApp\node_modules\react-native-pager-view\android\build\intermediates\merged_res\release\mergeReleaseResources\drawable-mdpi-v4\ic_call_answer_low.png
Compiling file C:\Users\dctm1\YongStudyApp\node_modules\react-native-pager-view\android\build\intermediates\merged_res\release\mergeReleaseResources\drawable-mdpi-v4\ic_call_answer_low.png to C:\Users\dctm1\YongStudyApp\node_modules\react-native-pager-view\android\build\intermediates\verified_library_resources\release\verifyReleaseResources\compiled\drawable-mdpi-v4_ic_call_answer_low.png.flat
Compiling image file C:\Users\dctm1\YongStudyApp\node_modules\react-native-pager-view\android\build\intermediates\merged_res\release\mergeReleaseResources\drawable-xhdpi-v4\abc_scrubber_control_to_pressed_mtrl_005.png
Compiling file C:\Users\dctm1\YongStudyApp\node_modules\react-native-pager-view\android\build\intermediates\merged_res\release\mergeReleaseResources\drawable-xhdpi-v4\abc_scrubber_control_to_pressed_mtrl_005.png to C:\Users\dctm1\YongStudyApp\node_modules\react-native-pager-view\android\build\intermediates\verified_library_resources\release\verifyReleaseResources\compiled\drawable-xhdpi-v4_abc_scrubber_control_to_pressed_mtrl_005.png.flat
Compiling xml file C:\Users\dctm1\YongStudyApp\node_modules\react-native-pager-view\android\build\intermediates\merged_res\release\mergeReleaseResources\drawable-v21\notification_action_background.xml to C:\Users\dctm1\YongStudyApp\node_modules\react-native-pager-view\android\build\intermediates\verified_library_resources\release\verifyReleaseResources\compiled\drawable-v21_notification_action_background.xml.flat
Compiling image file C:\Users\dctm1\YongStudyApp\node_modules\react-native-pager-view\android\build\intermediates\merged_res\release\mergeReleaseResources\drawable-xxhdpi-v4\abc_btn_check_to_on_mtrl_000.png
Compiling file C:\Users\dctm1\YongStudyApp\node_modules\react-native-pager-view\android\build\intermediates\merged_res\release\mergeReleaseResources\drawable-xxhdpi-v4\abc_btn_check_to_on_mtrl_000.png to C:\Users\dctm1\YongStudyApp\node_modules\react-native-pager-view\android\build\intermediates\verified_library_resources\release\verifyReleaseResources\compiled\drawable-xxhdpi-v4_abc_btn_check_to_on_mtrl_000.png.flat
Compiling XML table C:\Users\dctm1\YongStudyApp\node_modules\react-native-pager-view\android\build\intermediates\merged_res\release\mergeReleaseResources\values-cs\values-cs.xml to C:\Users\dctm1\YongStudyApp\node_modules\react-native-pager-view\android\build\intermediates\verified_library_resources\release\verifyReleaseResources\compiled\values-cs_values-cs.arsc.flat
Compiling xml file C:\Users\dctm1\YongStudyApp\node_modules\react-native-pager-view\android\build\intermediates\merged_res\release\mergeReleaseResources\color-v23\abc_tint_edittext.xml to C:\Users\dctm1\YongStudyApp\node_modules\react-native-pager-view\android\build\intermediates\verified_library_resources\release\verifyReleaseResources\compiled\color-v23_abc_tint_edittext.xml.flat
Compiling image file C:\Users\dctm1\YongStudyApp\node_modules\react-native-pager-view\android\build\intermediates\merged_res\release\mergeReleaseResources\drawable-xxhdpi-v4\ic_call_answer_low.png
Compiling image file C:\Users\dctm1\YongStudyApp\node_modules\react-native-pager-view\android\build\intermediates\merged_res\release\mergeReleaseResources\drawable-xhdpi-v4\abc_text_select_handle_left_mtrl.png
Compiling file C:\Users\dctm1\YongStudyApp\node_modules\react-native-pager-view\android\build\intermediates\merged_res\release\mergeReleaseResources\drawable-xxhdpi-v4\ic_call_answer_low.png to C:\Users\dctm1\YongStudyApp\node_modules\react-native-pager-view\android\build\intermediates\verified_library_resources\release\verifyReleaseResources\compiled\drawable-xxhdpi-v4_ic_call_answer_low.png.flat
Compiling file C:\Users\dctm1\YongStudyApp\node_modules\react-native-pager-view\android\build\intermediates\merged_res\release\mergeReleaseResources\drawable-xhdpi-v4\abc_text_select_handle_left_mtrl.png to C:\Users\dctm1\YongStudyApp\node_modules\react-native-pager-view\android\build\intermediates\verified_library_resources\release\verifyReleaseResources\compiled\drawable-xhdpi-v4_abc_text_select_handle_left_mtrl.png.flat
Compiling image file C:\Users\dctm1\YongStudyApp\node_modules\react-native-pager-view\android\build\intermediates\merged_res\release\mergeReleaseResources\drawable-xxxhdpi-v4\abc_text_select_handle_left_mtrl.png
Compiling file C:\Users\dctm1\YongStudyApp\node_modules\react-native-pager-view\android\build\intermediates\merged_res\release\mergeReleaseResources\drawable-xxxhdpi-v4\abc_text_select_handle_left_mtrl.png to C:\Users\dctm1\YongStudyApp\node_modules\react-native-pager-view\android\build\intermediates\verified_library_resources\release\verifyReleaseResources\compiled\drawable-xxxhdpi-v4_abc_text_select_handle_left_mtrl.png.flat
Compiling XML table C:\Users\dctm1\YongStudyApp\node_modules\react-native-pager-view\android\build\intermediates\merged_res\release\mergeReleaseResources\values-et\values-et.xml to C:\Users\dctm1\YongStudyApp\node_modules\react-native-pager-view\android\build\intermediates\verified_library_resources\release\verifyReleaseResources\compiled\values-et_values-et.arsc.flat
Compiling image file C:\Users\dctm1\YongStudyApp\node_modules\react-native-pager-view\android\build\intermediates\merged_res\release\mergeReleaseResources\drawable-xxhdpi-v4\abc_btn_check_to_on_mtrl_015.png
Compiling file C:\Users\dctm1\YongStudyApp\node_modules\react-native-pager-view\android\build\intermediates\merged_res\release\mergeReleaseResources\drawable-xxhdpi-v4\abc_btn_check_to_on_mtrl_015.png to C:\Users\dctm1\YongStudyApp\node_modules\react-native-pager-view\android\build\intermediates\verified_library_resources\release\verifyReleaseResources\compiled\drawable-xxhdpi-v4_abc_btn_check_to_on_mtrl_015.png.flat
Compiling xml file C:\Users\dctm1\YongStudyApp\node_modules\react-native-pager-view\android\build\intermediates\merged_res\release\mergeReleaseResources\drawable\abc_ic_ab_back_material.xml to C:\Users\dctm1\YongStudyApp\node_modules\react-native-pager-view\android\build\intermediates\verified_library_resources\release\verifyReleaseResources\compiled\drawable_abc_ic_ab_back_material.xml.flat
Compiling xml file C:\Users\dctm1\YongStudyApp\node_modules\react-native-pager-view\android\build\intermediates\merged_res\release\mergeReleaseResources\interpolator\btn_checkbox_unchecked_mtrl_animation_interpolator_1.xml to C:\Users\dctm1\YongStudyApp\node_modules\react-native-pager-view\android\build\intermediates\verified_library_resources\release\verifyReleaseResources\compiled\interpolator_btn_checkbox_unchecked_mtrl_animation_interpolator_1.xml.flat
Compiling image file C:\Users\dctm1\YongStudyApp\node_modules\react-native-pager-view\android\build\intermediates\merged_res\release\mergeReleaseResources\drawable-xxhdpi-v4\ic_call_answer_video.png
Compiling file C:\Users\dctm1\YongStudyApp\node_modules\react-native-pager-view\android\build\intermediates\merged_res\release\mergeReleaseResources\drawable-xxhdpi-v4\ic_call_answer_video.png to C:\Users\dctm1\YongStudyApp\node_modules\react-native-pager-view\android\build\intermediates\verified_library_resources\release\verifyReleaseResources\compiled\drawable-xxhdpi-v4_ic_call_answer_video.png.flat
Compiling xml file C:\Users\dctm1\YongStudyApp\node_modules\react-native-pager-view\android\build\intermediates\merged_res\release\mergeReleaseResources\layout\abc_alert_dialog_button_bar_material.xml to C:\Users\dctm1\YongStudyApp\node_modules\react-native-pager-view\android\build\intermediates\verified_library_resources\release\verifyReleaseResources\compiled\layout_abc_alert_dialog_button_bar_material.xml.flat
Compiling xml file C:\Users\dctm1\YongStudyApp\node_modules\react-native-pager-view\android\build\intermediates\merged_res\release\mergeReleaseResources\drawable\abc_item_background_holo_dark.xml to C:\Users\dctm1\YongStudyApp\node_modules\react-native-pager-view\android\build\intermediates\verified_library_resources\release\verifyReleaseResources\compiled\drawable_abc_item_background_holo_dark.xml.flat
Compiling XML table C:\Users\dctm1\YongStudyApp\node_modules\react-native-pager-view\android\build\intermediates\merged_res\release\mergeReleaseResources\values-hu\values-hu.xml to C:\Users\dctm1\YongStudyApp\node_modules\react-native-pager-view\android\build\intermediates\verified_library_resources\release\verifyReleaseResources\compiled\values-hu_values-hu.arsc.flat
Compiling image file C:\Users\dctm1\YongStudyApp\node_modules\react-native-pager-view\android\build\intermediates\merged_res\release\mergeReleaseResources\drawable-xxxhdpi-v4\abc_text_select_handle_right_mtrl.png
Compiling file C:\Users\dctm1\YongStudyApp\node_modules\react-native-pager-view\android\build\intermediates\merged_res\release\mergeReleaseResources\drawable-xxxhdpi-v4\abc_text_select_handle_right_mtrl.png to C:\Users\dctm1\YongStudyApp\node_modules\react-native-pager-view\android\build\intermediates\verified_library_resources\release\verifyReleaseResources\compiled\drawable-xxxhdpi-v4_abc_text_select_handle_right_mtrl.png.flat
Compiling xml file C:\Users\dctm1\YongStudyApp\node_modules\react-native-pager-view\android\build\intermediates\merged_res\release\mergeReleaseResources\layout\abc_screen_content_include.xml to C:\Users\dctm1\YongStudyApp\node_modules\react-native-pager-view\android\build\intermediates\verified_library_resources\release\verifyReleaseResources\compiled\layout_abc_screen_content_include.xml.flat
Compiling xml file C:\Users\dctm1\YongStudyApp\node_modules\react-native-pager-view\android\build\intermediates\merged_res\release\mergeReleaseResources\drawable\abc_spinner_textfield_background_material.xml to C:\Users\dctm1\YongStudyApp\node_modules\react-native-pager-view\android\build\intermediates\verified_library_resources\release\verifyReleaseResources\compiled\drawable_abc_spinner_textfield_background_material.xml.flat
Compiling xml file C:\Users\dctm1\YongStudyApp\node_modules\react-native-pager-view\android\build\intermediates\merged_res\release\mergeReleaseResources\interpolator\btn_radio_to_off_mtrl_animation_interpolator_0.xml to C:\Users\dctm1\YongStudyApp\node_modules\react-native-pager-view\android\build\intermediates\verified_library_resources\release\verifyReleaseResources\compiled\interpolator_btn_radio_to_off_mtrl_animation_interpolator_0.xml.flat
Compiling xml file C:\Users\dctm1\YongStudyApp\node_modules\react-native-pager-view\android\build\intermediates\merged_res\release\mergeReleaseResources\layout\fps_view.xml to C:\Users\dctm1\YongStudyApp\node_modules\react-native-pager-view\android\build\intermediates\verified_library_resources\release\verifyReleaseResources\compiled\layout_fps_view.xml.flat
Compiling XML table C:\Users\dctm1\YongStudyApp\node_modules\react-native-pager-view\android\build\intermediates\merged_res\release\mergeReleaseResources\values-ky\values-ky.xml to C:\Users\dctm1\YongStudyApp\node_modules\react-native-pager-view\android\build\intermediates\verified_library_resources\release\verifyReleaseResources\compiled\values-ky_values-ky.arsc.flat
Compiling xml file C:\Users\dctm1\YongStudyApp\node_modules\react-native-pager-view\android\build\intermediates\merged_res\release\mergeReleaseResources\layout\abc_alert_dialog_material.xml to C:\Users\dctm1\YongStudyApp\node_modules\react-native-pager-view\android\build\intermediates\verified_library_resources\release\verifyReleaseResources\compiled\layout_abc_alert_dialog_material.xml.flat
Compiling xml file C:\Users\dctm1\YongStudyApp\node_modules\react-native-pager-view\android\build\intermediates\merged_res\release\mergeReleaseResources\layout\support_simple_spinner_dropdown_item.xml to C:\Users\dctm1\YongStudyApp\node_modules\react-native-pager-view\android\build\intermediates\verified_library_resources\release\verifyReleaseResources\compiled\layout_support_simple_spinner_dropdown_item.xml.flat
Compiling xml file C:\Users\dctm1\YongStudyApp\node_modules\react-native-pager-view\android\build\intermediates\merged_res\release\mergeReleaseResources\drawable\btn_radio_off_mtrl.xml to C:\Users\dctm1\YongStudyApp\node_modules\react-native-pager-view\android\build\intermediates\verified_library_resources\release\verifyReleaseResources\compiled\drawable_btn_radio_off_mtrl.xml.flat
Compiling xml file C:\Users\dctm1\YongStudyApp\node_modules\react-native-pager-view\android\build\intermediates\merged_res\release\mergeReleaseResources\layout\abc_screen_simple.xml to C:\Users\dctm1\YongStudyApp\node_modules\react-native-pager-view\android\build\intermediates\verified_library_resources\release\verifyReleaseResources\compiled\layout_abc_screen_simple.xml.flat
Compiling XML table C:\Users\dctm1\YongStudyApp\node_modules\react-native-pager-view\android\build\intermediates\merged_res\release\mergeReleaseResources\values-as\values-as.xml to C:\Users\dctm1\YongStudyApp\node_modules\react-native-pager-view\android\build\intermediates\verified_library_resources\release\verifyReleaseResources\compiled\values-as_values-as.arsc.flat
Compiling XML table C:\Users\dctm1\YongStudyApp\node_modules\react-native-pager-view\android\build\intermediates\merged_res\release\mergeReleaseResources\values-my\values-my.xml to C:\Users\dctm1\YongStudyApp\node_modules\react-native-pager-view\android\build\intermediates\verified_library_resources\release\verifyReleaseResources\compiled\values-my_values-my.arsc.flat
Compiling xml file C:\Users\dctm1\YongStudyApp\node_modules\react-native-pager-view\android\build\intermediates\merged_res\release\mergeReleaseResources\drawable\test_level_drawable.xml to C:\Users\dctm1\YongStudyApp\node_modules\react-native-pager-view\android\build\intermediates\verified_library_resources\release\verifyReleaseResources\compiled\drawable_test_level_drawable.xml.flat
Compiling xml file C:\Users\dctm1\YongStudyApp\node_modules\react-native-pager-view\android\build\intermediates\merged_res\release\mergeReleaseResources\layout\ime_base_split_test_activity.xml to C:\Users\dctm1\YongStudyApp\node_modules\react-native-pager-view\android\build\intermediates\verified_library_resources\release\verifyReleaseResources\compiled\layout_ime_base_split_test_activity.xml.flat
Compiling XML table C:\Users\dctm1\YongStudyApp\node_modules\react-native-pager-view\android\build\intermediates\merged_res\release\mergeReleaseResources\values-en-rAU\values-en-rAU.xml to C:\Users\dctm1\YongStudyApp\node_modules\react-native-pager-view\android\build\intermediates\verified_library_resources\release\verifyReleaseResources\compiled\values-en-rAU_values-en-rAU.arsc.flat
Compiling image file C:\Users\dctm1\YongStudyApp\node_modules\react-native-pager-view\android\build\intermediates\merged_res\release\mergeReleaseResources\drawable-hdpi-v4\abc_btn_radio_to_on_mtrl_015.png
Compiling file C:\Users\dctm1\YongStudyApp\node_modules\react-native-pager-view\android\build\intermediates\merged_res\release\mergeReleaseResources\drawable-hdpi-v4\abc_btn_radio_to_on_mtrl_015.png to C:\Users\dctm1\YongStudyApp\node_modules\react-native-pager-view\android\build\intermediates\verified_library_resources\release\verifyReleaseResources\compiled\drawable-hdpi-v4_abc_btn_radio_to_on_mtrl_015.png.flat
Compiling xml file C:\Users\dctm1\YongStudyApp\node_modules\react-native-pager-view\android\build\intermediates\merged_res\release\mergeReleaseResources\layout-v21\notification_action.xml to C:\Users\dctm1\YongStudyApp\node_modules\react-native-pager-view\android\build\intermediates\verified_library_resources\release\verifyReleaseResources\compiled\layout-v21_notification_action.xml.flat
Compiling XML table C:\Users\dctm1\YongStudyApp\node_modules\react-native-pager-view\android\build\intermediates\merged_res\release\mergeReleaseResources\values-ro\values-ro.xml to C:\Users\dctm1\YongStudyApp\node_modules\react-native-pager-view\android\build\intermediates\verified_library_resources\release\verifyReleaseResources\compiled\values-ro_values-ro.arsc.flat
Compiling XML table C:\Users\dctm1\YongStudyApp\node_modules\react-native-pager-view\android\build\intermediates\merged_res\release\mergeReleaseResources\values-fr\values-fr.xml to C:\Users\dctm1\YongStudyApp\node_modules\react-native-pager-view\android\build\intermediates\verified_library_resources\release\verifyReleaseResources\compiled\values-fr_values-fr.arsc.flat
Compiling image file C:\Users\dctm1\YongStudyApp\node_modules\react-native-pager-view\android\build\intermediates\merged_res\release\mergeReleaseResources\drawable-hdpi-v4\ic_call_decline.png
Compiling file C:\Users\dctm1\YongStudyApp\node_modules\react-native-pager-view\android\build\intermediates\merged_res\release\mergeReleaseResources\drawable-hdpi-v4\ic_call_decline.png to C:\Users\dctm1\YongStudyApp\node_modules\react-native-pager-view\android\build\intermediates\verified_library_resources\release\verifyReleaseResources\compiled\drawable-hdpi-v4_ic_call_decline.png.flat
Compiling XML table C:\Users\dctm1\YongStudyApp\node_modules\react-native-pager-view\android\build\intermediates\merged_res\release\mergeReleaseResources\values-az\values-az.xml to C:\Users\dctm1\YongStudyApp\node_modules\react-native-pager-view\android\build\intermediates\verified_library_resources\release\verifyReleaseResources\compiled\values-az_values-az.arsc.flat
Compiling XML table C:\Users\dctm1\YongStudyApp\node_modules\react-native-pager-view\android\build\intermediates\merged_res\release\mergeReleaseResources\values-it\values-it.xml to C:\Users\dctm1\YongStudyApp\node_modules\react-native-pager-view\android\build\intermediates\verified_library_resources\release\verifyReleaseResources\compiled\values-it_values-it.arsc.flat
Compiling image file C:\Users\dctm1\YongStudyApp\node_modules\react-native-pager-view\android\build\intermediates\merged_res\release\mergeReleaseResources\drawable-mdpi-v4\abc_btn_check_to_on_mtrl_015.png
Compiling file C:\Users\dctm1\YongStudyApp\node_modules\react-native-pager-view\android\build\intermediates\merged_res\release\mergeReleaseResources\drawable-mdpi-v4\abc_btn_check_to_on_mtrl_015.png to C:\Users\dctm1\YongStudyApp\node_modules\react-native-pager-view\android\build\intermediates\verified_library_resources\release\verifyReleaseResources\compiled\drawable-mdpi-v4_abc_btn_check_to_on_mtrl_015.png.flat
Compiling XML table C:\Users\dctm1\YongStudyApp\node_modules\react-native-pager-view\android\build\intermediates\merged_res\release\mergeReleaseResources\values-th\values-th.xml to C:\Users\dctm1\YongStudyApp\node_modules\react-native-pager-view\android\build\intermediates\verified_library_resources\release\verifyReleaseResources\compiled\values-th_values-th.arsc.flat
Compiling XML table C:\Users\dctm1\YongStudyApp\node_modules\react-native-pager-view\android\build\intermediates\merged_res\release\mergeReleaseResources\values-lo\values-lo.xml to C:\Users\dctm1\YongStudyApp\node_modules\react-native-pager-view\android\build\intermediates\verified_library_resources\release\verifyReleaseResources\compiled\values-lo_values-lo.arsc.flat
Compiling XML table C:\Users\dctm1\YongStudyApp\node_modules\react-native-pager-view\android\build\intermediates\merged_res\release\mergeReleaseResources\values-en-rCA\values-en-rCA.xml to C:\Users\dctm1\YongStudyApp\node_modules\react-native-pager-view\android\build\intermediates\verified_library_resources\release\verifyReleaseResources\compiled\values-en-rCA_values-en-rCA.arsc.flat
Compiling image file C:\Users\dctm1\YongStudyApp\node_modules\react-native-pager-view\android\build\intermediates\merged_res\release\mergeReleaseResources\drawable-mdpi-v4\ic_call_answer_video.png
Compiling file C:\Users\dctm1\YongStudyApp\node_modules\react-native-pager-view\android\build\intermediates\merged_res\release\mergeReleaseResources\drawable-mdpi-v4\ic_call_answer_video.png to C:\Users\dctm1\YongStudyApp\node_modules\react-native-pager-view\android\build\intermediates\verified_library_resources\release\verifyReleaseResources\compiled\drawable-mdpi-v4_ic_call_answer_video.png.flat
Compiling XML table C:\Users\dctm1\YongStudyApp\node_modules\react-native-pager-view\android\build\intermediates\merged_res\release\mergeReleaseResources\values-v24\values-v24.xml to C:\Users\dctm1\YongStudyApp\node_modules\react-native-pager-view\android\build\intermediates\verified_library_resources\release\verifyReleaseResources\compiled\values-v24_values-v24.arsc.flat
Compiling XML table C:\Users\dctm1\YongStudyApp\node_modules\react-native-pager-view\android\build\intermediates\merged_res\release\mergeReleaseResources\values-nl\values-nl.xml to C:\Users\dctm1\YongStudyApp\node_modules\react-native-pager-view\android\build\intermediates\verified_library_resources\release\verifyReleaseResources\compiled\values-nl_values-nl.arsc.flat
Compiling XML table C:\Users\dctm1\YongStudyApp\node_modules\react-native-pager-view\android\build\intermediates\merged_res\release\mergeReleaseResources\values-fr-rCA\values-fr-rCA.xml to C:\Users\dctm1\YongStudyApp\node_modules\react-native-pager-view\android\build\intermediates\verified_library_resources\release\verifyReleaseResources\compiled\values-fr-rCA_values-fr-rCA.arsc.flat
Compiling xml file C:\Users\dctm1\YongStudyApp\node_modules\react-native-pager-view\android\build\intermediates\merged_res\release\mergeReleaseResources\drawable-v23\abc_control_background_material.xml to C:\Users\dctm1\YongStudyApp\node_modules\react-native-pager-view\android\build\intermediates\verified_library_resources\release\verifyReleaseResources\compiled\drawable-v23_abc_control_background_material.xml.flat
Compiling xml file C:\Users\dctm1\YongStudyApp\node_modules\react-native-pager-view\android\build\intermediates\merged_res\release\mergeReleaseResources\xml\rn_dev_preferences.xml to C:\Users\dctm1\YongStudyApp\node_modules\react-native-pager-view\android\build\intermediates\verified_library_resources\release\verifyReleaseResources\compiled\xml_rn_dev_preferences.xml.flat
Compiling XML table C:\Users\dctm1\YongStudyApp\node_modules\react-native-pager-view\android\build\intermediates\merged_res\release\mergeReleaseResources\values-sl\values-sl.xml to C:\Users\dctm1\YongStudyApp\node_modules\react-native-pager-view\android\build\intermediates\verified_library_resources\release\verifyReleaseResources\compiled\values-sl_values-sl.arsc.flat
Compiling xml file C:\Users\dctm1\YongStudyApp\node_modules\react-native-pager-view\android\build\intermediates\merged_res\release\mergeReleaseResources\anim\abc_popup_exit.xml to C:\Users\dctm1\YongStudyApp\node_modules\react-native-pager-view\android\build\intermediates\verified_library_resources\release\verifyReleaseResources\compiled\anim_abc_popup_exit.xml.flat
Compiling XML table C:\Users\dctm1\YongStudyApp\node_modules\react-native-pager-view\android\build\intermediates\merged_res\release\mergeReleaseResources\values-iw\values-iw.xml to C:\Users\dctm1\YongStudyApp\node_modules\react-native-pager-view\android\build\intermediates\verified_library_resources\release\verifyReleaseResources\compiled\values-iw_values-iw.arsc.flat
Compiling image file C:\Users\dctm1\YongStudyApp\node_modules\react-native-pager-view\android\build\intermediates\merged_res\release\mergeReleaseResources\drawable-xhdpi-v4\abc_text_select_handle_middle_mtrl.png
Compiling file C:\Users\dctm1\YongStudyApp\node_modules\react-native-pager-view\android\build\intermediates\merged_res\release\mergeReleaseResources\drawable-xhdpi-v4\abc_text_select_handle_middle_mtrl.png to C:\Users\dctm1\YongStudyApp\node_modules\react-native-pager-view\android\build\intermediates\verified_library_resources\release\verifyReleaseResources\compiled\drawable-xhdpi-v4_abc_text_select_handle_middle_mtrl.png.flat
Compiling XML table C:\Users\dctm1\YongStudyApp\node_modules\react-native-pager-view\android\build\intermediates\merged_res\release\mergeReleaseResources\values-ur\values-ur.xml to C:\Users\dctm1\YongStudyApp\node_modules\react-native-pager-view\android\build\intermediates\verified_library_resources\release\verifyReleaseResources\compiled\values-ur_values-ur.arsc.flat
Compiling xml file C:\Users\dctm1\YongStudyApp\node_modules\react-native-pager-view\android\build\intermediates\merged_res\release\mergeReleaseResources\anim\btn_checkbox_to_unchecked_check_path_merged_animation.xml to C:\Users\dctm1\YongStudyApp\node_modules\react-native-pager-view\android\build\intermediates\verified_library_resources\release\verifyReleaseResources\compiled\anim_btn_checkbox_to_unchecked_check_path_merged_animation.xml.flat
Compiling XML table C:\Users\dctm1\YongStudyApp\node_modules\react-native-pager-view\android\build\intermediates\merged_res\release\mergeReleaseResources\values-lt\values-lt.xml to C:\Users\dctm1\YongStudyApp\node_modules\react-native-pager-view\android\build\intermediates\verified_library_resources\release\verifyReleaseResources\compiled\values-lt_values-lt.arsc.flat
Compiling image file C:\Users\dctm1\YongStudyApp\node_modules\react-native-pager-view\android\build\intermediates\merged_res\release\mergeReleaseResources\drawable-xxhdpi-v4\abc_btn_radio_to_on_mtrl_000.png
Compiling file C:\Users\dctm1\YongStudyApp\node_modules\react-native-pager-view\android\build\intermediates\merged_res\release\mergeReleaseResources\drawable-xxhdpi-v4\abc_btn_radio_to_on_mtrl_000.png to C:\Users\dctm1\YongStudyApp\node_modules\react-native-pager-view\android\build\intermediates\verified_library_resources\release\verifyReleaseResources\compiled\drawable-xxhdpi-v4_abc_btn_radio_to_on_mtrl_000.png.flat
Compiling XML table C:\Users\dctm1\YongStudyApp\node_modules\react-native-pager-view\android\build\intermediates\merged_res\release\mergeReleaseResources\values-vi\values-vi.xml to C:\Users\dctm1\YongStudyApp\node_modules\react-native-pager-view\android\build\intermediates\verified_library_resources\release\verifyReleaseResources\compiled\values-vi_values-vi.arsc.flat
Compiling xml file C:\Users\dctm1\YongStudyApp\node_modules\react-native-pager-view\android\build\intermediates\merged_res\release\mergeReleaseResources\anim\catalyst_slide_down.xml to C:\Users\dctm1\YongStudyApp\node_modules\react-native-pager-view\android\build\intermediates\verified_library_resources\release\verifyReleaseResources\compiled\anim_catalyst_slide_down.xml.flat
Compiling XML table C:\Users\dctm1\YongStudyApp\node_modules\react-native-pager-view\android\build\intermediates\merged_res\release\mergeReleaseResources\values-or\values-or.xml to C:\Users\dctm1\YongStudyApp\node_modules\react-native-pager-view\android\build\intermediates\verified_library_resources\release\verifyReleaseResources\compiled\values-or_values-or.arsc.flat
Compiling image file C:\Users\dctm1\YongStudyApp\node_modules\react-native-pager-view\android\build\intermediates\merged_res\release\mergeReleaseResources\drawable-xxhdpi-v4\ic_call_answer_video_low.png
Compiling file C:\Users\dctm1\YongStudyApp\node_modules\react-native-pager-view\android\build\intermediates\merged_res\release\mergeReleaseResources\drawable-xxhdpi-v4\ic_call_answer_video_low.png to C:\Users\dctm1\YongStudyApp\node_modules\react-native-pager-view\android\build\intermediates\verified_library_resources\release\verifyReleaseResources\compiled\drawable-xxhdpi-v4_ic_call_answer_video_low.png.flat
Compiling xml file C:\Users\dctm1\YongStudyApp\node_modules\react-native-pager-view\android\build\intermediates\merged_res\release\mergeReleaseResources\color\abc_hint_foreground_material_light.xml to C:\Users\dctm1\YongStudyApp\node_modules\react-native-pager-view\android\build\intermediates\verified_library_resources\release\verifyReleaseResources\compiled\color_abc_hint_foreground_material_light.xml.flat
Compiling XML table C:\Users\dctm1\YongStudyApp\node_modules\react-native-pager-view\android\build\intermediates\merged_res\release\mergeReleaseResources\values-sq\values-sq.xml to C:\Users\dctm1\YongStudyApp\node_modules\react-native-pager-view\android\build\intermediates\verified_library_resources\release\verifyReleaseResources\compiled\values-sq_values-sq.arsc.flat
Compiling image file C:\Users\dctm1\YongStudyApp\node_modules\react-native-pager-view\android\build\intermediates\merged_res\release\mergeReleaseResources\drawable-xxxhdpi-v4\ic_call_answer.png
Compiling file C:\Users\dctm1\YongStudyApp\node_modules\react-native-pager-view\android\build\intermediates\merged_res\release\mergeReleaseResources\drawable-xxxhdpi-v4\ic_call_answer.png to C:\Users\dctm1\YongStudyApp\node_modules\react-native-pager-view\android\build\intermediates\verified_library_resources\release\verifyReleaseResources\compiled\drawable-xxxhdpi-v4_ic_call_answer.png.flat
Compiling xml file C:\Users\dctm1\YongStudyApp\node_modules\react-native-pager-view\android\build\intermediates\merged_res\release\mergeReleaseResources\interpolator\btn_radio_to_on_mtrl_animation_interpolator_0.xml to C:\Users\dctm1\YongStudyApp\node_modules\react-native-pager-view\android\build\intermediates\verified_library_resources\release\verifyReleaseResources\compiled\interpolator_btn_radio_to_on_mtrl_animation_interpolator_0.xml.flat
Compiling xml file C:\Users\dctm1\YongStudyApp\node_modules\react-native-pager-view\android\build\intermediates\merged_res\release\mergeReleaseResources\color-v23\abc_color_highlight_material.xml to C:\Users\dctm1\YongStudyApp\node_modules\react-native-pager-view\android\build\intermediates\verified_library_resources\release\verifyReleaseResources\compiled\color-v23_abc_color_highlight_material.xml.flat
Compiling XML table C:\Users\dctm1\YongStudyApp\node_modules\react-native-pager-view\android\build\intermediates\merged_res\release\mergeReleaseResources\values-uz\values-uz.xml to C:\Users\dctm1\YongStudyApp\node_modules\react-native-pager-view\android\build\intermediates\verified_library_resources\release\verifyReleaseResources\compiled\values-uz_values-uz.arsc.flat
Compiling xml file C:\Users\dctm1\YongStudyApp\node_modules\react-native-pager-view\android\build\intermediates\merged_res\release\mergeReleaseResources\layout\abc_alert_dialog_title_material.xml to C:\Users\dctm1\YongStudyApp\node_modules\react-native-pager-view\android\build\intermediates\verified_library_resources\release\verifyReleaseResources\compiled\layout_abc_alert_dialog_title_material.xml.flat
Compiling XML table C:\Users\dctm1\YongStudyApp\node_modules\react-native-pager-view\android\build\intermediates\merged_res\release\mergeReleaseResources\values-watch-v20\values-watch-v20.xml to C:\Users\dctm1\YongStudyApp\node_modules\react-native-pager-view\android\build\intermediates\verified_library_resources\release\verifyReleaseResources\compiled\values-watch-v20_values-watch-v20.arsc.flat
Compiling xml file C:\Users\dctm1\YongStudyApp\node_modules\react-native-pager-view\android\build\intermediates\merged_res\release\mergeReleaseResources\drawable\abc_btn_radio_material_anim.xml to C:\Users\dctm1\YongStudyApp\node_modules\react-native-pager-view\android\build\intermediates\verified_library_resources\release\verifyReleaseResources\compiled\drawable_abc_btn_radio_material_anim.xml.flat
Compiling xml file C:\Users\dctm1\YongStudyApp\node_modules\react-native-pager-view\android\build\intermediates\merged_res\release\mergeReleaseResources\layout\abc_screen_simple_overlay_action_mode.xml to C:\Users\dctm1\YongStudyApp\node_modules\react-native-pager-view\android\build\intermediates\verified_library_resources\release\verifyReleaseResources\compiled\layout_abc_screen_simple_overlay_action_mode.xml.flat
Compiling xml file C:\Users\dctm1\YongStudyApp\node_modules\react-native-pager-view\android\build\intermediates\merged_res\release\mergeReleaseResources\drawable\abc_ic_menu_share_mtrl_alpha.xml to C:\Users\dctm1\YongStudyApp\node_modules\react-native-pager-view\android\build\intermediates\verified_library_resources\release\verifyReleaseResources\compiled\drawable_abc_ic_menu_share_mtrl_alpha.xml.flat
Compiling xml file C:\Users\dctm1\YongStudyApp\node_modules\react-native-pager-view\android\build\intermediates\merged_res\release\mergeReleaseResources\layout\ime_secondary_split_test_activity.xml to C:\Users\dctm1\YongStudyApp\node_modules\react-native-pager-view\android\build\intermediates\verified_library_resources\release\verifyReleaseResources\compiled\layout_ime_secondary_split_test_activity.xml.flat
Compiling xml file C:\Users\dctm1\YongStudyApp\node_modules\react-native-pager-view\android\build\intermediates\merged_res\release\mergeReleaseResources\drawable\abc_seekbar_thumb_material.xml to C:\Users\dctm1\YongStudyApp\node_modules\react-native-pager-view\android\build\intermediates\verified_library_resources\release\verifyReleaseResources\compiled\drawable_abc_seekbar_thumb_material.xml.flat
Compiling xml file C:\Users\dctm1\YongStudyApp\node_modules\react-native-pager-view\android\build\intermediates\merged_res\release\mergeReleaseResources\layout-v21\notification_action_tombstone.xml to C:\Users\dctm1\YongStudyApp\node_modules\react-native-pager-view\android\build\intermediates\verified_library_resources\release\verifyReleaseResources\compiled\layout-v21_notification_action_tombstone.xml.flat
Compiling xml file C:\Users\dctm1\YongStudyApp\node_modules\react-native-pager-view\android\build\intermediates\merged_res\release\mergeReleaseResources\drawable\btn_checkbox_checked_to_unchecked_mtrl_animation.xml to C:\Users\dctm1\YongStudyApp\node_modules\react-native-pager-view\android\build\intermediates\verified_library_resources\release\verifyReleaseResources\compiled\drawable_btn_checkbox_checked_to_unchecked_mtrl_animation.xml.flat
Compiling XML table C:\Users\dctm1\YongStudyApp\node_modules\react-native-pager-view\android\build\intermediates\merged_res\release\mergeReleaseResources\values-b+sr+Latn\values-b+sr+Latn.xml to C:\Users\dctm1\YongStudyApp\node_modules\react-native-pager-view\android\build\intermediates\verified_library_resources\release\verifyReleaseResources\compiled\values-b+sr+Latn_values-b+sr+Latn.arsc.flat
Compiling xml file C:\Users\dctm1\YongStudyApp\node_modules\react-native-pager-view\android\build\intermediates\merged_res\release\mergeReleaseResources\drawable\paused_in_debugger_dialog_background.xml to C:\Users\dctm1\YongStudyApp\node_modules\react-native-pager-view\android\build\intermediates\verified_library_resources\release\verifyReleaseResources\compiled\drawable_paused_in_debugger_dialog_background.xml.flat
Compiling XML table C:\Users\dctm1\YongStudyApp\node_modules\react-native-pager-view\android\build\intermediates\merged_res\release\mergeReleaseResources\values-en-rGB\values-en-rGB.xml to C:\Users\dctm1\YongStudyApp\node_modules\react-native-pager-view\android\build\intermediates\verified_library_resources\release\verifyReleaseResources\compiled\values-en-rGB_values-en-rGB.arsc.flat
Compiling image file C:\Users\dctm1\YongStudyApp\node_modules\react-native-pager-view\android\build\intermediates\merged_res\release\mergeReleaseResources\drawable-hdpi-v4\abc_btn_check_to_on_mtrl_000.png
Compiling file C:\Users\dctm1\YongStudyApp\node_modules\react-native-pager-view\android\build\intermediates\merged_res\release\mergeReleaseResources\drawable-hdpi-v4\abc_btn_check_to_on_mtrl_000.png to C:\Users\dctm1\YongStudyApp\node_modules\react-native-pager-view\android\build\intermediates\verified_library_resources\release\verifyReleaseResources\compiled\drawable-hdpi-v4_abc_btn_check_to_on_mtrl_000.png.flat
Compiling XML table C:\Users\dctm1\YongStudyApp\node_modules\react-native-pager-view\android\build\intermediates\merged_res\release\mergeReleaseResources\values-gl\values-gl.xml to C:\Users\dctm1\YongStudyApp\node_modules\react-native-pager-view\android\build\intermediates\verified_library_resources\release\verifyReleaseResources\compiled\values-gl_values-gl.arsc.flat
Compiling image file C:\Users\dctm1\YongStudyApp\node_modules\react-native-pager-view\android\build\intermediates\merged_res\release\mergeReleaseResources\drawable-hdpi-v4\ic_call_answer_low.png
Compiling file C:\Users\dctm1\YongStudyApp\node_modules\react-native-pager-view\android\build\intermediates\merged_res\release\mergeReleaseResources\drawable-hdpi-v4\ic_call_answer_low.png to C:\Users\dctm1\YongStudyApp\node_modules\react-native-pager-view\android\build\intermediates\verified_library_resources\release\verifyReleaseResources\compiled\drawable-hdpi-v4_ic_call_answer_low.png.flat
Compiling image file C:\Users\dctm1\YongStudyApp\node_modules\react-native-pager-view\android\build\intermediates\merged_res\release\mergeReleaseResources\drawable-ldpi-v4\ic_call_decline.png
Compiling file C:\Users\dctm1\YongStudyApp\node_modules\react-native-pager-view\android\build\intermediates\merged_res\release\mergeReleaseResources\drawable-ldpi-v4\ic_call_decline.png to C:\Users\dctm1\YongStudyApp\node_modules\react-native-pager-view\android\build\intermediates\verified_library_resources\release\verifyReleaseResources\compiled\drawable-ldpi-v4_ic_call_decline.png.flat
Compiling image file C:\Users\dctm1\YongStudyApp\node_modules\react-native-pager-view\android\build\intermediates\merged_res\release\mergeReleaseResources\drawable-mdpi-v4\abc_text_select_handle_right_mtrl.png
Compiling file C:\Users\dctm1\YongStudyApp\node_modules\react-native-pager-view\android\build\intermediates\merged_res\release\mergeReleaseResources\drawable-mdpi-v4\abc_text_select_handle_right_mtrl.png to C:\Users\dctm1\YongStudyApp\node_modules\react-native-pager-view\android\build\intermediates\verified_library_resources\release\verifyReleaseResources\compiled\drawable-mdpi-v4_abc_text_select_handle_right_mtrl.png.flat
Compiling xml file C:\Users\dctm1\YongStudyApp\node_modules\react-native-pager-view\android\build\intermediates\merged_res\release\mergeReleaseResources\drawable-v21\abc_edit_text_material.xml to C:\Users\dctm1\YongStudyApp\node_modules\react-native-pager-view\android\build\intermediates\verified_library_resources\release\verifyReleaseResources\compiled\drawable-v21_abc_edit_text_material.xml.flat
Compiling image file C:\Users\dctm1\YongStudyApp\node_modules\react-native-pager-view\android\build\intermediates\merged_res\release\mergeReleaseResources\drawable-xhdpi-v4\abc_scrubber_control_to_pressed_mtrl_000.png
Compiling file C:\Users\dctm1\YongStudyApp\node_modules\react-native-pager-view\android\build\intermediates\merged_res\release\mergeReleaseResources\drawable-xhdpi-v4\abc_scrubber_control_to_pressed_mtrl_000.png to C:\Users\dctm1\YongStudyApp\node_modules\react-native-pager-view\android\build\intermediates\verified_library_resources\release\verifyReleaseResources\compiled\drawable-xhdpi-v4_abc_scrubber_control_to_pressed_mtrl_000.png.flat
Compiling image file C:\Users\dctm1\YongStudyApp\node_modules\react-native-pager-view\android\build\intermediates\merged_res\release\mergeReleaseResources\drawable-xhdpi-v4\notify_panel_notification_icon_bg.png
Compiling file C:\Users\dctm1\YongStudyApp\node_modules\react-native-pager-view\android\build\intermediates\merged_res\release\mergeReleaseResources\drawable-xhdpi-v4\notify_panel_notification_icon_bg.png to C:\Users\dctm1\YongStudyApp\node_modules\react-native-pager-view\android\build\intermediates\verified_library_resources\release\verifyReleaseResources\compiled\drawable-xhdpi-v4_notify_panel_notification_icon_bg.png.flat
Compiling image file C:\Users\dctm1\YongStudyApp\node_modules\react-native-pager-view\android\build\intermediates\merged_res\release\mergeReleaseResources\drawable-xxhdpi-v4\ic_call_answer.png
Compiling file C:\Users\dctm1\YongStudyApp\node_modules\react-native-pager-view\android\build\intermediates\merged_res\release\mergeReleaseResources\drawable-xxhdpi-v4\ic_call_answer.png to C:\Users\dctm1\YongStudyApp\node_modules\react-native-pager-view\android\build\intermediates\verified_library_resources\release\verifyReleaseResources\compiled\drawable-xxhdpi-v4_ic_call_answer.png.flat
Compiling XML table C:\Users\dctm1\YongStudyApp\node_modules\react-native-pager-view\android\build\intermediates\merged_res\release\mergeReleaseResources\values-ja\values-ja.xml to C:\Users\dctm1\YongStudyApp\node_modules\react-native-pager-view\android\build\intermediates\verified_library_resources\release\verifyReleaseResources\compiled\values-ja_values-ja.arsc.flat
Compiling image file C:\Users\dctm1\YongStudyApp\node_modules\react-native-pager-view\android\build\intermediates\merged_res\release\mergeReleaseResources\drawable-xxxhdpi-v4\abc_scrubber_control_to_pressed_mtrl_005.png
Compiling file C:\Users\dctm1\YongStudyApp\node_modules\react-native-pager-view\android\build\intermediates\merged_res\release\mergeReleaseResources\drawable-xxxhdpi-v4\abc_scrubber_control_to_pressed_mtrl_005.png to C:\Users\dctm1\YongStudyApp\node_modules\react-native-pager-view\android\build\intermediates\verified_library_resources\release\verifyReleaseResources\compiled\drawable-xxxhdpi-v4_abc_scrubber_control_to_pressed_mtrl_005.png.flat
Compiling xml file C:\Users\dctm1\YongStudyApp\node_modules\react-native-pager-view\android\build\intermediates\merged_res\release\mergeReleaseResources\interpolator\btn_checkbox_unchecked_mtrl_animation_interpolator_0.xml to C:\Users\dctm1\YongStudyApp\node_modules\react-native-pager-view\android\build\intermediates\verified_library_resources\release\verifyReleaseResources\compiled\interpolator_btn_checkbox_unchecked_mtrl_animation_interpolator_0.xml.flat
Compiling XML table C:\Users\dctm1\YongStudyApp\node_modules\react-native-pager-view\android\build\intermediates\merged_res\release\mergeReleaseResources\values-lv\values-lv.xml to C:\Users\dctm1\YongStudyApp\node_modules\react-native-pager-view\android\build\intermediates\verified_library_resources\release\verifyReleaseResources\compiled\values-lv_values-lv.arsc.flat
Compiling xml file C:\Users\dctm1\YongStudyApp\node_modules\react-native-pager-view\android\build\intermediates\merged_res\release\mergeReleaseResources\layout\abc_activity_chooser_view_list_item.xml to C:\Users\dctm1\YongStudyApp\node_modules\react-native-pager-view\android\build\intermediates\verified_library_resources\release\verifyReleaseResources\compiled\layout_abc_activity_chooser_view_list_item.xml.flat
Compiling XML table C:\Users\dctm1\YongStudyApp\node_modules\react-native-pager-view\android\build\intermediates\merged_res\release\mergeReleaseResources\values-pa\values-pa.xml to C:\Users\dctm1\YongStudyApp\node_modules\react-native-pager-view\android\build\intermediates\verified_library_resources\release\verifyReleaseResources\compiled\values-pa_values-pa.arsc.flat
Compiling xml file C:\Users\dctm1\YongStudyApp\node_modules\react-native-pager-view\android\build\intermediates\merged_res\release\mergeReleaseResources\layout\abc_popup_menu_item_layout.xml to C:\Users\dctm1\YongStudyApp\node_modules\react-native-pager-view\android\build\intermediates\verified_library_resources\release\verifyReleaseResources\compiled\layout_abc_popup_menu_item_layout.xml.flat
Compiling XML table C:\Users\dctm1\YongStudyApp\node_modules\react-native-pager-view\android\build\intermediates\merged_res\release\mergeReleaseResources\values-sr\values-sr.xml to C:\Users\dctm1\YongStudyApp\node_modules\react-native-pager-view\android\build\intermediates\verified_library_resources\release\verifyReleaseResources\compiled\values-sr_values-sr.arsc.flat
Compiling xml file C:\Users\dctm1\YongStudyApp\node_modules\react-native-pager-view\android\build\intermediates\merged_res\release\mergeReleaseResources\layout\dev_loading_view.xml to C:\Users\dctm1\YongStudyApp\node_modules\react-native-pager-view\android\build\intermediates\verified_library_resources\release\verifyReleaseResources\compiled\layout_dev_loading_view.xml.flat
Compiling XML table C:\Users\dctm1\YongStudyApp\node_modules\react-native-pager-view\android\build\intermediates\merged_res\release\mergeReleaseResources\values-v16\values-v16.xml to C:\Users\dctm1\YongStudyApp\node_modules\react-native-pager-view\android\build\intermediates\verified_library_resources\release\verifyReleaseResources\compiled\values-v16_values-v16.arsc.flat
Compiling xml file C:\Users\dctm1\YongStudyApp\node_modules\react-native-pager-view\android\build\intermediates\merged_res\release\mergeReleaseResources\layout\select_dialog_singlechoice_material.xml to C:\Users\dctm1\YongStudyApp\node_modules\react-native-pager-view\android\build\intermediates\verified_library_resources\release\verifyReleaseResources\compiled\layout_select_dialog_singlechoice_material.xml.flat
Compiling XML table C:\Users\dctm1\YongStudyApp\node_modules\react-native-pager-view\android\build\intermediates\merged_res\release\mergeReleaseResources\values-watch-v21\values-watch-v21.xml to C:\Users\dctm1\YongStudyApp\node_modules\react-native-pager-view\android\build\intermediates\verified_library_resources\release\verifyReleaseResources\compiled\values-watch-v21_values-watch-v21.arsc.flat
Compiling XML table C:\Users\dctm1\YongStudyApp\node_modules\react-native-pager-view\android\build\intermediates\merged_res\release\mergeReleaseResources\values-ar\values-ar.xml to C:\Users\dctm1\YongStudyApp\node_modules\react-native-pager-view\android\build\intermediates\verified_library_resources\release\verifyReleaseResources\compiled\values-ar_values-ar.arsc.flat
Compiling XML table C:\Users\dctm1\YongStudyApp\node_modules\react-native-pager-view\android\build\intermediates\merged_res\release\mergeReleaseResources\values-el\values-el.xml to C:\Users\dctm1\YongStudyApp\node_modules\react-native-pager-view\android\build\intermediates\verified_library_resources\release\verifyReleaseResources\compiled\values-el_values-el.arsc.flat
Compiling XML table C:\Users\dctm1\YongStudyApp\node_modules\react-native-pager-view\android\build\intermediates\merged_res\release\mergeReleaseResources\values-fi\values-fi.xml to C:\Users\dctm1\YongStudyApp\node_modules\react-native-pager-view\android\build\intermediates\verified_library_resources\release\verifyReleaseResources\compiled\values-fi_values-fi.arsc.flat
Compiling XML table C:\Users\dctm1\YongStudyApp\node_modules\react-native-pager-view\android\build\intermediates\merged_res\release\mergeReleaseResources\values-is\values-is.xml to C:\Users\dctm1\YongStudyApp\node_modules\react-native-pager-view\android\build\intermediates\verified_library_resources\release\verifyReleaseResources\compiled\values-is_values-is.arsc.flat
Compiling XML table C:\Users\dctm1\YongStudyApp\node_modules\react-native-pager-view\android\build\intermediates\merged_res\release\mergeReleaseResources\values-ldltr-v21\values-ldltr-v21.xml to C:\Users\dctm1\YongStudyApp\node_modules\react-native-pager-view\android\build\intermediates\verified_library_resources\release\verifyReleaseResources\compiled\values-ldltr-v21_values-ldltr-v21.arsc.flat
Compiling XML table C:\Users\dctm1\YongStudyApp\node_modules\react-native-pager-view\android\build\intermediates\merged_res\release\mergeReleaseResources\values-night-v8\values-night-v8.xml to C:\Users\dctm1\YongStudyApp\node_modules\react-native-pager-view\android\build\intermediates\verified_library_resources\release\verifyReleaseResources\compiled\values-night-v8_values-night-v8.arsc.flat
Compiling XML table C:\Users\dctm1\YongStudyApp\node_modules\react-native-pager-view\android\build\intermediates\merged_res\release\mergeReleaseResources\values-sk\values-sk.xml to C:\Users\dctm1\YongStudyApp\node_modules\react-native-pager-view\android\build\intermediates\verified_library_resources\release\verifyReleaseResources\compiled\values-sk_values-sk.arsc.flat
Compiling XML table C:\Users\dctm1\YongStudyApp\node_modules\react-native-pager-view\android\build\intermediates\merged_res\release\mergeReleaseResources\values-uk\values-uk.xml to C:\Users\dctm1\YongStudyApp\node_modules\react-native-pager-view\android\build\intermediates\verified_library_resources\release\verifyReleaseResources\compiled\values-uk_values-uk.arsc.flat
Compiling XML table C:\Users\dctm1\YongStudyApp\node_modules\react-native-pager-view\android\build\intermediates\merged_res\release\mergeReleaseResources\values-v28\values-v28.xml to C:\Users\dctm1\YongStudyApp\node_modules\react-native-pager-view\android\build\intermediates\verified_library_resources\release\verifyReleaseResources\compiled\values-v28_values-v28.arsc.flat

> Task :react-native-gesture-handler:buildCMakeRelWithDebInfo[armeabi-v7a]
C/C++: Received process result: 0
C/C++: check expected build outputs
C/C++: hard linked C:\Users\dctm1\.gradle\caches\8.14.3\transforms\145780e1d71abfdd0f73b65783049973\transformed\react-android-0.81.5-release\prefab\modules\reactnative\libs\android.armeabi-v7a\libreactnative.so to C:\Users\dctm1\YongStudyApp\node_modules\react-native-gesture-handler\android\build\intermediates\cxx\RelWithDebInfo\3g1v4027\obj\armeabi-v7a\libreactnative.so
C/C++: hard linked C:\Users\dctm1\.gradle\caches\8.14.3\transforms\145780e1d71abfdd0f73b65783049973\transformed\react-android-0.81.5-release\prefab\modules\jsi\libs\android.armeabi-v7a\libjsi.so to C:\Users\dctm1\YongStudyApp\node_modules\react-native-gesture-handler\android\build\intermediates\cxx\RelWithDebInfo\3g1v4027\obj\armeabi-v7a\libjsi.so
C/C++: hard linked C:\Users\dctm1\.gradle\caches\8.14.3\transforms\c4ed38aee617328a15ca67287b31027e\transformed\fbjni-0.7.0\prefab\modules\fbjni\libs\android.armeabi-v7a\libfbjni.so to C:\Users\dctm1\YongStudyApp\node_modules\react-native-gesture-handler\android\build\intermediates\cxx\RelWithDebInfo\3g1v4027\obj\armeabi-v7a\libfbjni.so
C/C++: hard linked C:\Users\dctm1\AppData\Local\Android\Sdk\ndk\27.1.12297006\toolchains\llvm\prebuilt\windows-x86_64\sysroot\usr\lib\arm-linux-androideabi\libc++_shared.so to C:\Users\dctm1\YongStudyApp\node_modules\react-native-gesture-handler\android\build\intermediates\cxx\RelWithDebInfo\3g1v4027\obj\armeabi-v7a\libc++_shared.so
C/C++: build complete

> Task :react-native-screens:buildCMakeRelWithDebInfo[armeabi-v7a]
C/C++: Received process result: 0
C/C++: check expected build outputs
C/C++: hard linked C:\Users\dctm1\.gradle\caches\8.14.3\transforms\145780e1d71abfdd0f73b65783049973\transformed\react-android-0.81.5-release\prefab\modules\reactnative\libs\android.armeabi-v7a\libreactnative.so to C:\Users\dctm1\YongStudyApp\node_modules\react-native-screens\android\build\intermediates\cxx\RelWithDebInfo\39466w2i\obj\armeabi-v7a\libreactnative.so
C/C++: hard linked C:\Users\dctm1\.gradle\caches\8.14.3\transforms\145780e1d71abfdd0f73b65783049973\transformed\react-android-0.81.5-release\prefab\modules\jsi\libs\android.armeabi-v7a\libjsi.so to C:\Users\dctm1\YongStudyApp\node_modules\react-native-screens\android\build\intermediates\cxx\RelWithDebInfo\39466w2i\obj\armeabi-v7a\libjsi.so
C/C++: hard linked C:\Users\dctm1\.gradle\caches\8.14.3\transforms\c4ed38aee617328a15ca67287b31027e\transformed\fbjni-0.7.0\prefab\modules\fbjni\libs\android.armeabi-v7a\libfbjni.so to C:\Users\dctm1\YongStudyApp\node_modules\react-native-screens\android\build\intermediates\cxx\RelWithDebInfo\39466w2i\obj\armeabi-v7a\libfbjni.so
C/C++: hard linked C:\Users\dctm1\AppData\Local\Android\Sdk\ndk\27.1.12297006\toolchains\llvm\prebuilt\windows-x86_64\sysroot\usr\lib\arm-linux-androideabi\libc++_shared.so to C:\Users\dctm1\YongStudyApp\node_modules\react-native-screens\android\build\intermediates\cxx\RelWithDebInfo\39466w2i\obj\armeabi-v7a\libc++_shared.so
C/C++: build complete

> Task :expo-modules-core:buildCMakeRelWithDebInfo[armeabi-v7a]
C/C++: Received process result: 0
C/C++: check expected build outputs
C/C++: hard linked C:\Users\dctm1\.gradle\caches\8.14.3\transforms\c4ed38aee617328a15ca67287b31027e\transformed\fbjni-0.7.0\prefab\modules\fbjni\libs\android.armeabi-v7a\libfbjni.so to C:\Users\dctm1\YongStudyApp\node_modules\expo-modules-core\android\build\intermediates\cxx\RelWithDebInfo\2i1t1r48\obj\armeabi-v7a\libfbjni.so
C/C++: hard linked C:\Users\dctm1\.gradle\caches\8.14.3\transforms\145780e1d71abfdd0f73b65783049973\transformed\react-android-0.81.5-release\prefab\modules\jsi\libs\android.armeabi-v7a\libjsi.so to C:\Users\dctm1\YongStudyApp\node_modules\expo-modules-core\android\build\intermediates\cxx\RelWithDebInfo\2i1t1r48\obj\armeabi-v7a\libjsi.so
C/C++: hard linked C:\Users\dctm1\.gradle\caches\8.14.3\transforms\145780e1d71abfdd0f73b65783049973\transformed\react-android-0.81.5-release\prefab\modules\reactnative\libs\android.armeabi-v7a\libreactnative.so to C:\Users\dctm1\YongStudyApp\node_modules\expo-modules-core\android\build\intermediates\cxx\RelWithDebInfo\2i1t1r48\obj\armeabi-v7a\libreactnative.so
C/C++: hard linked C:\Users\dctm1\AppData\Local\Android\Sdk\ndk\27.1.12297006\toolchains\llvm\prebuilt\windows-x86_64\sysroot\usr\lib\arm-linux-androideabi\libc++_shared.so to C:\Users\dctm1\YongStudyApp\node_modules\expo-modules-core\android\build\intermediates\cxx\RelWithDebInfo\2i1t1r48\obj\armeabi-v7a\libc++_shared.so
C/C++: build complete
Build 2dfbbf74-5e14-4641-960f-70e4ec605e21 is closed
Build 57d1b6fe-6225-42d4-af29-a81ced6b5c8a is closed
Build b86d6ede-ad44-4da6-946c-0524ac5b9454 is closed
AAPT2 aapt2-8.11.0-12782657-windows Daemon #0: shutdown
AAPT2 aapt2-8.11.0-12782657-windows Daemon #1: shutdown
AAPT2 aapt2-8.11.0-12782657-windows Daemon #2: shutdown
AAPT2 aapt2-8.11.0-12782657-windows Daemon #3: shutdown
Build 2df67345-0b49-4460-b296-73aa7e0239dc is closed

[Incubating] Problems report is available at: file:///C:/Users/dctm1/YongStudyApp/android/build/reports/problems/problems-report.html

FAILURE: Build failed with an exception.

* What went wrong:
Execution failed for task ':app:createBundleReleaseJsAndAssets'.
> Process 'command 'cmd'' finished with non-zero exit value 1

* Try:
> Run with --stacktrace option to get the stack trace.
> Run with --debug option to get more log output.
> Run with --scan to get full insights.
> Get more help at https://help.gradle.org.

Deprecated Gradle features were used in this build, making it incompatible with Gradle 9.0.

You can use '--warning-mode all' to show the individual deprecation warnings and determine if they come from your own scripts or plugins.

For more on this, please refer to https://docs.gradle.org/8.14.3/userguide/command_line_interface.html#sec:command_line_warnings in the Gradle documentation.

BUILD FAILED in 42s
291 actionable tasks: 69 executed, 222 up-to-date
Watched directory hierarchies: [C:\Users\dctm1\YongStudyApp\node_modules\expo-modules-core\expo-module-gradle-plugin, C:\Users\dctm1\YongStudyApp\node_modules\expo-modules-autolinking\android\expo-gradle-plugin, C:\Users\dctm1\YongStudyApp\node_modules\@react-native\gradle-plugin, C:\Users\dctm1\YongStudyApp\android]
